BusinessName,BusinessType,AddressLine1,AddressLine2,AddressLine3
3B's Cafe,Other catering premises,735 Oxford Road,Reading,
3Cs Cafe at St Johns Church,Restaurant/Cafe/Canteen,Gosbrook Road,Caversham,Reading
3sixty,Pub/bar/nightclub,Reading University Student' Union,Pepper Lane,Earley
6Pack Supplements,Distributors/Transporters,443 Oxford Road,Reading,
7 Day European Supermarket,Retailers - other,181 Oxford Road,Reading,
7 Day Local,Retailers - other,53 Basingstoke Road,Reading,
7 Flowers & Tea,Restaurant/Cafe/Canteen,4 Cross Street,Reading,
7 Rifles Reading,Other catering premises,Brock Barracks Oxford Road,Reading,
7 Seas Fresh Fish,Retailers - other,88 Oxford Road,Reading,
7p Aperitivo Ltd,Importers/Exporters,27 Rose Kiln Lane,Reading,
7th Heaven,Restaurant/Cafe/Canteen,101 Wokingham Road,Reading,
A&S News & Off Licence,Retailers - other,130 Great Knollys Street,Reading,
A4 Snackbar,Mobile caterer,Lay-by Next To Rising Sun Public House Bath Road,Woolhampton,Reading
Abbeycrest Nursing Home,Caring Premises,Essex Way,Sonning Common,Reading
Abbeyfield Lodge,Caring Premises,184 - 186 Reading Road South,Church Crookham,Fleet
Abbeyfield Wey Valley Society Maitland House,Caring Premises,11 Maitland Road,Reading,
Abbeymore Day Nursery,Caring Premises,161 Wokingham Road,Reading,Berkshire
ABM Catering at Checkendon Primary School,School/college/university,Checkendon Church Of England (A) Primary School Main Street,Checkendon,Reading
ABM Catering at Langtree School,School/college/university,Langtree Secondary School Reading Road,Woodcote,Reading
Accent Catering at Geoffrey Field Infant & Junior School,Other catering premises,Exbourne Road,Reading,
Ace Catering,Mobile caterer,87 Southcote Lane,Reading,
Acorns Day Nursery,Caring Premises,,532 Reading Road,Winnersh
Active Tots,Caring Premises,5 - 7 Granary Court,Fair Oak Green,Stratfield Saye
Ada Meyhane,Restaurant/Cafe/Canteen,3 - 5 Reading Road,Pangbourne,Reading
Admiral Casino,Retailers - other,93-98 Friar Street,Reading,
Adventure Dolphin Centre,Restaurant/Cafe/Canteen,Dolphin House Whitchurch Road,Pangbourne,Reading
Afghan Flavours,Takeaway/sandwich shop,40 Oxford Road,Reading,
Afghan Palace Reading,Restaurant/Cafe/Canteen,308 Oxford Road,Reading,
Age UK,Retailers - other,20a School Road,Tilehurst,Reading
Agnes Coffee Shop,Restaurant/Cafe/Canteen,184 Oxford Road,Reading,
Ahmed Chem Ltd,Retailers - other,71 Basingstoke Road,Reading,Berkshire
Ahmed Superstore,Retailers - supermarkets/hypermarkets,69-71 Whitley Street,Reading,
AK Superstore,Retailers - supermarkets/hypermarkets,41 Tilehurst Road,Reading,
AKA BBQ Station,Restaurant/Cafe/Canteen,55 St Marys Butts,Reading,
Al Forno,Restaurant/Cafe/Canteen,59 Reading Road,Henley-On-Thames,Oxon
Al Furqan Primary School,School/college/university,Reddings Lane,Springfield,Birmingham
Al-Furqan Community College,School/college/university,Reddings Lane,Springfield,Birmingham
Al-Quds,Retailers - other,27 De Beauvoir Road,Reading,
Al-Rehman General Store,Retailers - other,45 Cholmeley Road,Reading,
Alamin Tandoori,Takeaway/sandwich shop,75 Basingstoke Road,Reading,
Aldergrove Breakfast & ASC,Hotel/bed & breakfast/guest house,,Aldergrove Church of England,Shinfield
Aldermaston Oaks,Caring Premises,Aldermaston C. E. Primary School Wasing Lane,Aldermaston,Reading
Aldermaston Recreational Society,Pub/bar/nightclub,Awe Reading Road,Aldermaston,Reading
Aldermaston Stores,Retailers - other,Fishermans Cottage Fishermans Lane,Aldermaston,Reading
Aldi,Retailers - supermarkets/hypermarkets,Caversham Road,Reading,
Aldi,Retailers - supermarkets/hypermarkets,350 Basingstoke Road,Reading,
Aldi Stores Limited,Retailers - supermarkets/hypermarkets,Aldi Stores Bath Road,Calcot,Reading
Aldi Stores Ltd,Retailers - supermarkets/hypermarkets,Proctor End South,Reading,
All Nations Christian Centre,Restaurant/Cafe/Canteen,1 Berkeley Avenue,Reading,
Allotment Productions,Retailers - other,Unit 4a Paddock Road Industrial Estate Paddock Road,Reading,
Alper Kebabs Mobile Van outside National Tyres,Mobile caterer,196 Basingstoke Road,Reading,
Alto Lounge,Restaurant/Cafe/Canteen,30-32a Church Street,Caversham,Reading
Amazing Grace Afro Caribbean Shop,Retailers - other,391 Oxford Road,Reading,
Amazing Grace Superstore Ltd,Retailers - other,168 Oxford Road,Reading,
Ambrith Ltd,Manufacturers/packers,5 Martin Cooper Close,Caversham,Reading
Amee's Kitchen,Other catering premises,734-736 Oxford Road,Reading,
Amee's Kitchen,Other catering premises,232 Shinfield Road,Reading,
Amegreen Childrens Services,Caring Premises,18 Barn Owl Way,Burghfield Common,Reading
American Candy,Retailers - other,4a The Riverside,The Oracle,Reading
Amorino,Restaurant/Cafe/Canteen,37 Broad Street,Reading,
Amsterdam Selection,Retailers - other,17 Whitley Street,Reading,
AMT Coffee at Royal Berkshire Hospital,Restaurant/Cafe/Canteen,London Road,Reading,
Amò - Italian Street Food,Restaurant/Cafe/Canteen,Unit 2 2-4 Kings Road,Reading,
Anderson Hill Day Centre,Caring Premises,Blands Court Reading Road,Burghfield Common,Reading
Angel Bar,Pub/bar/nightclub,18 Prospect Street,Caversham,Reading
Angelos,Restaurant/Cafe/Canteen,9 Friars Walk Station Hill Reading,Reading,
ANJAPPAR Chettinad Indian Restaurant,Restaurant/Cafe/Canteen,74 Kings Road,Reading,
Annie's Snack Van,Mobile caterer,,Redding & Westquarter Unity Club,Redding Road
Anonymous Coffee Co at Thames Tower,Takeaway/sandwich shop,37-45 Station Road,Reading,
Antonio Maria,Mobile caterer,37 Church Road Caversham,Reading,
Anu's Dessert Café,Restaurant/Cafe/Canteen,40 Church Street Caversham,Reading,
Apollo Youth Club,Caring Premises,22-24 Mount Pleasant,Reading,
Aramark Salvation Army,Restaurant/Cafe/Canteen,Willow Street,Reading,
ARC Gym,Retailers - other,,136 Reading Road,Wokingham
Argos Ltd,Retailers - other,Savacentre Bath Road,Calcot,Reading
Artichoke Cafe,Restaurant/Cafe/Canteen,27A Reading Road,Pangbourne,Reading
Artisan Loaf Makers,Other catering premises,Britten Road,Reading,
Asda Express PFS Berkeley,Retailers - other,10 Berkeley Avenue,Reading,
Asda Express PFS Glenlands,Retailers - other,42 Reading Road South,Fleet,Hampshire
Asda Express Pinewood PFS,Retailers - other,Pinewood Service Station Reading Road,Burghfield Common,Reading
Asda Express Yateley Reading Road PFS,Retailers - supermarkets/hypermarkets,13 Reading Road,Yateley,
Asda Pangbourne - Pangbourne Service Station,Retailers - other,Pangbourne Service Station Reading Road,Pangbourne,Reading
Asda Service Station,Retailers - other,12/14 School Road,Tilehurst,Reading
Asda Superstore,Retailers - supermarkets/hypermarkets,67 Honey End Lane,Reading,Berkshire
Aseda Supermarkets,Retailers - supermarkets/hypermarkets,170 Oxford Road,Reading,
Ashanti Royale Restaurant and Catering Services,Restaurant/Cafe/Canteen,152 Oxford Road,Reading,
Asian Spice,Takeaway/sandwich shop,3 The Colonnade Overdown Road,Tilehurst,Reading
Asiana Spice,Restaurant/Cafe/Canteen,34 Reading Road,Henley-On-Thames,Oxon
Aspens @ Worle Community School,Other catering premises,,Redwing Drive,Worle
ASR Solutions Ltd,Distributors/Transporters,Unit 1 Meadow Road,Reading,
Atif Superstore,Retailers - other,481-483 Oxford Road,Reading,
Atlas Shawarma,Restaurant/Cafe/Canteen,349 Oxford Road,Reading,
Attimonosh,Takeaway/sandwich shop,120a Henley Road,Caversham,Reading
Auntie Anne's Pretzels at The Oracle,Takeaway/sandwich shop,Bridge Street,Reading,
Aurora Rowan School,School/college/university,Aurora Rowan School Dyson Wood,Tokers Green,Kidmore End Reading
Ava's Play Cafe,Restaurant/Cafe/Canteen,70 Reading Road South,Fleet,Hampshire
Avenue Food & Wine,Retailers - other,92 Northcourt Avenue,Reading,
Avilah Foods,Manufacturers/packers,535 Oxford Road,Reading,
Awberry Farm Events,Other catering premises,Awberry Farm The Green,Beenham,Reading
Aya's Home Kitchen,Other catering premises,48 Winton Road,Reading,
"Aylesbury, Chiltern & South Bucks Sports & Social Club",Other catering premises,270 Whitley Wood Road,Reading,
B and M Retail Ltd,Retailers - other,Unit 3 Savacentre Bath Road,Calcot,Reading
B&B,Mobile caterer,1 Whitchurch Road,Pangbourne,Reading
B&B Local Ltd,Retailers - other,62 Peppard Road,Sonning Common,Reading
B&M Home Store with Garden Centre,Retailers - other,709-731 Oxford Road,Reading,
B&M Store,Retailers - other,Units 3a & 3b Brunel Shopping Centre,Rose Kiln Lane,Reading
B&S Food and Wine LTD,Retailers - other,,Spencer Wood Store,Basingstoke Road
Baby Buddies Breakfast Club,School/college/university,,Polmont Playgroup,Redding Road
Back of Beyond,Pub/bar/nightclub,108 Kings Road,Reading,
Bagaara,Restaurant/Cafe/Canteen,256 Shinfield Road,Reading,
Bahgecha Restaurant,Restaurant/Cafe/Canteen,35 Clayhill Road,Burghfield Common,Reading
Bainton Reading Room,Other catering premises,Bainton Reading Room,Barnack Road,Bainton
Bakery House,Restaurant/Cafe/Canteen,82 London Street,Reading,
Bally Convenience Store,Retailers - other,2 Pell Street,Reading,
Banana Moon Day Nursery,Caring Premises,371 Gosbrook Road,Caversham,Reading
Banh Mi QB,Other catering premises,19-23 King Street,Reading,
Bar Iguana,Pub/bar/nightclub,11 St Marys Butts,Reading,
Bar+Block,Restaurant/Cafe/Canteen,Oakdene Court,613 Reading Road,Winnersh
Barn Owl Day Nursery,Caring Premises,Barn Owl Nursery Domus Oxford Road,Tilehurst,Reading
Barney's After School & Holiday Club,Caring Premises,The Reading Rooms The Reading Rooms Fox Street,,Great Gransden
Barrow Sixth Form College,School/college/university,Barrow In Furness Sixth Form C,Rating Lane,Barrow-In-Furness
Barry's Burger Bar,Mobile caterer,1 Scours Lane,Reading,
Basildon Extra,Caring Premises,Basildon C Of E Primary School School Lane,Upper Basildon,Reading
Basildon Park - National Trust Enterprises Ltd,Retailers - other,Basildon Park,Lower Basildon,Reading
Baweja Superstore,Retailers - other,,The Street,Hurst
Baxter Storey at Cisco Systems,Restaurant/Cafe/Canteen,300 Longwater Avenue,Reading,
Baxter Storey at Ernest and Young,Restaurant/Cafe/Canteen,2 Blagrave Street,Reading,
Baxter Storey at Visa Europe,Restaurant/Cafe/Canteen,41-45 Queens Road,Reading,
Baxterstorey - Apex Building,Restaurant/Cafe/Canteen,Forbury Road,Reading,
BaxterStorey - Deloitte,Restaurant/Cafe/Canteen,Abbots House Abbey Street,Reading,
Baxterstorey @ JLL Green Park,Restaurant/Cafe/Canteen,400 Brook Drive,Reading,
BaxterStorey at Campus Kitchen,Restaurant/Cafe/Canteen,Reading International Business Park,Reading,
BaxterStorey at One Station Hill,Restaurant/Cafe/Canteen,One Station Hill Garrard Street,Reading,
BaxterStorey CBRE Thames Hub,Other catering premises,250 Brook Drive,Reading,
Bays Peri Peri,Restaurant/Cafe/Canteen,6 West Street,Reading,
BB's Bakers & Baristas,Restaurant/Cafe/Canteen,Bridge Street,Reading,
Be At One,Restaurant/Cafe/Canteen,1 Gun Street,Reading,
Beacher Hall Nursing Home,Caring Premises,42 Bath Road,Reading,
Beenham Club,Pub/bar/nightclub,The Beenham Victory Hall Picklepythe Lane,Beenham,Reading
Beesknees Day Nursery,Caring Premises,97 Connaught Road,Reading,
Beijing,Takeaway/sandwich shop,,44 Redding Road,
Bella Italia at The Oracle / Super Nonna,Restaurant/Cafe/Canteen,Bridge Street,Reading,
Bellapizza and Kebab House,Restaurant/Cafe/Canteen,41 Clayhill Road,Burghfield Common,Reading
Ben's Cookies at The Oracle,Retailers - other,Bridge Street,Reading,
Berkeley Garden Day Nursery,Caring Premises,72 Berkeley Avenue,Reading,
Berkshire Kebab House Ltd,Takeaway/sandwich shop,15 High Street,Theale,Reading
Berkshire Meat Traders,Retailers - other,17 Deacon Way,Tilehurst,Reading
Berkshire Vision - West Berkshire East Socialeyes at Burghfield Village Hall,Pub/bar/nightclub,Burghfield Village Hall Recreation Road,Burghfield Common,Reading
Berries Coffee @ TG Gym,Restaurant/Cafe/Canteen,357 Reading Road,,Henley-On-Thames
Berrys at Walton,Restaurant/Cafe/Canteen,Walton Reading Room,,Walton
Best and Less Supermarket,Retailers - other,55 Basingstoke Road,Reading,
Best Foods,Retailers - other,129 Oxford Road,Reading,
Best Kebab House,Takeaway/sandwich shop,234c Shinfield Road,Reading,
Best One,Retailers - other,,487 Reading Road,Winnersh
Best One,Retailers - other,1a Nire Road,Caversham,Reading
Best Western Calcot Hotel,Hotel/bed & breakfast/guest house,Calcot Hotel Bath Road,Calcot,Reading
BETLEY READING ROOM,Other catering premises,The Reading Room,Main Road,Betley
"Better Cafe, Palmer Park",Restaurant/Cafe/Canteen,Wokingham Road,Reading,
Betty's Bistro,Restaurant/Cafe/Canteen,487 Oxford Road,Reading,
Bierhaus,Restaurant/Cafe/Canteen,8 Queens Walk,Reading,
Big Bazaar,Retailers - supermarkets/hypermarkets,13-17 London Road,Reading,
Big Bazaar,Retailers - other,67-69 Wokingham Road,Reading,
Big Bazaar,Retailers - supermarkets/hypermarkets,80 Tean House Havergate Way,Reading,
Big Bazaar,Retailers - supermarkets/hypermarkets,221 Shinfield Road,Reading,
Big Bazaar Halal Meat,Retailers - other,67-69 Wokingham Road,Reading,
Big Oaks,Caring Premises,Mortimer St Mary's C.e. Junior School The Street,Mortimer,Reading
Bilbo’s Travelling Tavern,Mobile caterer,55 Brooksby Road,Reading,
Bill's,Restaurant/Cafe/Canteen,Chain Street,Reading,Berkshire
Bina Continental Stores,Retailers - other,306 Oxford Road,Reading,
Bina Tandoori,Restaurant/Cafe/Canteen,21 Prospect Street,Caversham,Reading
Birch Bread,Retailers - other,14 - 16 Reading Road,Pangbourne,Reading
Birrells Bar,Pub/bar/nightclub,,46 Redding Road,
Biryani Boyzz,Takeaway/sandwich shop,63 Wokingham Road,Reading,
Biryani Boyzz,Restaurant/Cafe/Canteen,109 Oxford Road,Reading,
Biryani Mama Bar & Restaurant,Restaurant/Cafe/Canteen,64-65 St Marys Butts,Reading,
Biryanish,Restaurant/Cafe/Canteen,92 Oxford Road,Reading,
BJ's Luxury Bingo Club,Pub/bar/nightclub,Gillette Way,Reading,
BKRY,Retailers - other,47 Church Street,Caversham,Reading
Black Sheep Coffee,Restaurant/Cafe/Canteen,60 Broad Street,Reading,
Black Sheep Coffee,Takeaway/sandwich shop,1-3 Queen Victoria Street,Reading,
Blacks,Retailers - other,Chain Street,Reading,Berkshire
Blagrave Nursery,Caring Premises,Recreation Road,Tilehurst,Reading
Blip,Restaurant/Cafe/Canteen,8 Park Lane Tilehurst,Reading,
Blip (Reading Central),Takeaway/sandwich shop,Unit 49 Milford Road Reading,Reading,
Blue Collar Corner,Pub/bar/nightclub,15 Hosier Street,Reading,
Blueskys Trading,Retailers - other,27 Rose Kiln Lane,Reading,
Bo Wah,Takeaway/sandwich shop,85 Northumberland Avenue,Reading,
Boba Bloom,Restaurant/Cafe/Canteen,91 Erleigh Road,Reading,
Bodrum Corner Cafe,Restaurant/Cafe/Canteen,248a Shinfield Road,Reading,
Bodrum Kebab Mobile Van - Mr Nihat Umdu,Mobile caterer,223 Shinfield Road,Reading,
Boltons Rest Home,Caring Premises,4 College Road,Reading,
Bombay Brothers,Restaurant/Cafe/Canteen,King Street,Reading,
Bombay Punjabi,Takeaway/sandwich shop,100 Oxford Road,Reading,
Boom Battle Bar,Pub/bar/nightclub,12-14 Station Road,Reading,
Boost Juice Bars at The Oracle,Takeaway/sandwich shop,Bridge Street,Reading,
Boots UK Ltd,Retailers - other,47-48 Broad Street,Reading,
Boots UK Ltd,Retailers - other,Boots UK Ltd Unit 1C,Roaring Meg Retail Park,London Road
Boots UK Ltd,Retailers - other,45 Church Street,Caversham,Reading
Boots UK Ltd,Retailers - other,Unit 1 Savacentre Bath Road,Calcot,Reading
Boots UK Ltd at Reading Rail Station Concourse,Retailers - other,Station Approach,Reading,
Boots UK Ltd at The Oracle,Retailers - other,Bridge Street,Reading,Berkshire
Boston Central Racing Pigeon,Pub/bar/nightclub,Boston Central Racing Pigeon Club,91 Field Street,
Boswells Cafe at Broad St Mall,Restaurant/Cafe/Canteen,Broad Street,Reading,
Bow Guest House,Hotel/bed & breakfast/guest house,25 Russell Street,Reading,
Bowl Central,Restaurant/Cafe/Canteen,65 Caversham Road,Reading,
BP Calcot,Retailers - other,Calcot Filling Station Bath Road,Calcot,Reading
BP Leander Service Station,Retailers - other,182-184 Henley Road,Reading,Berkshire
BP Oil UK Ltd Eastbound,Retailers - other,Shop Area Filling Station,Burghfield,Reading
BP Oil UK Ltd Westbound,Retailers - other,Shop Area Filling Station,Burghfield,Reading
BP Reading Service Station,Retailers - other,69 London Road,Reading,
BP Triangle Garage,Retailers - other,,267 Reading Road,Winnersh
BP Weldale Connect,Retailers - other,324 Wokingham Road,Reading,
Bradfield College,Restaurant/Cafe/Canteen,Bradfield College Common Hill,Bradfield,Reading
Bradfield College - Faulkners Kitchen,Restaurant/Cafe/Canteen,Bradfield College Common Hill,Bradfield,Reading
Bradfield College - Stunt Pavilion,Restaurant/Cafe/Canteen,Bradfield College Common Hill,Bradfield,Reading
Bradfield Social Club,Pub/bar/nightclub,Bradfield Social Club Union Road,Bradfield,Reading
Bradleys,Restaurant/Cafe/Canteen,38 High Street,Theale,Reading
Braeburn Lodge Care Home,Caring Premises,Braeburn Lodge Care Home Bath Road,Beenham,Reading
Breakfast and After School Club,School/college/university,Silchester Road,Reading,
Breakfast Box Mobile Van,Mobile caterer,Rose Kiln Lane,Reading,
Bridge Baker,Restaurant/Cafe/Canteen,Coral Racing Ltd,99 - 101 Hammersmith Road,London
Bright Horizons Farnborough Day Nursery \& Preschool,Caring Premises,40 Reading Road,Farnborough,Hampshire
British Racing Drivers Club,Restaurant/Cafe/Canteen,Silverstone Motor Racing Circuit,Silverstone Circuit,Silverstone
Brookleas Fish Farm,Manufacturers/packers,Brookleas Fish Farm Reading Road,East Hendred,Wantage
BRS Education Ltd,School/college/university,The British Racing School,Snailwell Road,Newmarket
Bubble CiTea,Restaurant/Cafe/Canteen,Bridge Street,Reading,
Bubbleology Reading,Other catering premises,Bridge Street,Reading,
Bubbles Spa Car Wash,Restaurant/Cafe/Canteen,3 Reading Arch Road,Redhill,Surrey
Bucklebury Farm Ltd,Restaurant/Cafe/Canteen,Bucklebury Farm Park Pease Hill,Bucklebury,Reading
Budgens at Milestone Way Precinct,Retailers - supermarkets/hypermarkets,Milestone Way,Caversham,Reading
Buenasado,Restaurant/Cafe/Canteen,Bridge Street,Reading,
Burger and Chips,Mobile caterer,Willow Farm Reading Street,,Tenterden
Burger Den,Takeaway/sandwich shop,109a Oxford Road,Reading,
Burger King,Restaurant/Cafe/Canteen,Imperial Way,Reading,
Burger King,Restaurant/Cafe/Canteen,Burger King Unit 9,Roaring Meg Retail Park,London Road
Burger King At Moto Hospitality Eastbound,Restaurant/Cafe/Canteen,Burger King,Burghfield,Reading
"Burger King At Moto Services Reading, Westbound",Restaurant/Cafe/Canteen,Burger King (uk) Ltd,Burghfield,Reading
Burger King at Reading Rail Station Concourse,Restaurant/Cafe/Canteen,Station Approach,Reading,
Burger King Reading,Restaurant/Cafe/Canteen,8-9 St Marys Butts,Reading,
"Burghfield, Mortimer & District Foodbank",Retailers - other,Church Of St Oswald Abbey Park,Burghfield Common,Reading
Burniston And Cloughton Play Group,Caring Premises,The Reading Rooms High Street,Cloughton,
Busy Bees Nursery at Reading International,Caring Premises,A33 Relief Road,Reading,
Butts Kiosk Carpark Foyer at The Riverside The Oracle,Retailers - other,Bridge Street,Reading,
Butts Super News,Retailers - other,72 School Road,Tilehurst,Reading
Butts Today's Local,Retailers - other,145-147 The Meadway,Reading,
Byte Café,Restaurant/Cafe/Canteen,100 Longwater Avenue,Reading,
C.H.O.I.C.E. Ltd At Elliot House,Caring Premises,Elliot House,Reading Road North,FLEET
Cafe 12,Restaurant/Cafe/Canteen,143-145 Oxford Road,Reading,
Cafe 46,Restaurant/Cafe/Canteen,Chaddisbrook House,Reading Road,Yateley
Cafe Alive at Grange United Reform Church,Restaurant/Cafe/Canteen,Circuit Lane,Reading,
Cafe Le Raj,Restaurant/Cafe/Canteen,17 Reading Road,Henley-On-Thames,Oxon
Cafe Local,Restaurant/Cafe/Canteen,Platforms 8 & 9 Reading Railway Station,Reading,
Cafe Local,Restaurant/Cafe/Canteen,Royal Berkshire Hospital,London Road,Reading
Cafe Local at Platform 7  Reading Rail Station,Takeaway/sandwich shop,Station Approach,Reading,
Cafe Ritazza at Platform 10/11 Reading Rail Station,Restaurant/Cafe/Canteen,Station Approach,Reading,
Cafe Yolk,Restaurant/Cafe/Canteen,14 Wokingham Road,Reading,
Cafe Yolk,Restaurant/Cafe/Canteen,44 Erleigh Road,Reading,
Cafe2U (Reading West),Mobile caterer,Unit D Fronds Park Frouds Lane,Aldermaston,Reading
Caffe Nero,Restaurant/Cafe/Canteen,4-5 Broad Street,Reading,
Caffe Nero,Restaurant/Cafe/Canteen,75 Broad Street,Reading,
Caffe Nero at Apex Plaza,Restaurant/Cafe/Canteen,Forbury Road,Reading,
Caffe Nero at The Oracle,Restaurant/Cafe/Canteen,Bridge Street,Reading,
Cagneys Bar & Grill Ltd,Restaurant/Cafe/Canteen,Rydding Lane,West Bromwich,
Cake & Cream,Retailers - other,11-13 St Peters Road,Reading,
Cake and Beyond,Restaurant/Cafe/Canteen,2a Dunstall Close Tilehurst,Reading,
Cake Box,Mobile caterer,Broad Street Mall Broad Street,Reading,
Cake Box,Retailers - other,278 Oxford Road,Reading,
CakeCo,Takeaway/sandwich shop,1-9 Kings Road,Reading,
Cakes & More,Other catering premises,101 Wokingham Road,Reading,
Calcot Cottage,Caring Premises,42 Bath Road,Calcot,Reading
Calcot Junior School,School/college/university,Calcot Junior School Curtis Road,Calcot,Reading
Calcot Park Golf Club Ltd,Pub/bar/nightclub,Calcot Park Golf Club Calcot Park,Calcot,Reading
Calcutta Junction Kitchen,Other catering premises,Claydon Court Caversham,Reading,
Calebs Coffee At Calthorpe,Other catering premises,Caleb's Coffee,Calthorpe Park,Reading Road North
Calico Bar & Eatery at Hotel 1843,Pub/bar/nightclub,33 London Street,Reading,
Camp Beaumont at Elstree School,Caring Premises,Elstree School Woolhampton Hill,Upper Woolhampton,Reading
Campbell Place,Caring Premises,Reading Road North,Fleet,Hampshire
Camper Cafe,Mobile caterer,Myrtle Cottage Hardwick Road,Whitchurch On Thames,Reading
Capeesh,Mobile caterer,Pitch Outside 38/39 Broad Street,Reading,
Caprinos Pizza,Other catering premises,93 Wokingham Road,Reading,
Card Factory,Retailers - other,46 Broad Street,Reading,
Card Factory at Broad Street Mall,Retailers - other,Broad Street,Reading,
Carls Fish & Chips LIMITED,Takeaway/sandwich shop,17 Ridding Lane,Wednesbury,
Carluccios / Gourmet Burger,Restaurant/Cafe/Canteen,The Forbury,Reading,
Carmel's Ice Creams,Mobile caterer,Unit 9 Abbots Farm Sulhamstead Abbots Sulhamstead Road,Sulhamstead,Reading
Cater Link At Waltham St Lawrence Primary School,School/college/university,Waltham St Lawrence Primary School,School Road,Waltham St Lawrence
Caterlink @ Basildon C.E Primary School,School/college/university,Basildon C Of E Primary School School Lane,Upper Basildon,Reading
Caterlink @ Bilton Secondary School,School/college/university,Earley West,300 Thames Valley Park Drive,
Caterlink @ Birch Copse Primary School,School/college/university,Birch Copse Primary School Wittenham Avenue,Tilehurst,Reading
Caterlink @ Chetwynde,School/college/university,Our Ladys Chetwynde School,Rating Lane,Barrow-In-Furness
Caterlink @ Pangbourne Primary School,School/college/university,Pangbourne Primary School Kennedy Drive,Pangbourne,Reading
Caterlink @ Purley CofE School,School/college/university,Purley Church Of England Primary School Purley Village,Purley On Thames,Reading
Caterlink @ Springfield Primary School,School/college/university,Springfield Primary School Barton Road,Tilehurst,Reading
Caterlink @ Streatley C.E. (VC) School,School/college/university,Streatley Church Of England Voluntary Controlled School The Coombe,Streatley,Reading
Caterlink @ The Castle School Theale,School/college/university,The Castle At Theale Church Street,Theale,Reading
Caterlink at Alfred Sutton Primary School,School/college/university,148 Wokingham Road,Reading,
Caterlink at Caversham Childrens Centre,Caring Premises,114 Amersham Road,Caversham,Reading Berkshire
Caterlink at Caversham Park Primary,School/college/university,Queensway,Caversham,Reading
Caterlink at Caversham Primary School,School/college/university,Hemdean Road,Caversham,Reading
Caterlink at Christ The King RC Primary School,School/college/university,Lulworth Road,Reading,Berkshire
Caterlink at Coley Primary School,School/college/university,Wolseley Street,Reading,
Caterlink at Emmer Green Primary School,School/college/university,Grove Road,Emmer Green,Reading
Caterlink at English Martyrs RC Primary School,School/college/university,Dee Road,Tilehurst,Reading
Caterlink at EP Collier Primary School,School/college/university,91 York Road,Reading,
Caterlink at Holybrook Special School,School/college/university,145 Ashampstead Road,Reading,
Caterlink at Katesgrove Primary School,School/college/university,Dorothy Street,Reading,
Caterlink at Kendrick Girls School,School/college/university,41-43 London Road,Reading,
Caterlink at Kennet Day Nursery at Reading Borough Council,Caring Premises,2-10 Bridge Street,Reading,
Caterlink at Manor Primary School,School/college/university,110 Ashampstead Road,Reading,
Caterlink at Micklands Primary School,School/college/university,Micklands Road,Caversham,Reading
Caterlink at Moorlands Primary School,School/college/university,Church End Lane,Tilehurst,Reading
Caterlink at New Christ Church Primary School,School/college/university,Milman Road,Reading,Berkshire
Caterlink at New Town Primary School,School/college/university,School Terrace,Reading,
Caterlink at Oxford Road Primary,School/college/university,146 Oxford Road,Reading,
Caterlink at Park Lane Infants School,School/college/university,256 School Road,Tilehurst,Reading Berkshire
Caterlink at Park Lane Primary Junior School,School/college/university,130 School Road,Tilehurst,Reading
Caterlink at Redlands Primary School,School/college/university,Lydford Road,Reading,
Caterlink At Silchester Church Of England Primary School,School/college/university,Silchester C Of E Primary School,School Lane,Silchester
Caterlink at Southcote Primary School,School/college/university,Silchester Road,Reading,
Caterlink at St Anne's RC Primary School,School/college/university,Washington Road,Caversham,Reading
Caterlink at St John's CE Primary School,School/college/university,121-147 Orts Road,Reading,Berkshire
Caterlink at St Martins R C Primary School,School/college/university,Pendennis Avenue,Caversham,Reading
Caterlink at St Mary's & All Saints CE Primary School,School/college/university,149 Wensley Road,Reading,Berkshire
Caterlink at St Michaels Primary School,School/college/university,Dee Road,Tilehurst,Reading
Caterlink at Thameside Primary School,School/college/university,Harley Road,Caversham,Reading
Caterlink at The Hill Primary School,School/college/university,Peppard Road,Emmer Green,Reading
Caterlink at The Palmer Academy,School/college/university,70 Northumberland Avenue,Reading,Berkshire
Caterlink at The Ridgeway Primary School,School/college/university,Willow Gardens,Reading,
Caterlink at Theale Green School,School/college/university,Theale Green Community School Church Street,Theale,Reading
Caterlink at UTC Reading,School/college/university,Crescent Road,Reading,
Caterlink at Whitley Park Primary and Nursery School,School/college/university,Brixham Road,Reading,
Caterlink at Wilson Primary School,School/college/university,Wilson Road,Reading,Berkshire
Caterlink Ltd at Kennet Valley Primary School,School/college/university,Kennet Valley Primary School Carters Rise,Calcot,Reading
Caterplus at McCarthy & Stone Albert Court,Caring Premises,345 Reading Road,Henley-On-Thames,Oxon
Cats Protection - Tilehurst Charity Shop,Retailers - other,11 The Triangle,Tilehurst,Reading
Caversham Baptist Church,Other catering premises,South Street,Caversham,Reading
Caversham Bowling Club,Pub/bar/nightclub,Albert Road,Caversham,Reading Berkshire
Caversham Butcher,Retailers - other,39a Church Street,Caversham,Reading
Caversham Health & Fitness Club,Pub/bar/nightclub,Archway Road,Caversham,Reading
Caversham Local Food & Wine,Retailers - other,320 Hemdean Road,Caversham,Reading
Caversham Nursery School,Caring Premises,114 Amersham Road,Caversham,Reading
Caversham Park Primary School,School/college/university,Queensway,Caversham,Reading
Caversham Park Village Social Club,Pub/bar/nightclub,Milestone Way,Caversham,Reading
Caversham Pharmacy,Retailers - other,59a Hemdean Road,Caversham,Reading
Caversham Preparatory School,School/college/university,16 Peppard Road,Caversham,Reading
Caversham Tandoori,Takeaway/sandwich shop,15 Prospect Street Caversham,Reading,
Caversham Working Mens Club,Pub/bar/nightclub,36 Church Street,Caversham,Reading
Caviar Fresh Fish,Retailers - other,51 Whitley Street,Reading,
Cedar Lodge,Caring Premises,Cedar Lodge Care Home Eastfield Lane,Whitchurch-On-Thames,Reading
Cedars at Boot Farm Nursery,Caring Premises,Boot Farm Kindergarten Boot Farm Back Lane,Brimpton,Reading
Cedars Day Nursery and Preschool,Caring Premises,The Cedars School Church Road,Aldermaston,Reading
Cellar & Glass Limited,Retailers - other,27 Rose Kiln Lane,Reading,
Cerealworks,Restaurant/Cafe/Canteen,University Of Reading,Whiteknights Road,Earley
Chaaye Paani,Other catering premises,Moulsford Mews,Reading,
Chaddleworth B&B,Hotel/bed & breakfast/guest house,Chaddleworth,Streatley,Reading
Chaiiwala Reading,Restaurant/Cafe/Canteen,140-142 Wokingham Road,Reading,
Chalkhouse Nursery Waterside,Caring Premises,,600 Thames Valley Park Drive,Reading
Chana Stores,Retailers - other,4 Whitehouse Road,Woodcote,Reading
Chandni Kiosk,Retailers - other,161 Friar Street,Reading,
Charles Clore Court at  A2dominion,Caring Premises,Appleford Road,Reading,
Chartwells at Battle Primary School,School/college/university,Cranbury Road,Reading,
Chartwells at Kings Academy Prospect,School/college/university,Cockney Hill,Tilehurst,Reading
Chartwells at Reading Girls School,School/college/university,Northumberland Avenue,Reading,
Chase doughnuts,Mobile caterer,273 Norcot Road,Reading,
Checkendon After School Club,School/college/university,Checkendon Church Of England (A) Primary School Main Street,Checkendon,Reading
Checkendon Equestrian Centre Ltd,Retailers - other,Lovegroves Lane,Checkendon,Reading
Checkendon Pre-School,Caring Premises,Checkendon Village Hall,Checkendon,Reading
Chef Stevie's Caribbean Kitchen,Other catering premises,15 Highbridge Close,Caversham,Reading
Chefs Taste at The Butchers Arms,Restaurant/Cafe/Canteen,The Butchers Arms Blounts Court Road,Sonning Common,Reading
Cherry Lodge Guest House,Hotel/bed & breakfast/guest house,Reading Road,Mattingley,Hook
Chick Bunz,Restaurant/Cafe/Canteen,41 Wokingham Road,Reading,
Chicken Base,Takeaway/sandwich shop,144 Wokingham Road,Reading,
Chilis Indian Restaurant,Restaurant/Cafe/Canteen,2a & 3a Kings Walk,Kings Street,Reading
Chilis South Indian Restaurant,Restaurant/Cafe/Canteen,Unit 8a-9a & 11a Kings Walk King Street,Reading,
Chill Cup,Takeaway/sandwich shop,Unit 7a 19/23 King Street,Reading,
Chillim,Restaurant/Cafe/Canteen,598-600 Oxford Road,Reading,
Chillim,Restaurant/Cafe/Canteen,56 St Mary's Butts,Reading,
Chilmington House,Caring Premises,Armadale Court,Reading,
Chimney Court at A2Dominion,Caring Premises,Shilling Close,Reading,Berkshire
Chineham Indian Cuisine,Restaurant/Cafe/Canteen,1 Reading Road,Chineham,Basingstoke
Choice Care Group At Boxgrove House,Caring Premises,Boxgrove Little Heath Road,Tilehurst,Reading
Choice Care Group At Little Heath Court,Caring Premises,Little Heath Court Little Heath Road,Tilehurst,Reading
Choice Carrisbrooke,Caring Premises,341 Peppard Road,Emmer Green,Reading
Choice Ltd At Appletrees,Caring Premises,Appletrees Manor Farm Road,Chapel Row,Reading
Choice Ltd At Rowan Cottage,Caring Premises,Rowan Cottage Sulhamstead Road,Burghfield,Reading
Choice Parkview,Caring Premises,1 Armour Road,Tilehurst,Reading
Choice Peppard House,Caring Premises,45 Woodcote Road,Caversham,Reading
"Choice, Hazeldene",Caring Premises,129 Wantage Road,Reading,
Cholsey Cricket Club,Restaurant/Cafe/Canteen,The Cricket Pavilion Cholsey Meadows Reading Road,Cholsey,Wallingford Oxon
Chop Suey House,Takeaway/sandwich shop,679 Oxford Road,Reading,
Chopstix Noodle Bar,Restaurant/Cafe/Canteen,80 Broad Street,Reading,
Chow Asian Kitchen Westbound,Restaurant/Cafe/Canteen,Motorway Service Area,Burghfield,Reading
Chow Eastbound,Restaurant/Cafe/Canteen,Motorway Service Area,Burghfield,Reading
Christ Church,Restaurant/Cafe/Canteen,Reading Road,Chineham,Basingstoke
Christian Community Action Drop In Centre,Takeaway/sandwich shop,South Street,Caversham,Reading
Christians Together In Mission T/a Cafe B,Restaurant/Cafe/Canteen,Burghfield Common Methodist Church Reading Road,Burghfield Common,Reading
Christine's,Other catering premises,Oak Tree House 10 Spey Road,Reading,
Chubby's Mobile Van,Mobile caterer,468 Basingstoke Road,Reading,
Churchend Primary Academy,Restaurant/Cafe/Canteen,Usk Road,Tilehurst,Reading
Churchend Primary Academy Trust (Compass Group),School/college/university,Usk Road,Tilehurst,Reading
Churches In Reading Drop In Centre,Restaurant/Cafe/Canteen,Berkeley Avenue,Reading,
Cinnamon Tree,Restaurant/Cafe/Canteen,Cinnamon Tree The Street,Mortimer,Reading
Circle Reading,Caring Premises,100 Drake Way,Reading,
Clay's,Restaurant/Cafe/Canteen,22-24 Prospect Street,Caversham,Reading
Cleeve Lodge Ltd.,Caring Premises,Elmhurst Road,Goring,Reading
Cleverchefs Catering at Whitchurch Primary School,School/college/university,Eastfield Lane,Whitchurch On Thames,Reading
Cleverchefs Catering Limited at Sulhamstead and Ufton Nervet Primary School,School/college/university,Sulhamstead And Ufton Nervet Church Of England Voluntary Aided Primary School Church Lane,Ufton Nervet,Reading
Cleverchefs Catering Ltd at Burghfield St Mary's Church of England Primary School,School/college/university,Burghfield St Marys Church Of England Primary School Theale Road,Burghfield,Reading
Clip 'n Climb,Restaurant/Cafe/Canteen,The Grain Store Bridge Farm,Reading Road,Arborfield
Cloud Nine Candy Floss Art,Mobile caterer,2 James Street,Reading,
Club Era,Pub/bar/nightclub,16 Friar Street,Reading,
Club India,Restaurant/Cafe/Canteen,,355 Reading Road,Winnersh
Cmart Oriental Store,Retailers - other,1 St Marys Butts,Reading,
Co-op,Retailers - supermarkets/hypermarkets,9 - 15 Victoria Road,Mortimer Common,Reading
Co-operative Food,Retailers - other,Black Horse House University Of Reading,Shinfield Road,Reading
Co-operative Food,Retailers - supermarkets/hypermarkets,124 Henley Road,Caversham,Reading
Co-operative Food,Retailers - supermarkets/hypermarkets,29-35 School Road,Tilehurst,Reading
Co-operative Food,Retailers - supermarkets/hypermarkets,100 South View Avenue,Caversham,Reading
Co-operative Food,Retailers - supermarkets/hypermarkets,164-168 Whitley Wood Road,Reading,
Co-operative Food,Retailers - supermarkets/hypermarkets,201 London Road,Reading,
Co-operative Food,Retailers - supermarkets/hypermarkets,55-57 Erleigh Road,Reading,
Co-operative Group,Retailers - supermarkets/hypermarkets,44 Wood Lane,Sonning Common,Reading
Co-operative Group,Retailers - other,2 Bridle Path,Woodcote,Reading
Cobbs at Englefield,Retailers - other,Wickcroft Farm Pangbourne Road,Theale,Reading
Coconut Bar & Kitchen,Restaurant/Cafe/Canteen,62 St Marys Butts,Reading,
Coffee & Cream / Cake Stop,Other catering premises,152 Park Lane,Tilehurst,Reading
Coffee Haven at British Garden Centre,Restaurant/Cafe/Canteen,Winnersh Garden Centre,654-656 Reading Road,Winnersh
Coffee House,Restaurant/Cafe/Canteen,33 Prospect Street,Caversham,Reading
Coley Park Off Licence,Retailers - other,52 Wensley Road,Reading,
Coley Park Pantry,Retailers - other,Coley Park Baptist Church Wensley Road,Reading,
Comies Caribbean,Restaurant/Cafe/Canteen,Ladbrokes Racing,202 Garsington Road,Oxford
Community Lunches,Other catering premises,Reading Room,,Milton Abbas
Compass at SSE,Restaurant/Cafe/Canteen,1 Forbury Place 43 Forbury Road,Reading,
Compass Catering at Select Car Leasing Stadium,Restaurant/Cafe/Canteen,Shooters Way,Reading,
Compass Group at Thames Valley Police,Restaurant/Cafe/Canteen,Thames Valley Police Training Centre Bottom Lane,Sulhamstead,Reading
Compass Group Uk and Ireland,Restaurant/Cafe/Canteen,2 Forbury Place,Forbury Road,Reading
Conisboro Express,Retailers - other,46 Conisboro Avenue,Caversham,Reading
Coombe House Residential Home,Caring Premises,Coombe House The Coombe,Streatley,Reading
Coombe Valley Raceway,Restaurant/Cafe/Canteen,Coombe Valley Motor Racing Circuit Coombe Road,,Hougham
Coppa Club @ The Swan,Restaurant/Cafe/Canteen,The Swan At Streatley High Street,Streatley,Reading
Coral Racing Ltd,Retailers - other,Coral Racing Ltd,1-2 Old Raffles Parade,Carlisle
Cornerstones/A2Dominion,Caring Premises,Halcyon Terrace,Tilehurst,Reading
Cornflower Sky,Takeaway/sandwich shop,Curdridge Reading Rooms,Reading Room Lane,Curdridge
Cosmo,Restaurant/Cafe/Canteen,35-38 Friar Street,Reading,
Costa Coffee,Restaurant/Cafe/Canteen,First Floor 8 Reading Road,Pangbourne,Reading
Costa Coffee,Restaurant/Cafe/Canteen,43 Church Street,Caversham,Reading
Costa Coffee,Other catering premises,1 The Triangle,Tilehurst,Reading
Costa Coffee,Restaurant/Cafe/Canteen,Proctor End North,Reading,
Costa Coffee,Other catering premises,99 Broad Street,Reading,
Costa Coffee,Restaurant/Cafe/Canteen,Costa Coffee NEXT,Unit 11A & 11B Roaring Meg Retail Park,London Road
Costa Coffee,Restaurant/Cafe/Canteen,Costa Coffee Roaring Meg Retail Park,London Road,Stevenage
Costa Coffee At Moto Hospitality Eastbound,Restaurant/Cafe/Canteen,Costa,Burghfield,Reading
"Costa Coffee At Moto Services Reading, Westbound",Restaurant/Cafe/Canteen,Eat And Drink Co,Burghfield,Reading
Costa Coffee at Reading Rail Station Concourse,Restaurant/Cafe/Canteen,Station Approach,Reading,
Costa Coffee at Tesco,Restaurant/Cafe/Canteen,Portman Road,Reading,Berkshire
Costa Coffee Drive Thru,Restaurant/Cafe/Canteen,,Reading Road,Winnersh
Costa Coffee Store,Restaurant/Cafe/Canteen,4 Butter Market,Reading,
Costa Coffee Store at Reading Gate Retail Park,Restaurant/Cafe/Canteen,,Reading,
Costa Drive Through at Moto Hospitality Eastbound,Takeaway/sandwich shop,Costa,Burghfield,Reading
Costcutter,Retailers - other,70 Christchurch Road,Reading,
Cosy Caffe and Kitchen,Restaurant/Cafe/Canteen,St James House 4 Church Road,Pangbourne,Reading
Cosy Club Reading,Restaurant/Cafe/Canteen,L30 The Oracle Shopping Centre Minster Street,Reading,
Cote Brasserie at The Oracle,Restaurant/Cafe/Canteen,Bridge Street,Reading,
Cozze Restaurant,Restaurant/Cafe/Canteen,2 - 6 Whitchurch Road,Pangbourne,Reading
Cranbury College,School/college/university,Cranbury Road,Reading,
Creams Café Reading,Restaurant/Cafe/Canteen,14-16 Oxford Road,Reading,
Creperie Doux Sourire,Other catering premises,Bridge Street,Reading,
Cressingham Short Break,Caring Premises,27 Cressingham Road,Reading,
Crispy Dosa Kitchen,Other catering premises,20 Portman Road,Reading,
Crispy Dosa Restaurant,Restaurant/Cafe/Canteen,60 Oxford Road,Reading,
Crispy flavours,Takeaway/sandwich shop,189 London Road,Reading,
Cross Country Trains at Reading Rail Station,Restaurant/Cafe/Canteen,Station Approach,Reading,
Crowmarsh Gifford C of E School,School/college/university,Old Reading Road Crowmarsh Gifford,Wallingford,Oxon
Crown Lodge Guest House,Hotel/bed & breakfast/guest house,27 Russell Street,Reading,
Crumbs Food Co  at Meadow Park Academy,School/college/university,Norcot Road,Tilehurst,Reading
Crumbs Food Co / Mash Up / Honolulu Poke / Whip It Up,Takeaway/sandwich shop,64 Portman Road,Reading,
Crumbs Food Co @ Green Park Village Primary Academy,School/college/university,2 Flagstaff Road,Reading,
Crumbs Food Co at All Saints Junior School,School/college/university,Brownlow Road,Reading,
Crumbs Food Co at Civitas Academy,School/college/university,90a Great Knollys Street,Reading,
Crumbs Food Company Ltd at Bucklebury Primary School,School/college/university,Bucklebury Church Of England Primary School Blacklands Road,Upper Bucklebury,Reading
Cube Cold,Distributors/Transporters,New Aquitaine House Exeter Way,Theale,Reading
Culinera @ Shinfield Infant & Nursery School,School/college/university,,School Grn,Shinfield
Culinera at Little Heath School,School/college/university,Little Heath School Little Heath Road,Tilehurst,Reading
CultureMix Arts & Music Centre,Pub/bar/nightclub,7 Queens Walk,Reading,
CUP Coffee Under Pressure,Restaurant/Cafe/Canteen,53 St Marys Butts,Reading,
CUP Speciality Coffee & Tea,Restaurant/Cafe/Canteen,7 Blagrave Street,Reading,
Curry Chef,Restaurant/Cafe/Canteen,469 Northumberland Avenue,Reading,
Curry Rasoi,Takeaway/sandwich shop,77 Northumberland Avenue,Reading,
D & D Convenience Store,Retailers - other,29 Whitley Wood Lane,Reading,
D&D Convenience Store,Retailers - other,23 Cholmeley Road,Reading,
Da Spottt,Restaurant/Cafe/Canteen,178-180 Oxford Road,Reading,
Da Village Afghan Resteraunt,Restaurant/Cafe/Canteen,387 Oxford Road,Reading,
Dailyz,Restaurant/Cafe/Canteen,30 Canterbury Road,Reading,
Davina News Off Licence,Retailers - other,74 Broad Street,Reading,Berkshire
Davinas Local,Retailers - other,23 Friar Street,Reading,
Day-Today,Retailers - other,,Costcutters,Redding Road
De Vere Wokefield Estate,Hotel/bed & breakfast/guest house,De Vere Hotel Wokefield Park,Mortimer,Reading
Deccan House,Restaurant/Cafe/Canteen,215 London Road,Reading,
Dee Caf Community Cafe,Restaurant/Cafe/Canteen,12 Spey Road,Tilehurst,Reading
Deer House Family Pub,Restaurant/Cafe/Canteen,Rudding Holiday Park Rudding Park,,
Dees Newsagents,Retailers - other,14 Reading Road,YATELEY,Hampshire
Delicere Bakery,Mobile caterer,33 Kingsway Caversham,Reading,
DeNata,Restaurant/Cafe/Canteen,377 Oxford Road,Reading,
Depeaches Events,Mobile caterer,14 Brent Gardens,Reading,
Desi Corner,Takeaway/sandwich shop,,39 Redding Road,
Dessi Bite/Biryani Max,Takeaway/sandwich shop,227 London Road,Reading,
Devil's Kitchen / Dope / Chi Taco / Doner / Spag Bowl / Hail C / Mac Junkies / YouVegan/ Taste On/ Crazy Chicken/ Smash Out/ In Fry/ Filthy Vegan/ Crazy Egg/ Milano'z Pizza/ Kings Kitchen,Takeaway/sandwich shop,166 Oxford Road,Reading,
Devonshire Care Home,Caring Premises,Rodway Road,Tilehurst,Reading
Dhaulagiri Kitchen Cafe and Restaurant,Restaurant/Cafe/Canteen,63 Basingstoke Road,Reading,
Dickory Docks Educational Day Nursery,Caring Premises,Prospect  School Cockney Hill,Reading,
Dilraj,Takeaway/sandwich shop,23 School Road,Tilehurst,Reading
Dimensions,Caring Premises,43 Clayhill Road,Burghfield Common,Reading
Dingtea,Other catering premises,19-23 King Street,Reading,
Dog And Partridge,Pub/bar/nightclub,105 Reading Road,Yateley,Hampshire
Dolce at Brookfields Special School,School/college/university,Brookfields Special School Sage Road,Tilehurst,Reading
Dolce Ltd at Downsway Primary School,School/college/university,Downsway Primary School Warbreck Drive,Tilehurst,Reading
Dolce Ltd at Garland Junior School,School/college/university,Garland Junior School Clayhill Road,Burghfield Common,Reading
Dolce Ltd at Mortimer St John's Infant School,School/college/university,Mortimer St. John's C.e. Infant School The Street,Mortimer Common,Reading
Dolce Ltd at Mortimer St Mary's Junior School,School/college/university,Mortimer St Mary's C.e. Junior School The Street,Mortimer,Reading
Dolphin's Caribbean Restaurant And Bar,Restaurant/Cafe/Canteen,59-60 St Marys Butts,Reading,
Domino's Pizza,Takeaway/sandwich shop,76 School Road,Tilehurst,Reading
Domino's Pizza,Takeaway/sandwich shop,64 Christchurch Road,Reading,
Domino's Pizza,Takeaway/sandwich shop,427 Oxford Road,Reading,
Domino's Pizza,Takeaway/sandwich shop,95 Wokingham Road,Reading,
Domino's Pizza at Milestone Way Precinct,Takeaway/sandwich shop,Milestone Way,Caversham,Reading
Dominos Pizza,Takeaway/sandwich shop,,Unit 5  The Square Chalfont Way Lower Earley Earley Reading,
Donnington Deli,Takeaway/sandwich shop,37 Erleigh Road,Reading,
Dose 365,Retailers - other,Flat 2,400 Reading Road,Winnersh
Douai Abbey,Hotel/bed & breakfast/guest house,Douai Abbey Cods Hill,Upper Woolhampton,Reading
Double Barrelled Brewery Ltd,Manufacturers/packers,Stadium Way,Tilehurst,Reading
Dough Brothers,Mobile caterer,Church Farm House,Halls Lane,Waltham St Lawrence
Doughnut Time,Takeaway/sandwich shop,Bridge Street,Reading,
Doughza,Takeaway/sandwich shop,87 Northumberland Avenue,Reading,
Downshire House,Caring Premises,9 Downshire Square,Reading,
Dr's Kitchen,Mobile caterer,Pakistan Community Centre Park Hall 373 London Road,Reading,
Dragon Garden,Takeaway/sandwich shop,471 Northumberland Avenue,Reading,
Dragon Inn Restaurant,Restaurant/Cafe/Canteen,,426 Reading Road,Winnersh
Dringhouses Bowling Club,Other catering premises,The Racing Stables,Tadcaster Road,Dringhouses
Drinks 4 U,Retailers - other,36 Market Place,Reading,
Dua Lounge,Other catering premises,355 Oxford Road,Reading,
Dubai Sweet Treats,Mobile caterer,Flat 43 West Fryerne Parkside Road,Reading,
Dudmans of Berkshire,Retailers - other,Unit 2 Manor Commercial Centre 12 Commercial Road,,Reading
Dynasty,Restaurant/Cafe/Canteen,18 Richfield Avenue,Reading,
E P Collier Primary School,Other catering premises,Ross Road,Reading,
Earley Cafe,Restaurant/Cafe/Canteen,121 Wokingham Road,Reading,
East Euro Market,Retailers - other,11 The Parade,Reading Road,Yateley
Eastern Choice,Takeaway/sandwich shop,28 Coronation Square,Reading,
Easy Hotel,Hotel/bed & breakfast/guest house,132-138 Caversham Road,Reading,
Eat & Drink at Park House,Restaurant/Cafe/Canteen,University Of Reading,Whiteknights Road,Earley
Eat at Agriculture,Restaurant/Cafe/Canteen,University Of Reading,Earley Gate,Earley
Eat at Enterprise,Restaurant/Cafe/Canteen,University of Reading,Reading Enterprise Centre,Whiteknights Road
Eat at MCC,Restaurant/Cafe/Canteen,Eat At Mcc,Moulton Community Centre,Reedings
Eat at St Patricks & St Patrick's Bar at University of Reading,Restaurant/Cafe/Canteen,20 Northcourt Avenue,Reading,Berkshire
Eat at the Square,Restaurant/Cafe/Canteen,University of Reading,Enterprise Centre,Earley Gate
Eat at Wantage Hall & Wantage Bar at University of Reading,School/college/university,Upper Redlands Road,Reading,
Eatnua,Restaurant/Cafe/Canteen,15 Gun Street,Reading,
EC Catering Partners,Other catering premises,Biscuit Way,Reading,
Eco Market,Retailers - other,117-119 Oxford Road,Reading,
Edmundson Electrical,Other catering premises,146 Cardiff Road,Reading,
Elegant Cuisine,Restaurant/Cafe/Canteen,The Mill At Sonning,Sonning Eye,Reading
Elephant & Castle,Pub/bar/nightclub,,Lodge Rd,Reading
Elior @ The Wood Group,Restaurant/Cafe/Canteen,400 Longwater Avenue,Reading,
Elior at The Hive,Restaurant/Cafe/Canteen,Ground Floor East Hive 1 1510 - 1520 Arlington Business Park,Theale,Reading
Elizabeth House Day Nursery & Preschool,Caring Premises,Elizabeth House Reading Road,Cholsey,Wallingford Oxon
Elles Baguettes,Takeaway/sandwich shop,200 Oxford Road,Reading,
Elles Baguettes at Selco,Restaurant/Cafe/Canteen,Portman Road,Reading,
Elmhurst Hotel,Hotel/bed & breakfast/guest house,51 Church Road,Earley,Reading
Emmanuel Pantry,Other catering premises,Emmanuel Methodist Church 448 Oxford Road,Reading,
Emmbrook Convenience Store,Retailers - other,,139 Reading Road,Wokingham
Emmbrook Court Very Sheltered Housing,Restaurant/Cafe/Canteen,Emmbrook Court South Drive,Reading,
Emmer Green Kindergarten,Caring Premises,85 Grove Road,Emmer Green,Reading
Englefield Stores and Tea Rooms,Retailers - other,Englefield Stores The Street,Englefield,Reading
Ephesus,Restaurant/Cafe/Canteen,19 Whitley Street,Reading,
Erleigh Road Pharmacy,Retailers - other,85-87 Erleigh Road,READING,Berkshire
Escape Hunt,Pub/bar/nightclub,King Street,Reading,
Esquires Coffee,Restaurant/Cafe/Canteen,8 Flagstaff Road,Reading,
ESS Government Services at AWE Burghfield,Restaurant/Cafe/Canteen,Awe Burghfield The Mearings,Burghfield,Reading
Esthwaite Ltd,Restaurant/Cafe/Canteen,The Boat House,Ridding Wood,
Eugreeka!,Takeaway/sandwich shop,89 Wokingham Road,Reading,
Eurest,Restaurant/Cafe/Canteen,1320 Arlington Business Park,Theale,Reading
Eurest At AWE Aldermaston,Restaurant/Cafe/Canteen,Awe Reading Road,Aldermaston,Reading
Eurest At AWE Burghfield,Restaurant/Cafe/Canteen,Awe Burghfield The Mearings,Burghfield,Reading
Eurest Food At Porsche Cars GB,Restaurant/Cafe/Canteen,Porsche Pincents Kiln,Calcot,Reading
Euro Deli,Retailers - other,185 Oxford Road,Reading,
European Mini Market,Retailers - supermarkets/hypermarkets,462 Oxford Road,Reading,
Evans Cycles,Retailers - other,Mill Lane,Reading,
Everest Tandoori Restaurant at Meadway Precinct,Restaurant/Cafe/Canteen,Honey End Lane,Reading,
Everyday Express,Retailers - other,260-262 Kentwood Hill Tilehurst,Reading,
Evians Food,Restaurant/Cafe/Canteen,Huntley Place 1 Flagstaff Road,Reading,
Exotic Food Market Ltd,Retailers - other,82-84 Whitley Street,Reading,
Exotic Superstores,Retailers - other,732 Oxford Road,Reading,
ExoticEstore,Retailers - supermarkets/hypermarkets,24b Portman Road,Reading,
Eyre & Elliston,Retailers - other,9c Loverock Road,Reading,
Fab4All,Other catering premises,Unit 16 North Street,Reading,
Family Shopper,Retailers - supermarkets/hypermarkets,27 School Road Tilehurst,Reading,
Farmhouse Pizza,Takeaway/sandwich shop,435 Oxford Road,Reading,
Farnham Flint Match Hut,Restaurant/Cafe/Canteen,Farnham Flint Cottage Lane,Pingewood,Reading
Fast Track Catering,Mobile caterer,Shenington Kart Racing Club,,Shenington
Fat Twins Reading,Restaurant/Cafe/Canteen,120 London Road,Reading,
Favourite Chicken,Takeaway/sandwich shop,10 St Marys Butts,Reading,
Fennies Day Nurseries,Other catering premises,Kilnbrook House Rose Kiln Lane,Reading,
Fidget & Bob,Restaurant/Cafe/Canteen,Whale Avenue,Reading,
Fire Thru at 365 Gym,Restaurant/Cafe/Canteen,33 Meadway Precinct Honey End Lane,Reading,
Fish Glorious Fish,Retailers - other,Casey Fields Farm Dog Lane,Ashampstead,Reading
Five Guys,Retailers - other,Showcase Cinema,Winnersh Roundabout,Reading
Five Guys,Restaurant/Cafe/Canteen,Unit R13 The Riverside The Oracle,Reading,
Flame Kebab,Mobile caterer,The Tythings,Reading Road,Yateley
Flava Fusionn,Mobile caterer,27 Margaret Close,Reading,
Flavour of Mauritius,Other catering premises,143-145 Caversham Road,Reading,
Fledglings Day Nursery At Little Heath School,Caring Premises,Little Heath School Little Heath Road,Tilehurst,Reading
Fledglings Lodge,Caring Premises,51 Armour Hill,Tilehurst,Reading
Fleet Cricket Club,Other catering premises,Pavillion Calthope Park,Reading Road North,FLEET
Fleet Methodist Church,Other catering premises,Reading Road South,Fleet,Hampshire
Flight Club Darts,Pub/bar/nightclub,1 Station Hill Square,Reading,
Flip,Mobile caterer,35 Bolton Drive,Reading,
Flip,Retailers - other,,35 Bolton Drive,Shinfield
Florence House,Caring Premises,36 Baskerville Road,Sonning Common,Reading
Florence House Nursing Home,Caring Premises,16-22 Westcote Road,Reading,
Fluffy Fluffy Reading at Kings Walk,Other catering premises,19-23 Kings Street,Reading,
Food Avenue,Restaurant/Cafe/Canteen,168c Whitley Wood Road,Reading,
"Foodwise Reading, Food Coach",Caring Premises,Northumberland Avenue,Reading,
Forbury Gardens Day Nursery,Caring Premises,Abbots Walk,Reading,
Forest Edge Coffee Shop,Restaurant/Cafe/Canteen,Alderholt Reading Room 119 Station Road,,Alderholt
FORMULA 1 BAR,Restaurant/Cafe/Canteen,Pembrey Motor Racing Circuit,,Pembrey
Four Seasons Fish & Chips,Takeaway/sandwich shop,268 Kentwood Hill,Tilehurst,Reading
Fox & Hounds,Pub/bar/nightclub,The Fox And Hounds,Sulhamstead,Reading
Fox And Hounds,Pub/bar/nightclub,51 Gosbrook Road,Caversham,Reading
Fox Cubs Day Nursery,Caring Premises,Chapel House,Old Reddings Road,Cheltenham
Freddie's Afro Caribbean,Retailers - other,33 Whitley Street,Reading,
Fresh Gurkha Grocery,Retailers - other,253 London Road,Reading,
Friday Cafe,Restaurant/Cafe/Canteen,The Reading Rooms The Reading Rooms Fox Street,,Great Gransden
Friend's Pizza & Grill,Restaurant/Cafe/Canteen,229C London Road,Reading,
Friendly Corner Hall Green Church,Restaurant/Cafe/Canteen,609 Reddings Lane,Hall Green,Birmingham
Friends Coffee House Battle Block at Royal Berkshire Hospital,Restaurant/Cafe/Canteen,London Road,Reading,
Friends Place Care Home,Caring Premises,Friends Place The Chase,Calcot,Reading
Fuel Juice Bar at The Oracle,Takeaway/sandwich shop,Bridge Street,Reading,
Funtastic Kids @ The Ridgeway,School/college/university,The Ridgeway Primary School,Hillbrow,Reading
Funtastic Kids at Geoffrey Field Junior School,Caring Premises,Exbourne Road,Reading,
Funtastic Kids at Whitley Park Primary and Nursery School,Caring Premises,Brixham Road,Reading,
Funtastic Kids Ltd at Burghfield St Marys Primary School,Caring Premises,Burghfield St Marys Church Of England Primary School Theale Road,Burghfield,Reading
Funtastic Kids Ltd at Springfield Primary School,Caring Premises,Springfield Primary School Barton Road,Tilehurst,Reading
Funtastic Kids Ltd at Sulhamstead and Ufton Nervet PS,Caring Premises,Sulhamstead And Ufton Nervet Church Of England Voluntary Aided Primary School Church Lane,Ufton Nervet,Reading
GAIL's Reading,Restaurant/Cafe/Canteen,134 Broad Street,Reading,
Galleybagger Inn,Pub/bar/nightclub,Chillerton Reading Room,Main Road,Chillerton
Garam,Mobile caterer,3 Minster Court Minster Street,Reading,
Garlands Organic,Retailers - other,8 Reading Road,Pangbourne,Reading
Gary and Paul,Retailers - other,Clayhanger Farm Quicks Green,Ashampstead,Reading
Gather & Gather at BP Technology  Centre,Restaurant/Cafe/Canteen,B.P. Technology Centre Whitchurch Hill,Pangbourne,Reading
Gather & Gather Limited at Direct Wines Ltd,Restaurant/Cafe/Canteen,1 Waterside Drive,Theale,Reading
Gather & Gather UK,Restaurant/Cafe/Canteen,41 West Street,Reading,
Gaylord Tandoori Twyford,Takeaway/sandwich shop,,26 London Rd,Twyford
GB Total Equestrian Ltd,Retailers - other,Field Barn Farm Beenham Hill,Beenham,Reading
Genting Casino (Reading),Restaurant/Cafe/Canteen,18 Richfield Avenue,Reading,
Geo Cafe,Restaurant/Cafe/Canteen,10 Prospect Street,Caversham,Reading
Geo-Bakery,Retailers - other,10 Prospect Street,Caversham,Reading
Geoffrey Field Infant & Junior School,School/college/university,Exbourne Road,Reading,Berkshire
George's Kebab Mobile Van,Mobile caterer,Scours Lane,Tilehurst,Reading Berkshire
German Doner Kebab,Takeaway/sandwich shop,106 Friar Street,Reading,
Get Active Sports,Other catering premises,Lydford Road,Reading,
Get Active Sports at Bucklebury CE Primary School,Caring Premises,Bucklebury Church Of England Primary School Blacklands Road,Upper Bucklebury,Reading
GK,Takeaway/sandwich shop,49 Whitley Street,Reading,
Global Hospitality Group UK,Other catering premises,Key House Cow Lane,Reading,
Gloria's Food Hall,Takeaway/sandwich shop,Reading Biscuit Factory 19 Queens Walk,Reading,
GND Catering,Restaurant/Cafe/Canteen,,MACE Construction Site,ECMWF
Go Beanies,Caring Premises,Westwood Farm Junior School Fullbrook Crescent,Tilehurst,Reading
Go Beanies Play & Learn (Palmer Academy),Other catering premises,70 Northumberland Avenue,Reading,
Go Beanies Play & Learn (Civitas Academy),Other catering premises,Civitas Academy 90a Great Knolly's Street,Reading,
Go Beanies Play & Learn (Green Park),Other catering premises,Green Park Village Academy 2 Flagstaff Road,Reading,
Go Fresh Fish,Retailers - other,232 Shinfield Road,Reading,
Go Sing Chinese Takeaway,Takeaway/sandwich shop,30 Prospect Street Caversham,Reading,
Golden Bridge,Takeaway/sandwich shop,173 Caversham Road,Reading,
Golden Chef Chinese Takeaway,Takeaway/sandwich shop,72 Briants Avenue,Caversham,Reading
Golden Rice,Takeaway/sandwich shop,31 Whitley Street,Reading,
Goldilocks Nursery,Caring Premises,77 School Road,Tilehurst,Reading
Good Old Days Hong Kong,Takeaway/sandwich shop,66 George Street,Reading,
Good One Supermarket,Retailers - other,236 Northumberland Avenue,Reading,
Gooi Nara,Restaurant/Cafe/Canteen,39 Whitley Street,Reading,
Gordon Ramsay Street Burger,Other catering premises,Unit R17B Riverside Level,The Oracle,Reading
Goring & Streatley Golf Club,Pub/bar/nightclub,Goring And Streatley Golf Club Rectory Road,Streatley,Reading
Goring County Primary School,School/college/university,Wallingford Road,Goring,Reading
Goring Diner,Takeaway/sandwich shop,11 High Street,Goring,Reading
Goring Food & Wine,Retailers - other,14 High Street,Goring,Reading
Goring Social Club,Pub/bar/nightclub,High Street,Goring,Reading
Goring Thames Sailing Club,Other catering premises,Bridle Way,Goring,Reading
Goring Village Butchers,Retailers - other,5 The Arcade High Street,Goring,Reading
Gosbrook Local,Retailers - other,228 Gosbrook Road,Caversham,Reading
Gourmet Barn,Restaurant/Cafe/Canteen,Field Barn Farm Beenham Hill,Beenham,Reading
Gourmet Eats London,Mobile caterer,272-274 Elgar Road South,Reading,
GPR Food & Wine,Retailers - other,513 Oxford Road,Reading,
Grange Community Centre,Restaurant/Cafe/Canteen,,Grange Community Centre,Redding Road
Grange Pre School,Caring Premises,Circuit Lane,Reading,
Grape Tree,Retailers - other,64 Broad Street Mall,Reading,
Graysons Restaurants At Silverstone Museum,Restaurant/Cafe/Canteen,Silverstone Motor Racing Circuit,Silverstone Road,Biddlesden
Green Bike Food Company,Takeaway/sandwich shop,Gillette Way,Reading,
Greenbroom Farm Shop,Retailers - other,Green Broom Farm,Goring Heath,Reading
Greenfield House Resource Centre,Caring Premises,Greenfield House High View,Calcot,Reading
Greens Of Pangbourne,Retailers - other,10 Whitchurch Road,Pangbourne,Reading
Greenshaw Learning Trust at John Madejski Academy,Other catering premises,125 Hartland Road,Reading,
Greggs,Takeaway/sandwich shop,Motor Fuel Bath Road,Padworth,Reading
Greggs,Takeaway/sandwich shop,162 Bath Road,Reading,
Greggs,Retailers - other,38 Market Place,Reading,
Greggs,Takeaway/sandwich shop,162 Bath Road,Reading,
Greggs,Retailers - other,10 Queen Victoria Street,Reading,
Greggs,Takeaway/sandwich shop,203-205 Shinfield Road,Reading,
Greggs - Eastbound,Takeaway/sandwich shop,Motorway Service Area,Burghfield,Reading
Greggs - Westbound,Takeaway/sandwich shop,Motorway Service Area,Burghfield,Reading
Greggs at Broad St Mall,Retailers - other,Broad Street,Reading,
Greggs Plc,Retailers - other,117 Reading Road,Yateley,Hampshire
Greggs PLC at Sainsburys,Retailers - other,Savacentre Bath Road,Calcot,Reading
Gressenhall Reading Room,Other catering premises,Reading Room The Green,,Gressenhall
Grill Masters,Mobile caterer,26 Abingdon Drive Caversham,Reading,
Grilla Kitchen,Restaurant/Cafe/Canteen,41 Whitley Street Reading,Reading,
Grim's Dyke Hotel,Hotel/bed & breakfast/guest house,Grimsdyke Hotel,Old Redding,
Grip UK,Restaurant/Cafe/Canteen,Stadium Way,Tilehurst,Reading
Grocery Asia,Retailers - supermarkets/hypermarkets,19-20 Meadway Precinct,Reading,
Grosvenor Casino,Restaurant/Cafe/Canteen,Rose Kiln Lane,Reading,Berkshire
Grosvenor Casino,Restaurant/Cafe/Canteen,1 Queens Road,Reading,
Gulab Dining,Other catering premises,130-134 Wokingham Road,Reading,
Gun Street Garden,Pub/bar/nightclub,5-6 Gun Street,Reading,
Gurungs,Retailers - other,191-193 London Road,Reading,
GX Club Brightons,School/college/university,,Westquarter And Redding Cricket Club Pavilion,Sunnyside Road
Gymfinity Kids Reading,Restaurant/Cafe/Canteen,Gillette Way,Reading,
H.K. Stores,Retailers - other,47 Hemdean Road,Caversham,Reading
H20 Watersports Hi5 Ski Lake,Mobile caterer,The Reading Lake Hotel Pingewood,Burghfield,Reading
Hala Lebanese,Restaurant/Cafe/Canteen,133 Wokingham Road,Reading,
Halfords Ltd,Retailers - other,,612 Reading Road,Winnersh
Hao Chi Oriental,Takeaway/sandwich shop,115 Wokingham Road,Reading,
Happy Faces Playgroup,Caring Premises,Sherfield On Loddon Village Hall,Reading Road,Sherfield-on-Loddon
Happy Health Nutrition Club,Restaurant/Cafe/Canteen,7 Harris Arcade,Reading,
Happy Panda Café,Restaurant/Cafe/Canteen,80 Christchurch Road,Reading,
Harper’s Candylicious Sweets,Importers/Exporters,82 Belmont Road,Reading,
Harput Kebab,Takeaway/sandwich shop,139 Oxford Road,Reading,
Harrison Catering at The Willink School,School/college/university,The Willink School School Lane,Burghfield Common,Reading
Harrison Catering at Westwood Farm Infant School,School/college/university,Westwood Farm Infant School Fullbrook Crescent,Tilehurst,Reading
Harrison Catering Services at Blessed Hugh Faringdon School,School/college/university,Fawley Road,Reading,
Harrison Catering Services at Long Lane Primary School,School/college/university,Long Lane Primary School Long Lane,Tilehurst,Reading
Harrison Catering Services at The Heights Primary School,School/college/university,129 Upper Woodcote Road,Caversham,Reading
Harrison Catering Services Limited at Denefield School,School/college/university,Denefield School Long Lane,Tilehurst,Reading
Harrison Catering Services Limited at The Wren School,School/college/university,61-63 Bath Road,Reading,
Harrogate Rugby Union Football Club,Other catering premises,Harrogate Rugby Union Football Club Rudding Lane,,
Harry's Coffee Shop,Restaurant/Cafe/Canteen,Glendale House Reading Road,Burghfield Common,Reading
Harwood Golf Club,Restaurant/Cafe/Canteen,,Roading Brook Road,Bolton
Hatch Gate Inn,Pub/bar/nightclub,Hatch Gate Inn The Hatch,Burghfield,Reading
Haute Dolci,Restaurant/Cafe/Canteen,Unit 15 A Riverside The Oracle,Reading,
Hawkeye Pizza,Takeaway/sandwich shop,186 Reading Road South,Fleet,Hampshire
Haydock Reading Rooms,Pub/bar/nightclub,Haydock Reading Rooms And Debating Society Social Club,86-88 Church Road,Haydock
Haywards Farm School,School/college/university,Haywards Farm School Station Road,Theale,Reading
Heatherside Infant School-Stir Food,School/college/university,Heatherside Infant School,Reading Road South,Fleet
Heatherside Junior School-Stir Food,School/college/university,Heatherside Junior School,Reading Road South,Fleet
Helmdon Community Larder,Retailers - other,The Reading Room,20 Church Street,Helmdon
Hempen Cooperative,Retailers - other,Path Hill Farm Path Hill,Goring Heath,Reading
Henley Business School Cafe,Restaurant/Cafe/Canteen,University Of Reading,Whiteknights Road,Earley
Henley food & wine,Retailers - other,49 Reading Road,Henley-On-Thames,Oxon
Henley Hockey Club,Restaurant/Cafe/Canteen,353 Reading Road,Henley-On-Thames,Oxon
Henley Mini Market,Retailers - other,11 Reading Road,Henley-On-Thames,Oxon
Henley Post Office Convenience Store,Retailers - other,22 Reading Road,Henley-On-Thames,Oxon
Hennerton Golf Club,Restaurant/Cafe/Canteen,,Crazies Hill Road Wargrave,Reading
Herbal Green at Broad St Mall,Retailers - other,Broad Street,Reading,
Herbies Pizza/Tasty Bun,Takeaway/sandwich shop,18 Hildens Drive,Tilehurst,Reading
Heron Manor Care Home,Caring Premises,Reading Road North,Fleet,
Hevs Premier,Retailers - other,733 Oxford Road,Reading,
Hewad Store,Retailers - other,774 Oxford Road,Reading,
Hexham Road Pantry,Other catering premises,Hexham Road Community Centre 1a Bamburg Close,Reading,
Hey Coffee,Restaurant/Cafe/Canteen,Liebenrood Road,Reading,
High Rise Fish Bar,Takeaway/sandwich shop,3 The Colonnade Overdown Road,Tilehurst,Reading
Hill End House Stays,Hotel/bed & breakfast/guest house,Hill End House,Warren Row Road,Warren Row
Hill Farm Shop Ltd,Retailers - other,Hill Farm Shop Mans Hill,Burghfield Common,Reading
Hillier Nurseries Ltd,Restaurant/Cafe/Canteen,Rosebourne Station Road,Aldermaston,Reading
Hilton Reading,Hotel/bed & breakfast/guest house,Drake Way,Reading,
Himalayan Hot Spot,Restaurant/Cafe/Canteen,1 School Road,Tilehurst,Reading
Hinds Head,Hotel/bed & breakfast/guest house,Hinds Head Hotel Wasing Lane,Aldermaston,Reading
Hlth Kitchen Ltd,Manufacturers/packers,Harrogate Rugby Union Football Club Rudding Lane,,
HMV at The Oracle,Retailers - other,Bridge Street,Reading,
Holbeach Community Cafe,Restaurant/Cafe/Canteen,Church Street The Reading Rooms,Holbeach,Spalding
Holbeach Community Larder,Retailers - other,The Reading Rooms Church Street,Holbeach,Spalding
Holiday Inn Reading South,Hotel/bed & breakfast/guest house,500 Basingstoke Road,Reading,
Holiday Inn Reading West,Hotel/bed & breakfast/guest house,Holiday Inn Reading West Bath Road,Padworth,Reading
Holland & Barrett at Broad St Mall,Retailers - other,Broad Street,Reading,
Holland & Barrett at The Oracle,Retailers - other,Bridge Street,Reading,
Holland and Barrett at Tesco Extra,Retailers - other,Napier Road,Reading,
Hollywood Bowl,Restaurant/Cafe/Canteen,Riverside Level,Oracle Shopping Centre,Reading
Holroyd Howe at Abbey Gardens,School/college/university,12 Christchurch Gardens,Reading,
Holroyd Howe at Abbey Junior School,School/college/university,30 Christchurch Road,Reading,IGHT
Holroyd Howe at Elstree School,School/college/university,Elstree School Woolhampton Hill,Upper Woolhampton,Reading
Holroyd Howe at The Abbey Senior School,School/college/university,17 Kendrick Road,Reading,Unit R50 Bridge Street
Home Bargains,Retailers - supermarkets/hypermarkets,Units 4 & 5 Brunel Retail Park,Reading,
Home Bargains at Reading Link Retail Park,Retailers - other,Rose Kiln Lane,Reading,Berkshire
Home Cooking,Takeaway/sandwich shop,2 Highgrove Street,Reading,
Home Group Limited,Caring Premises,1 Flagstaff Road,Reading,
Homesense,Retailers - other,Forbury Road,Reading,Berkshire
Homie's,Takeaway/sandwich shop,2 Cholsey House Moulsford Mews,Reading,
Honest Burgers,Restaurant/Cafe/Canteen,Unit 2 1-5 King Street,Reading,
Honesty Group,Restaurant/Cafe/Canteen,2 Napier Road,Reading,
Honey & Ghee,Retailers - other,232 Shinfield Road,Reading,
Honey Bee Day Care at Tilia House,Caring Premises,London Road,Reading,
Hong Kong City,Takeaway/sandwich shop,50 Erleigh Road,Reading,
Hoops and Jockeys,Other catering premises,ARC RACING LEISURE GROUP,Uttoxeter Racecourse,Wood Lane
Hope & Bear,Pub/bar/nightclub,153 London Road,Reading,Berkshire
Hot Gossip,Restaurant/Cafe/Canteen,15 Reading Road,Henley-On-Thames,Oxon
Hot Stuff,Takeaway/sandwich shop,421 Oxford Road,Reading,
Hot Wok,Takeaway/sandwich shop,23A Wood Lane,Sonning Common,Reading
Hotel Chocolat at The Oracle,Retailers - other,Bridge Street,Reading,
House of Flavours,Restaurant/Cafe/Canteen,34-36 Kings Road,Reading,
Hungry Birds,Takeaway/sandwich shop,256 Kentwood Hill,Tilehurst,Reading
Ibis Reading Centre,Restaurant/Cafe/Canteen,25A Friar Street,Reading,
Iceland,Retailers - supermarkets/hypermarkets,39 Church Street,Caversham,Reading
Iceland,Retailers - supermarkets/hypermarkets,47 Oxford Road,Reading,
ICMA Centre Cafe Bar 2 University Of Reading,Restaurant/Cafe/Canteen,Whiteknights Campus PO Box 242,Reading,Berkshire
ICollege Alternative Education,School/college/university,22 High View,Calcot,Reading
IFoods UK,Other catering premises,Jigsaw Racing Services,Unit G,Harlow House
IKEA Ltd,Retailers - other,Ikea Store Pincents Kiln,Calcot,Reading
illy Coffee Shop,Restaurant/Cafe/Canteen,Illy Coffee Shop,Silverstone Motor Racing Circuit,Silverstone Circuit
Impact Food Group @ Aldryngton Primary,School/college/university,,Silverdale Road Earley,Reading
Impact Food Group @ Lambs Lane Primary School,School/college/university,,Back Lane,Spencer Wood
Impact Food Group @ Little Reddings Primary School,School/college/university,Little Reddings Primary School,Reddings Avenue,Bushey
Impact Food Group @ Loddon Primary School,School/college/university,,Hillside Rd,Earley
Impact Food Group @ Shinfield St Mary's C of E Junior School,School/college/university,,Chestnut Cres,Shinfield
Impact Food Group @ St Dominic Savio Catholic Primary School,School/college/university,,Western Ave,Woodley
Impact Food Group @ St Edward's Prep,School/college/university,64 Tilehurst Road,Reading,
Impact Food Group t/a Dolce at Aldermaston Primary School,School/college/university,Aldermaston C. E. Primary School Wasing Lane,Aldermaston,Reading
In2care at Purley Cof E Primary School,Caring Premises,Purley Church Of England Primary School Purley Village,Purley On Thames,Reading
In2Care at Streatley C of E Primary School,Caring Premises,Streatley Church Of England Voluntary Controlled School The Coombe,Streatley,Reading
Indian Community Centre,Restaurant/Cafe/Canteen,2 Norris Road,Reading,
Indian Corner/ Kebab Corner,Takeaway/sandwich shop,745 Oxford Road,Reading,
Intoku Bowls Sushi Bar,Restaurant/Cafe/Canteen,30a Chain Street,Reading,
IQ Health,Distributors/Transporters,15 Emmens Close,Checkendon,Reading
Iro Sushi,Takeaway/sandwich shop,155 Friar Street,Reading,
Iron House Scotland,Retailers - other,,Grange Community Centre,Redding Road
Island Bohemian Bowls Club,Pub/bar/nightclub,Thames Side,Reading,
ISS Facility Services Education at Beechwood and Arbour Vale Schools,School/college/university,BEECHWOOD SECONDAY SCHOOL LONG READINGS LANE,,SLOUGH
ISS Mediclean at Prospect Park Hospital,Caring Premises,Honey End Lane,Reading,
Istanbul Food Centre,Retailers - other,282-284 Oxford Road,Reading,
Istanbul Grill,Takeaway/sandwich shop,77 Wokingham Road,Reading,
Istanbul Mangal,Takeaway/sandwich shop,15 The Triangle Tilehurst,Reading,
Itsu,Restaurant/Cafe/Canteen,31 Queen Victoria Street,Reading,
J Guris,Retailers - other,53 Wokingham Road,Reading,
J's Food & Wine,Retailers - other,102 Royal Avenue,Calcot,Reading
Jadacooksss,Takeaway/sandwich shop,211 Caversham Road,Reading,
Jaffa Street / Puree,Takeaway/sandwich shop,Unit B1 Great Knollys Street,Reading,
Jamaica Blue Coffee Shop South Block at Royal Berkshire Hospital,Restaurant/Cafe/Canteen,Craven Road,Reading,
Java Cafe Ltd,Restaurant/Cafe/Canteen,,398 Reading Road,Winnersh
Jays News (Tilehurst) Ltd,Retailers - other,27 Hildens Drive,Tilehurst,Reading
Jazz Cafe at Madejski Stadium,Restaurant/Cafe/Canteen,Shooters Way,Reading,
JCS Gourmet Kitchen,Pub/bar/nightclub,69 Westwood Glen,Reading,
Jessica Food & Wine,Retailers - other,18 Farnham Drive,Caversham,Reading
Jessicas Coffee Truck,Mobile caterer,Unit 10 Church Farm Reading Road,Woodcote,Reading
JFC,Takeaway/sandwich shop,54 Wensley Road,Reading,
JieLi Restaurant,Other catering premises,19-23 Kings Street,Reading,
Jigsaw Creative Care Services,Caring Premises,77 Russell Street,Reading,
JK Stores,Retailers - other,435 Basingstoke Road,Reading,
Joe & The Juice UK,Restaurant/Cafe/Canteen,U02 Bridge Street The Oracle Centre,Reading,
John Lewis Partnership Plc,Restaurant/Cafe/Canteen,108-113 Broad Street,Reading,
JoLi,Restaurant/Cafe/Canteen,JoLi The Old Reading Room Main Street Longniddry East Lothian,,
Jollibee,Other catering premises,81 Broad Street,Reading,
Jollof Isle,Takeaway/sandwich shop,24 Goldsmid Road,Reading,
Journey to the West,Manufacturers/packers,15 Boulton Road,Reading,
Jubilee Day Nursery,Caring Premises,Paddock View Rectory Road,Padworth Common,Reading
Junior Adventures Group at Battle Primary Academy,School/college/university,Battle Primary Academy Cranbury Road,Reading,
Junior Adventures Group at Goring CofE Primary School,School/college/university,Goring Cofe Primary School Wallingford Road,Goring,Reading
Junior Adventures Group at Micklands Primary School,School/college/university,Micklands Road,Caversham,Reading
Junior Adventures Group Moorlands Primary,School/college/university,Church End Lane,Tilehurst,Reading
Junior Adventures Group Parklane Primary,School/college/university,130 School Road,Tilehurst,Reading
Junior Adventures Group Wilson Primary,School/college/university,Wilson Road,Reading,
Juniper House School,School/college/university,Juniper House School Englefield Road,Theale,Reading
Just Fresh,Retailers - other,16 West Street,Reading,
Just Momo,Other catering premises,4 Kings Road,Reading,
K B Superstores,Retailers - other,337-339 Oxford Road,Reading,
Kamal's Kitchen,Restaurant/Cafe/Canteen,141 Caversham Road,Reading,
Karak Chaii Reading,Restaurant/Cafe/Canteen,254 Oxford Road,Reading,
Kashmir Halal Butchers at Exotic Superstore,Retailers - other,730 Oxford Road,Reading,
Kathmandu Cuisine,Takeaway/sandwich shop,Honey End Lane,Reading,
Kaya Fast Food,Restaurant/Cafe/Canteen,40 - 42 High Street,Theale,Reading
Kebabist,Mobile caterer,Pitch 1 Meadway Precinct Honey End Lane,Reading,
Kennet Corner Store,Retailers - other,101a Cholmeley Road,Reading,
Kennet Valley Club,Pub/bar/nightclub,Holybrook Community Centre Carters Rise,Calcot,Reading
Kenya Butchers,Retailers - other,20 West Street,Reading,
KFC,Takeaway/sandwich shop,207 Shinfield Road,Reading,
KFC,Takeaway/sandwich shop,73-74 Broad Street,Reading,
KFC @ Moto Services Westbound,Restaurant/Cafe/Canteen,Motorway Service Area,Burghfield,Reading
KFC at Forbury Retail Park,Takeaway/sandwich shop,Forbury Road,Reading,
KFC at Moto Services Eastbound,Restaurant/Cafe/Canteen,Motorway Service Area,Burghfield,Reading
KFC at Reading Gate Retail Park,Takeaway/sandwich shop,,Reading,
KFC at Reading Retail Park,Takeaway/sandwich shop,Oxford Road,Reading,
KFC Reading Road,Restaurant/Cafe/Canteen,K F C,115 Reading Road,Yateley
Kicking Goat Cider,Distributors/Transporters,Unit A Church Farm Reading Road,Woodcote,Reading
King Wok,Takeaway/sandwich shop,21 High Street,Theale,Reading
Kingdom Coffee,Distributors/Transporters,1 Bridgewater Close,Reading,
Kingdom Family,Retailers - supermarkets/hypermarkets,Unit 55 Milford Road,Reading,
Kingfisher Kindergarten,Caring Premises,Chiltern Edge School Reades Lane,Sonning Common,Reading
Kings academy Prospect,School/college/university,Cockney Hill,Tilehurst,Reading
Kings Chef,Takeaway/sandwich shop,19 London Road,Reading,
Kings Food and Wine,Retailers - other,91-93 Kings Road,Reading,
Kings Grill,Takeaway/sandwich shop,16 Kings Road,Reading,
Kings Road News & Off Licence,Retailers - other,83 Kings Road,Reading,
Kites Kitchen at Sonning Common Primary School,School/college/university,Grove Road,Sonning Common,Reading
Knockhill - The Paddock,Restaurant/Cafe/Canteen,Knockhill Racing Circuit Saline Fife,,
Kobeda Palace,Restaurant/Cafe/Canteen,409 Oxford Road,Reading,
Kokoro,Takeaway/sandwich shop,29 Queen Victoria Street,Reading,
"KOOSA Kids Breakfast, After School and Holiday Club at The Heights Primary School, Caversham",School/college/university,129 Upper Woodcote Road Caversham,Reading,
Krinfio Co. Ltd,Retailers - other,142-143 Friar Street,Reading,
Krispy Kreme,Takeaway/sandwich shop,Station Approach,Reading,
Krispy Kreme Doughnuts at The Oracle,Takeaway/sandwich shop,Bridge Street,Reading,
Kungfu Kitchen,Restaurant/Cafe/Canteen,62 Christchurch Road,Reading,
Kyaneez,Restaurant/Cafe/Canteen,103 Basingstoke Road,Reading,
L2H Seasonings,Manufacturers/packers,Flat 204 Skylark House Drake Way,Reading,
La Baguetterie,Takeaway/sandwich shop,5 The Clock House 22 - 24 High Street,Theale,Reading
La Bella Café,Restaurant/Cafe/Canteen,33 Prospect Street Caversham,Reading,
La Mamaia,Retailers - other,479 Oxford Road,Reading,
Ladbroke Racing Ltd,Restaurant/Cafe/Canteen,Ladbroke Racing Ltd,31 Titchfield Street,Kilmarnock
Laddu Box,Restaurant/Cafe/Canteen,19-23 Kings Walk King Street,Reading,
Laithwaite's Wine,Retailers - other,1 Waterside Drive,Theale,Reading
Lakeside Care Home,Caring Premises,25 Whiteknights Road,Reading,Berkshire
Lakhe,Retailers - other,55 St Marys Butts,Reading,
Las Iguanas at The Oracle,Pub/bar/nightclub,Bridge Street,Reading,
Laura's Cookies,Other catering premises,Unit 3 Paddock Road Caversham,Reading,
Laz Tadim,Takeaway/sandwich shop,,2A Hudson Road,Woodley
Lazaro Store Limited,Retailers - other,7 Whitley Street,Reading,
Le Caffe Aroma @ Westcoast Ltd,Restaurant/Cafe/Canteen,Arrowhead Park Arrowhead Road,Theale,Reading
League of Friends Store Maternity Ward at Royal Berkshire Hospital,Takeaway/sandwich shop,London Road,Reading,
Leander Service Station,Retailers - other,Motor Fuel Bath Road,Padworth,Reading
Lebanese Village Reading,Restaurant/Cafe/Canteen,6 Bridge Street Caversham,Reading,
Lee's Garden,Takeaway/sandwich shop,Honey End Lane,Reading,
Let's Eat Trading Limited T/as The Avenue Deli,Restaurant/Cafe/Canteen,100 Royal Avenue,Calcot,Reading
Library Cafe,Restaurant/Cafe/Canteen,Library Building University Of Reading,Whiteknights,PO Box 219
Lidl,Retailers - supermarkets/hypermarkets,Unit 2 & 6 Reading Retail Park Oxford Road,Reading,
Lidl,Retailers - supermarkets/hypermarkets,565-575 Basingstoke Road,Reading,
Lidl Great Britain Limited,Retailers - supermarkets/hypermarkets,Lidl Bath Road,Calcot,Reading
Lidl Great Britain Ltd,Retailers - supermarkets/hypermarkets,289-291 Oxford Road,Reading,
Life & Space Limited,Mobile caterer,84 Longships way,Reading,
Life Care Corporation,Caring Premises,31 Cressingham Road,Reading,
Lina Tandoori,Takeaway/sandwich shop,16 Whitchurch Road,Pangbourne,Reading
Lincoln Coffee House,Takeaway/sandwich shop,60 Kings Road,Reading,
Lincoln Coffee House,Restaurant/Cafe/Canteen,10-12 King Street,Reading,
Liquor & Vape Shop,Retailers - other,27 School Road,Reading,
Little Acorns,Caring Premises,Moulton Community Centre,Reedings,Moulton
Little Apron,Restaurant/Cafe/Canteen,6 Crown Colonade London Road,Reading,
Little Badgers Pre-School,School/college/university,Armour Hill,Tilehurst,Reading
Little Birches Nursery & Preschool,Caring Premises,Horsepond Road,Gallowstree Common,Reading
Little Dragons Nursery,Caring Premises,57-59 Bath Road,Reading,
Little Gems Day Nursery,Caring Premises,Red Cross Centre 1 Readon Close,,Petersfield
Little Learners Nursery,Caring Premises,Building 196 Whiteknights House University Of Reading,Shinfield Road,Reading
Little Oaks,Caring Premises,Mortimer St. John's C.e. Infant School The Street,Mortimer Common,Reading
Little Petals Day Nursery,Caring Premises,23C Wood Lane,Sonning Common,Reading
Little Tots Montessori Nursery,Caring Premises,59 Prince Of Wales Avenue,Reading,
Local Xpress,Retailers - other,29 Hildens Drive,Tilehurst,Reading
Loddon Brewery,Manufacturers/packers,Dunsden Green Farm Church Lane,Dunsden,Reading
Lois Afro Shop,Retailers - other,273 Oxford Road,Reading,
Lola Lo's,Restaurant/Cafe/Canteen,126 Friar Street,Reading,
Londis,Retailers - other,28 - 30 Reading Road,Pangbourne,Reading
Londis,Retailers - other,286 Gosbrook Road,Caversham,Reading
Londis,Retailers - supermarkets/hypermarkets,526-528 Northumberland Avenue,Reading,
Londis - Leander,Retailers - supermarkets/hypermarkets,182-184 Henley Road,Reading,
Londis Kennet Island,Retailers - other,Whale Avenue,Reading,
Londis Reading Rose Kiln,Retailers - other,Rajan Service Station Rose Kiln Lane,Reading,
Longbridge Mill,Pub/bar/nightclub,The Longbridge Mill,Reading Road,Sherfield-on-Loddon
Loon Tin,Takeaway/sandwich shop,14 West End Road,Mortimer Common,Reading
Love by Lucy and Liam Ltd,Restaurant/Cafe/Canteen,Merlin House Commerce Park Brunel Road,Theale,Reading
Low Moor Club,Pub/bar/nightclub,Low Moor Reading Room And Club,St Pauls Street,Clitheroe
LuvMuffin,Mobile caterer,7 Winton Road,Reading,
Lyndhurst Arms,Pub/bar/nightclub,88 Queens Road,Reading,
Lyndhurst Rest Home,Caring Premises,Lyndhurst Road,Goring,Reading
M & A Convenience Store,Retailers - other,2 Duke Street,Reading,
M & M Food and Wine,Retailers - other,55-57 Wokingham Road,Reading,
M's Smokehouse,Restaurant/Cafe/Canteen,93 Basingstoke Road,Reading,
Mac's Coffee,Restaurant/Cafe/Canteen,33 Castle Street,Reading,
Mac's Deli - Reading,Takeaway/sandwich shop,Blue Collar Corner 15 Hosier Street,Reading,
Mac’s Deli,Restaurant/Cafe/Canteen,22 Theale Lakes Business Park Moulden Way,Sulhamstead,Reading
Mad Hatters Pottery Painting Cafe,Restaurant/Cafe/Canteen,114-116 School Road,Tilehurst,Reading
Madni Halal Meat Reading,Retailers - other,232 Shinfield Road,Reading,
Madoo,Restaurant/Cafe/Canteen,10-12 Duke Street,Reading,
Madras Flavours,Restaurant/Cafe/Canteen,11-13 Kings Road,Reading,
Mai Sushi,Retailers - other,Marks & Spencers 12 Broad Street,Reading,
Maiden Erlegh Chiltern Edge School,School/college/university,Chiltern Edge Secondary School Reades Lane,Sonning Common,Reading
Maiden Erlegh Trust at Hamilton School,School/college/university,135 Bulmershe Road,Reading,
Maiden Erleigh School Reading,School/college/university,81 Crescent Road,Reading,
Majestic Wine,Retailers - other,Caversham Road,Reading,
Majid & Sons,Retailers - other,Basildon Service Station Reading Road,Lower Basildon,Reading
Makan Malaysia UK LLP,Takeaway/sandwich shop,Milford Road,Reading,
Mal'va,Restaurant/Cafe/Canteen,21 Sidmouth Street,Reading,
Malacca,Restaurant/Cafe/Canteen,94 Reading Road,Farnborough,Hampshire
Malaysia Chef,Takeaway/sandwich shop,14 Hildens Drive,Tilehurst,Reading
Malik Brothers Halal Meat at Best Foods,Retailers - other,129-131 Oxford Road,Reading,
Malinka Cash & Carry,Distributors/Transporters,Unit 2 Little Johns Lane,Reading,
Mallu Nest,Takeaway/sandwich shop,124 London Road,Reading,
Malmaison Hotel,Hotel/bed & breakfast/guest house,18-20 Station Road,Reading,Berkshire
Mama Daniela Pizzeria,Restaurant/Cafe/Canteen,521 Oxford Road,Reading,
Mama's Way,Restaurant/Cafe/Canteen,10-12 Duke Street,Reading,
Mamafrika Tropic Food,Retailers - other,385 Oxford Road,Reading,
Mandy’s Food & Wine,Retailers - other,Unit 22 Meadway Shopping Centre Meadway Precinct Honey End Lane,Reading,
Mangiare,Takeaway/sandwich shop,6 Kings Road,Reading,
Manzano's Peri Peri,Restaurant/Cafe/Canteen,41 Oxford Road,Reading,
MAP Food and Wine,Retailers - other,255 London Road,Reading,
Market House,Hotel/bed & breakfast/guest house,1-2 Market Place,Reading,
Marks & Spencer,Retailers - supermarkets/hypermarkets,12 Broad Street,Reading,
Marks & Spencer Simply Foods Eastbound,Retailers - other,Marks & Spencer Foodhall,Burghfield,Reading
Marks & Spencer Simply Foods Level 2 Main Ent Royal Berkshire Hospital,Retailers - other,London Road,Reading,
Marks & Spencer Simply Foods Westbound,Retailers - other,Marks & Spencer Foodhall,Burghfield,Reading
Marks And Spencer,Restaurant/Cafe/Canteen,Marks And Spencer Unit 5,Roaring Meg Retail Park,London Road
Marloe Watch Company,Retailers - other,Blounts Farm Blounts Court Road,Sonning Common,Reading
Marmaris Kebabs,Mobile caterer,169 Caversham Road,Reading,
Marugame,Restaurant/Cafe/Canteen,Unit R2 The Riverside The Oracle,Reading,
Mary Seacole Day Nursery at MAPP Centre,Caring Premises,22-24 Mount Pleasant,Reading,
Mary Stores,Retailers - other,27 St Georges Terrace,Reading,
Masakali,Other catering premises,93-97 Caversham Road,Reading,
Masala Magik,Takeaway/sandwich shop,375 Oxford Road,Reading,
Masonic Hall,Pub/bar/nightclub,,7 Reading Road,Wokingham
Masooms,Restaurant/Cafe/Canteen,High Street,Goring,Reading
Master Fryer at Milestone Way Precinct,Takeaway/sandwich shop,7a Cavendish Road,Emmer Green,Reading
Matchasty London,Retailers - other,260-262 Kentwood Hill,Reading,
Maurice's Ice Cream,Restaurant/Cafe/Canteen,The Forbury,Reading,
Mavis Food and Wine at Reading Rail Station Concourse,Retailers - other,Station Approach,Reading,
McCafferty's,Pub/bar/nightclub,13-14 Friar Street,Reading,
McDonalds,Restaurant/Cafe/Canteen,287 Oxford Road,Reading,
McDonalds (Franchise),Restaurant/Cafe/Canteen,128-129 Friar Street,Reading,Berkshire
McDonalds at Forbury Retail Park,Restaurant/Cafe/Canteen,Kenavon Drive,Reading,
McDonalds at Reading Gate Retail Park,Restaurant/Cafe/Canteen,,Reading,
McDonalds at The Oracle,Restaurant/Cafe/Canteen,Bridge Street,Reading,
McDonalds Restaurant,Restaurant/Cafe/Canteen,Mcdonald's Savacentre Bath Road,Calcot,Reading
Me Kong,Restaurant/Cafe/Canteen,St Lawrence House Abbey Square,Reading,
Meadway News,Retailers - other,151 The Meadway,Tilehurst,Reading
Meat Wala,Retailers - other,Unit 19-20 Meadway Shopping Centre,Tilehurst,Reading
Meat Wala,Retailers - other,61 St Mary's Butts,Reading,
Memory of Sichuan,Restaurant/Cafe/Canteen,109 Friar Street,Reading,
Mendes Catering,Mobile caterer,35 Donnington Gardens,Reading,
Menkind Ltd,Retailers - other,L17 The Lower Mall The Oracle Bridge Street,Reading,
Mercure Newbury West Grange Hotel,Hotel/bed & breakfast/guest house,West Grange Hotel Coxs Lane,Midgham,Reading
Merkur Slots,Other catering premises,104 - 105 Friar Street,Reading,
Mezzo La Strada,Mobile caterer,Sunnyside Reading Road,Burghfield Common,Reading
Mezzo La Strada Mobile Van,Mobile caterer,Broad Street,Reading,Berkshire
MFG Shinfield Service Station,Retailers - other,211 Shinfield Road,Reading,
Miah's of Pangbourne,Restaurant/Cafe/Canteen,26 Reading Road,Pangbourne,Reading
Micklands Pre-School,Caring Premises,Micklands Road,Caversham,Reading
Mighty Allstars at Downsway Primary School,Caring Premises,Downsway Primary School Warbreck Drive,Tilehurst,Reading
Mighty Allstars at Long Lane Primary School,Caring Premises,Long Lane Primary School Long Lane,Tilehurst,Reading
Milanoz King Pizza,Takeaway/sandwich shop,136 Wokingham Road,Reading,
Milk Bar Reading,Pub/bar/nightclub,8 Merchants Place,Reading,Berkshire
Miller & Carter at The Oracle,Restaurant/Cafe/Canteen,Bridge Street,Reading,
Miller & Carter Caversham,Pub/bar/nightclub,109 Kidmore Road,Caversham,Reading
Miller & Carter Stevenage,Restaurant/Cafe/Canteen,Miller & Carter Stevenage Unit 13,Roaring Meg Retail Park,London Road
Millie's Cookies The Oracle,Retailers - other,Bridge Street,Reading,
Mini Market,Retailers - other,29 Whitley Street,Reading,
Mini Mo’z Kebabs,Takeaway/sandwich shop,27 Prospect Street Caversham,Reading,
Mini Oaks Preschool,Caring Premises,St Marys Church Church Lane,Burghfield,Reading
Miniso,Retailers - other,11 Broad Street,Reading,
Ministry Of Drinks,Retailers - other,6B High Street,Pangbourne,Reading
Miquill,Other catering premises,New Town Primary School School Terrace,Reading,
Miquill Catering at Kidmore End CE Primary School,School/college/university,Chalkhouse Green Road,Kidmore End,Reading
MJ Butequim,Other catering premises,1a Buckland Road,Reading,
MK Food & Wine,Retailers - other,598-602 Oxford Road,Reading,
Mleczko Delikatesy,Retailers - other,30 West Street,Reading,
MNKY Lounge,Pub/bar/nightclub,30 Erleigh Road,Reading,
Mo Mo 2 Go,Other catering premises,172 Oxford Road,Reading,
Mo's Kebab,Mobile caterer,20-22 Richfield Avenue,Reading,
Mojo's Bar,Pub/bar/nightclub,Reading University Students' Union,Pepper Lane,Earley
Momo Bros,Other catering premises,101 Northumberland Avenue,Reading,
Momo House,Other catering premises,28 Farnham Drive,Caversham,Reading
Momo Nepal,Restaurant/Cafe/Canteen,13 West Street,Reading,
Mon Cheri,Restaurant/Cafe/Canteen,18 West Street,Reading,
Monkey's Cafe,Restaurant/Cafe/Canteen,9 Greyfriars Road,Reading,
Monkeymoos Highdown,Other catering premises,The Pavillion Surley Row,Reading,
MonkeyMoos Huntley Wharf,Other catering premises,Huntley Wharf 2 Kenavon Drive,Reading,
Monty's Café,Restaurant/Cafe/Canteen,41 Addington Road,Reading,
Mooboo Bubble Tea,Takeaway/sandwich shop,39-41 Oxford Road,Reading,
Moogles,Mobile caterer,67 Chichester Road,Reading,
Moorlands Rest Home,Caring Premises,987 Oxford Road,Tilehurst,Reading
Morrisons,Retailers - supermarkets/hypermarkets,Basingstoke Road,Reading,
Morrisons Daily,Retailers - other,Milestone Way,Caversham,Reading
Morrisons Daily,Retailers - other,24 Coronation Square,Reading,
Morrisons Daily,Retailers - other,10 West End Road,Mortimer Common,Reading
Morrisons Daily,Retailers - other,56-58 Wensley Road,Reading,
Morrisons Petrol,Retailers - other,Basingstoke Road,Reading,
Mortimer Bistro,Restaurant/Cafe/Canteen,6 Victoria Road,Mortimer Common,Reading
Mortimer Brewing Company,Manufacturers/packers,Butlers Lands Farm,Mortimer,Reading
Mortimer Cafe,Restaurant/Cafe/Canteen,38 Victoria Road,Mortimer Common,Reading
Mortimer Community College,School/college/university,Mortimer Community College. Mortimer,Reading Road,South Shields
Mortimer West End Chapel,Restaurant/Cafe/Canteen,Chapel Of The Countess Of Huntingdons,Chapel Lane,Padworth Common
Mosaic's Peri Peri,Takeaway/sandwich shop,51 Wokingham Road,Reading,
Mother Kellys Fish And Chips,Takeaway/sandwich shop,Mother Kellys Fish & Chips,44 The Parade,Reading Road
Moulsford PFS,Retailers - other,47 Reading Road,Cholsey,Wallingford Oxon
Moulsford Service Station,Retailers - other,Gibbs Garage Reading Road,Moulsford,Wallingford Oxon
Mr Cod,Takeaway/sandwich shop,225 Shinfield Road,Reading,
Mr Cod,Takeaway/sandwich shop,155-161 Caversham Road,Reading,
Mr Cod,Takeaway/sandwich shop,211 London Road,Reading,
Mr Cod,Takeaway/sandwich shop,65 Whitley Street,Reading,
Mr Cod,Takeaway/sandwich shop,543 Oxford Road,Reading,
Mr Cod,Takeaway/sandwich shop,176 Oxford Road,Reading,
Mr Flame Peri Peri,Takeaway/sandwich shop,439 Basingstoke Road,Reading,
Mr Q Chinese Take Away,Takeaway/sandwich shop,38 The Parade,Reading Road,Yateley
Mr Simms,Retailers - other,68 Broad Street,Reading,
Mr T's Reading,Restaurant/Cafe/Canteen,43-45 Oxford Road,Reading,
Mr Yucel Timur Mobile Van - DU14 PJJ,Mobile caterer,The Triangle,Tilehurst,Reading Berkshire
Mrs Bland's Infant & Nursery School,School/college/university,Mrs Blands Infant School Jordans Lane,Burghfield Common,Reading
Mrs Peri Peri Kitchen,Takeaway/sandwich shop,549 Oxford Road,Reading,
Ms Susan Jane Hubbard,Other catering premises,161 Kidmore Road,Caversham,Reading
Muffin Break Reading,Restaurant/Cafe/Canteen,Broad Street Mall 213-217 Broad Street,Reading,
Mulberry Care Home,Caring Premises,155a Wokingham Road,Reading,
Munchees,Restaurant/Cafe/Canteen,2-3 Butter Market,Reading,
Munchies Express,Retailers - supermarkets/hypermarkets,7 Royal Avenue,Calcot,Reading
Munchiies,Restaurant/Cafe/Canteen,65 Wokingham Road,Reading,
Museum of English Rural Life,Other catering premises,6 Redlands Road,Reading,
Mustang kitchen,Takeaway/sandwich shop,18 Lincoln Road,Reading,
My Cup Of HK Tea,Takeaway/sandwich shop,77-79 Kings Road,Reading,
My Fruit Marketplace,Retailers - other,Blue Collar Corner 15 Hosier Street,Reading,
Mywok Chowout,Takeaway/sandwich shop,89 Friar Street,Reading,
M’s Bakes,Other catering premises,Victoria Arms 54 Victoria Road,Mortimer Common,Reading
N Family Club,Caring Premises,3-5 Craven Road,Reading,
N K Food and Wine,Retailers - other,Hardwick Road,Tilehurst,Reading
Naaz Foods,Takeaway/sandwich shop,113 Kingsbridge Road,Reading,
Namak Mirch,Takeaway/sandwich shop,251 London Road,Reading,
Namaste Kitchen at Hook & Tackle,Pub/bar/nightclub,Katesgrove Lane,Reading,
Nando's,Restaurant/Cafe/Canteen,30-31 Friar Street,Reading,
Nando's,Restaurant/Cafe/Canteen,Unit B,Reading Gateway,Imperial Way
Nando's,Restaurant/Cafe/Canteen,Nando's Unit 8,Roaring Meg Retail Park,London Road
Nando's Chickenland at The Oracle,Restaurant/Cafe/Canteen,Bridge Street,Reading,
Nathan's Nibbles,Restaurant/Cafe/Canteen,4 Prospect Street,Caversham,Reading
Natural Steps After School Club at the Globe,Caring Premises,12 Portman Road,Reading,
Navara Lodge Residential Rest Home,Caring Premises,1009 Oxford Road,Tilehurst,Reading
Neferititi Market,Retailers - supermarkets/hypermarkets,61 St Marys Butts,Reading,
Neko Kitchen,Restaurant/Cafe/Canteen,19-23 Kings Walk  King Street,Reading,
Nenthead Community Shop & P O,Retailers - other,The Reading Room,,Nenthead
Neville Hall,Other catering premises,Milley Road,Waltham St Lawrence,Reading
New Beginnings Reading at Queens Arms,Restaurant/Cafe/Canteen,24 Great Knollys Street,Reading,
New Bridge Nursery School,Other catering premises,Montague Street Caversham,Reading,
New City Fish Bar,Takeaway/sandwich shop,52 Buckland Road,Reading,
New Directions,Other catering premises,330 Northumberland Avenue,Reading,
New Directions at Cedar Court,Restaurant/Cafe/Canteen,30 Whitley Rise,Reading,
New Happy Garden,Takeaway/sandwich shop,81 Wokingham Road,Reading,
New Look at The Oracle,Retailers - other,Bridge Street,Reading,
New Town Primary School Breakfast Club,Other catering premises,School Terrace,Reading,
Newsmasters,Retailers - other,112 Northumberland Avenue,Reading,
Next Thing Education Camps,Other catering premises,110 Ashampstead Road,Reading,
Next Thing Education Camps,Other catering premises,St Michaels Primary School Dee Road,Tilehurst,Reading
Nibsy's,Mobile caterer,Reading Station North Pitch 1 Trooper Potts Way,Reading,
Niki Convenience Store,Retailers - other,177-179 Whitley Wood Lane,Reading,Berkshire
NineSix,Distributors/Transporters,20-22 Richfield Avenue,Reading,
Nino's Italian Deli,Retailers - other,10 Reading Road,Pangbourne,Reading
Nirai,Restaurant/Cafe/Canteen,64 St Marys Butts,Reading,
Nisa,Retailers - other,1 Recreation Road,Burghfield Common,Reading
Nisa,Retailers - supermarkets/hypermarkets,163-165 Caversham Road,Reading,
Nisa Local,Retailers - supermarkets/hypermarkets,89-91 Basingstoke Road,Reading,
Nisbets PLC,Retailers - other,62 Friar Street,Reading,
Nisha Food & Wine,Retailers - other,106 Queens Road,Reading,
Niyis Ltd,Retailers - other,Sentinel End,Reading,
No 1 Convenience Store,Retailers - other,1 Elgar Road,Reading,c
No 11 Bistro,Restaurant/Cafe/Canteen,11 Reading Road,Pangbourne,Reading
Noa's,Restaurant/Cafe/Canteen,Abbey House 1650 Arlington Business Park,Theale,Reading
Noon Sweet and Savouries,Takeaway/sandwich shop,429 Oxford Road,Reading,
Norcot Food & Wine,Retailers - other,22 Norcot Road,Tilehurst,Reading
Norcot Food Pantry,Restaurant/Cafe/Canteen,Brockley Close,Tilehurst,Reading
Norcot Service Station,Retailers - other,856 Oxford Road,Reading,
Northcourt Lodge Nursing Home,Caring Premises,65 Northcourt Avenue,Reading,
Northcourt News,Retailers - other,159 Northcourt Avenue,Reading,
Northumberland Day Nursery,Caring Premises,14 Northumberland Avenue,Reading,
Northumberland Food & Wine,Retailers - other,467 Northumberland Avenue,Reading,
Norton Tea Room,Restaurant/Cafe/Canteen,Reading Rooms,Great Street,Norton Sub Hamdon
Nosh @,Takeaway/sandwich shop,48a Buckland Road,Reading,
Notes Coffee,Restaurant/Cafe/Canteen,3 Station Hill Square,Reading,
Novotel,Hotel/bed & breakfast/guest house,25b Friar Street,Reading,
NSSport MJ at Churchend School,School/college/university,Usk Road,Tilehurst,Reading
NSSport MJ at St Michaels Primary School,School/college/university,Dee Road,Tilehurst,Reading
Nutriseed,Manufacturers/packers,119 Loverock Road,Reading,
O'Anna's,Restaurant/Cafe/Canteen,Flat 1 1A London Road,Reading,
O'Neills,Pub/bar/nightclub,4 Friar Street,Reading,Berkshire
Oakford Social Club,Pub/bar/nightclub,53 Blagrave Street,Reading,Berkshire
Oakhouse Foods Thames Valley,Retailers - other,5 Arkwright Road,Reading,Berkshire
Ocean Garden,Takeaway/sandwich shop,24 Hildens Drive,Tilehurst,Reading
OCS at Beechwood Grove,Caring Premises,Albert Road,Caversham,Reading
OCS Food Co at Thames Water,Restaurant/Cafe/Canteen,Vastern Road,Reading,
OCS Food Company @ Tesco Reading,Restaurant/Cafe/Canteen,Imperial Way,Reading,
OCS Food Company @ Thames Water,Restaurant/Cafe/Canteen,550 South Oak Way,Reading,
Office Point,Distributors/Transporters,Unit 5-6 Caxton Close Loverock Road Trading Estate,Reading,
Ohayo Sushi & Wok,Takeaway/sandwich shop,936 Oxford Road,Tilehurst,Reading
Oishi,Takeaway/sandwich shop,314 Oxford Roas,Reading,
Old Reading Room Tea-Rooms,Restaurant/Cafe/Canteen,Old Reading Room Gallery,The Street,Kelling
Olive Catering at Hibu Staff Canteen,Restaurant/Cafe/Canteen,23 Forbury Road,Reading,
Olive Catering Services Ltd @ Cafe 10,Restaurant/Cafe/Canteen,1410 Arlington Business Park,Theale,Reading
Oliver’s Pure Oil,Retailers - other,Flat 10 154 Coley Avenue,Reading,
One Beyond,Retailers - supermarkets/hypermarkets,Unit 1 Vastern Court Caversham Road,Reading,
One School Global,School/college/university,The Quad 14 Arkwright Road,Reading,
One Stop,Retailers - other,115A Reading Road,YATELEY,Hampshire
One Stop,Retailers - other,115A Reading Road,YATELEY,Hampshire
One Stop (T&S) Stores,Retailers - other,29 High Street,Theale,Reading
One Stop Shop,Retailers - other,83 Northumberland Avenue,Reading,
OPAC (Older Peoples Activities in Caversham),Restaurant/Cafe/Canteen,Northbrook Road,Caversham,Reading Berkshire
Operation Friendship,Other catering premises,15 Elm Court,Sonning Common,Reading
Orchard View Honey,Farmers/growers,Bradfield College Common Hill,Bradfield,Reading
Ori Caffe at John Lewis,Restaurant/Cafe/Canteen,108-113 Broad Street,Reading,
Oriental Express,Takeaway/sandwich shop,20 Farnham Drive,Caversham,Reading
Oriental Gourmet Chinese,Takeaway/sandwich shop,15 School Road,Tilehurst,Reading
Osaka at the Oracle,Restaurant/Cafe/Canteen,Bridge Street,Reading,
Our Coop Little Pioneers,Other catering premises,The Hospitium Valp Street,Reading,
Outdoor Academy,Restaurant/Cafe/Canteen,Unit 4c Grange Lane,Beenham,Reading
Overbridge WHSmiths at Reading Rail Station,Retailers - other,Station Approach,Reading,
Oxfam,Retailers - other,5 The Square,Pangbourne,Reading
Oxford Health Wallingford Community Hospital,Caring Premises,Reading Road,Wallingford,Oxon
Oxford Road Community School After School Club,Other catering premises,146 Oxford Road,Reading,
Oxford Road Primary School,School/college/university,146 Oxford Road,Reading,
Oxford Road Service Station,Retailers - other,150 Oxford Road,Reading,
Oxford Road Store,Retailers - other,512 Oxford Road,Reading,
Oxford Sweet Shop,Retailers - other,462 Oxford Road,Reading,
Oxygen ActivePlay Reading,Restaurant/Cafe/Canteen,8 Bridgewater Close,Reading,
OYE Paitu’s Kitchen,Takeaway/sandwich shop,308 Oxford Road,Reading,
PadelHub,Retailers - other,4b Kenavon Drive,Reading,
"Paesinos Italian Pizzeria, Roast and Roots, Tokyo Burger",Restaurant/Cafe/Canteen,Unit 4 2 Kings Road,Reading,
Palace Village Pizza & Peri Peri,Takeaway/sandwich shop,254 Kentwood Hill Tilehurst,Reading,
Palmer Tavern,Pub/bar/nightclub,128 Wokingham Road,Reading,
Pangbourne And Dist Bowls Club,Pub/bar/nightclub,Recreation Ground Thames Avenue,Pangbourne,Reading
Pangbourne Cafe,Restaurant/Cafe/Canteen,14 Whitchurch Road,Pangbourne,Reading
Pangbourne Day Nursery,Caring Premises,21D Reading Road,Pangbourne,Reading
Pangbourne Valley Playgroup,Caring Premises,Pangbourne Primary School Kennedy Drive,Pangbourne,Reading
Pangbourne Working Mens Club,Pub/bar/nightclub,1 Whitchurch Road,Pangbourne,Reading
Papa Gee,Restaurant/Cafe/Canteen,5 Prospect Street,Caversham,Reading
Papa Johns,Takeaway/sandwich shop,223 Shinfield Road,Reading,
Papa Johns,Takeaway/sandwich shop,Moulsford Mews,Reading,
Paprika Indian Takeaway,Takeaway/sandwich shop,167 Caversham Road,Reading,
Park Day Nursery,Caring Premises,8 College Road,Reading,
Park Eat at University of Reading,Restaurant/Cafe/Canteen,Upper Redlands Road,Reading,
Park Lane Off Licence,Retailers - other,154 Park Lane,Tilehurst,Reading
Parkside House,Caring Premises,Parkside Road,Reading,HAI
Parkside International Hotel,Hotel/bed & breakfast/guest house,72 Bath Road,Reading,
Parthian Climbing,Restaurant/Cafe/Canteen,Britten Road,Reading,
Pasibrzueszek Polish Cousin Restaurant,Restaurant/Cafe/Canteen,49 Hemdean Road,Caversham,Reading
Pasta Evangelists,Takeaway/sandwich shop,Milford Road,Reading,
Pasty Shop at Reading Train station,Takeaway/sandwich shop,Station Approach,Reading,
Path Hill Outdoors,Restaurant/Cafe/Canteen,The Old Dairy Path Hill,Goring Heath,Reading
Pathaans,Restaurant/Cafe/Canteen,2 Bridge Street Caversham,Reading,
Pau Brasil,Retailers - other,89-91 Mount Pleasant,Reading,
Paul Patisserie,Restaurant/Cafe/Canteen,70-72 Broad Street,Reading,
Pausa Coffee Shop At Dunelm Mill,Restaurant/Cafe/Canteen,Dunelm Mill Pincents Kiln,Calcot,Reading
Pavillion Pantry,Other catering premises,143-145 Oxford Road,Reading,
Paya/Korean Krispy,Takeaway/sandwich shop,84 London Street,Reading,
Peach's Stores,Retailers - other,Peachs Stores Long Grove,Upper Bucklebury,Reading
Pearls Bubble Tea,Restaurant/Cafe/Canteen,University Of Reading Students Union,Whiteknights Road,Earley
Pembroke Lodge,Caring Premises,32 Alexandra Road,Reading,EADING fOOD cENTRE
Penta Hotel Reading,Hotel/bed & breakfast/guest house,Oxford Road,Reading,Berkshire
Pepe's Piri Piri,Takeaway/sandwich shop,109b Oxford Road,Reading,
Perfect Fried Chicken,Takeaway/sandwich shop,158 Oxford Road,Reading,
Perfect Parties,Other catering premises,64 Victoria Road,Mortimer Common,Reading
Peri Peri Chicken Hut,Takeaway/sandwich shop,37 Whitley Street,Reading,
Perk Café,Restaurant/Cafe/Canteen,100 Brook Drive,Reading,
Perry's Carribbean Food,Restaurant/Cafe/Canteen,7 High Street,Reading,
Phantom Brewing Co,Pub/bar/nightclub,Meadow Road,Reading,
Pho 86,Restaurant/Cafe/Canteen,35-37 St Marys Butts,Reading,
Pho at Kings Walk,Restaurant/Cafe/Canteen,King Street,Reading,
Phoenix the Village Shop Limited,Retailers - other,The Village Shop Bath Road,Woolhampton,Reading
Picnic Foods,Restaurant/Cafe/Canteen,5 Butter Market,Reading,
Pierre's Baguettes,Takeaway/sandwich shop,58a St Marys Butts,Reading,
Pierre's Baguettes,Takeaway/sandwich shop,16-17 Harris Arcade,Reading,
Pierreponts Cafe,Restaurant/Cafe/Canteen,1 High Street,Goring,Reading
Pierreponts Cafe at The Herb Farm,Restaurant/Cafe/Canteen,The Herb Farm Peppard Road,,Sonning Common Reading
Pine Croft 1 Monks Barn,Caring Premises,Cressingham Road,Reading,Berkshire
Pine Rivers Day Nursery,Caring Premises,5 Western Elms Avenue,Reading,
Pit Stop Cafe,Restaurant/Cafe/Canteen,Silverstone Motor Racing Circuit,Silverstone Circuit,Silverstone
PitStop Cafe @ Gridline Racing,Restaurant/Cafe/Canteen,Gridline Racing,Dunford Road,Lincoln
Piwnica Pub,Pub/bar/nightclub,81 London Road,Reading,
Pizza 2 Night,Takeaway/sandwich shop,155-157 Southampton Street,Reading,
Pizza Cottage Reading,Takeaway/sandwich shop,383 Oxford Road,Reading,
Pizza Express at The Oracle,Restaurant/Cafe/Canteen,Bridge Street,Reading,
Pizza Go Go,Takeaway/sandwich shop,49 Basingstoke Road,Reading,
Pizza House,Takeaway/sandwich shop,80 Oxford Road,Reading,
Pizza Hut,Takeaway/sandwich shop,529 Oxford Road,Reading,
Pizza Hut,Takeaway/sandwich shop,231a Shinfield Road,Reading,
Pizza Hut Delivery,Takeaway/sandwich shop,6 The Parade,34 Reading Road,Yateley
Pizza Press,Mobile caterer,370 Tilehurst Road,Reading,
Pizza Presto,Takeaway/sandwich shop,53 Whitley Street,Reading,
Platter (by Benugo at John Lewis),Takeaway/sandwich shop,108-113 Broad Street,Reading,
Playday,Caring Premises,100 Hemdean Road,Caversham,Reading
Playlist Live / Live Investments,Pub/bar/nightclub,108 Friar Street,Reading,
Playtime at The Oracle,Mobile caterer,Bridge Street,Reading,
PMK Supermarket,Retailers - other,536-540 Northumberland Avenue,Reading,
Pokhara Delight,Restaurant/Cafe/Canteen,21 Reading Road,Henley-On-Thames,Oxon
Police Rehabilitation Centre,Caring Premises,Flint House Reading Road,Goring,Reading
Polmont Playgroup,School/college/university,,Polmont Playgroup,Redding Road
Polski Sklep Smaczek Reading Ltd,Retailers - other,23-25 Oxford Road,Reading,
Popeyes,Restaurant/Cafe/Canteen,107 Broad Street,Reading,
Popeyes Louisiana Chicken,Restaurant/Cafe/Canteen,Unit 3a Proctor End North,Reading,
Popworld/ Sub 89,Pub/bar/nightclub,110-117 Friar Street,Reading,
Poundland at Broad Street Mall,Retailers - other,Broad Street,Reading,
Prablin Store,Retailers - supermarkets/hypermarkets,5-6 Friar Street,Reading,
Premier,Retailers - other,72 Christchurch Road,Reading,
Premier,Retailers - other,72 Christchurch Road,Reading,
Premier,Retailers - other,26 Coronation Square,Reading,
Premier Addington Local,Retailers - other,80 Addington Road,Reading,
Premier Berkeley Stores,Retailers - other,39a Berkeley Avenue,Reading,
Premier Education Holiday Camp @ New Christ Church Primary School,Other catering premises,Milman Road,Reading,
Premier Inn,Hotel/bed & breakfast/guest house,Richfield Avenue,Reading,Berkshire
Premier Inn Reading Central,Hotel/bed & breakfast/guest house,Letcombe Street,Reading,Berkshire
Premier Park Lane,Retailers - other,4 Park Lane,Tilehurst,Reading
Premier Plus Events,Mobile caterer,Green Gables Tidmarsh Lane,Tidmarsh,Reading
"Premier Stores ""Earley Express""",Retailers - other,125 Wokingham Road,Reading,
Premier Stores Theale Convenience,Retailers - other,12 High Street,Theale,Reading
Pret  A Manger,Restaurant/Cafe/Canteen,211 Shinfield Road,Reading,
Pret a Manger at Moto Hospitality West,Restaurant/Cafe/Canteen,Motorway Service Area,Burghfield,Reading
Pret a Manger At Reading Eastbound,Restaurant/Cafe/Canteen,Motorway Service Area,Burghfield,Reading
Pret a Manger at Thames Tower,Restaurant/Cafe/Canteen,37-45 Station Road,Reading,
Pret a Manger at The Oracle,Restaurant/Cafe/Canteen,Bridge Street,Reading,
Prezzo,Restaurant/Cafe/Canteen,10-12 King Street,Reading,
Prime Seven Mart,Retailers - other,10-12 Oxford Road,Reading,
Prince Of Wales Public House,Pub/bar/nightclub,77 Reading Road South,Fleet,
Proper Takeout,Restaurant/Cafe/Canteen,Dunsden Green Farmhouse Church Lane,Dunsden,Reading Oxon
Prospect Bowling Club,Pub/bar/nightclub,Honey End Lane,Reading,Berkshire
Providence Chapel,Other catering premises,103 Oxford Road,Reading,
Pudd n Parcel,Other catering premises,24 Peppard Road Emmer Green,Reading,
Punjab Foods,Retailers - other,42 Erleigh Road,Reading,
Purdey at The Royal Berkshire Shooting School,Restaurant/Cafe/Canteen,Tomb Farm Hook End Lane,Ashampstead,Reading
Puree mobile van,Mobile caterer,Pitch 5 Broad Street,Reading,
PureGym,Retailers - other,350 Basingstoke Road,Reading,
PureGym,Retailers - other,69 Caversham Road,Reading,
Purley Park Social Club,Pub/bar/nightclub,82 - 84 Wintringham Way,Purley On Thames,Reading
Purley Pre School,Caring Premises,Long Lane Primary School Long Lane,Tilehurst,Reading
Purley Sports & Social Club,Pub/bar/nightclub,The Purley Sports And Social Club Goosecroft Lane,Purley On Thames,Reading
Purple Turtle,Pub/bar/nightclub,9 Gun Street,Reading,
Quality Care Providers,Caring Premises,51a Circuit Lane,Southcote,Reading
Quality Care Providers Limited,Caring Premises,88 Northumberland Avenue,Reading,
Quattro Restaurant,Restaurant/Cafe/Canteen,14 Prospect Street,Caversham,Reading
Qumin Takeaway,Takeaway/sandwich shop,116 Henley Road,Caversham,Reading
R D Catering at Henley Masonic Centre,Restaurant/Cafe/Canteen,Thames Lodge 61 Reading Road,Henley-On-Thames,Oxon
Racing Club Warwick FC,Pub/bar/nightclub,Racing Club Fc,Hampton Road,
Radish Food Services at South Stoke Primary School,School/college/university,South Stoke Primary School The Street,South Stoke,Reading
Rafina Coffee Lounge,Restaurant/Cafe/Canteen,45 West Street,Reading,
Rahim Superstore,Retailers - other,59-61 Wokingham Road,Reading,
Rainbow Day Nursery,Caring Premises,19 Craven Road,Reading,
Rancheese,Restaurant/Cafe/Canteen,171 Caversham Road,Reading,
Rap Café,Other catering premises,Regus 200 Brook Drive Green Park,Reading,
Rarebreed Dinning At The Shurlock Inn,Restaurant/Cafe/Canteen,The Shurlock Inn,The Street,Shurlock Row
Rawcliffe Primary School,School/college/university,Ridding Lane,Rawcliffe,Goole
RCCG Victory at Reading,Other catering premises,553 Oxford Road,Reading,
Re-Charge Refectory,School/college/university,Kings Road,Reading,
Readifood,Retailers - other,33 Boulton Road,Reading,
Reading & District Irish Association,Pub/bar/nightclub,96-104 Chatham Street,Reading,
Reading Abbey RFC Ltd,Pub/bar/nightclub,Peppard Road,Emmer Green,Reading
Reading Beach & Christmas Bar,Pub/bar/nightclub,Bridge Street,Reading,
Reading Biscuit Factory,Retailers - other,1a Queens Walk,Reading,
Reading Bowling Club,Pub/bar/nightclub,94 Kendrick Road,Reading,
Reading Express,Retailers - other,102 Oxford Road,Reading,
Reading Food Centre,Retailers - other,75 Northumberland Avenue,Reading,
Reading Gateway Premier Inn,Pub/bar/nightclub,Reading Gateway,Imperial Way,Reading
Reading Ghana Seventh-Day Adventist Church,Other catering premises,10 Cremyll Road,Reading,
Reading Golders luncheon Group at Wesley Methodist Church,Restaurant/Cafe/Canteen,84 Queens Road,Reading,
Reading Grill,Takeaway/sandwich shop,405 Oxford Road,Reading,
Reading Hindu Temple,Other catering premises,112 Whitley Street,Reading,Berkshire
Reading Local,Retailers - other,252-256 Kings Road,Reading,
Reading Mencap,Caring Premises,21 Alexandra Road,Reading,
Reading Mini Mart,Retailers - other,302 Oxford Road,Reading,
Reading Pharmacy,Retailers - other,105 Wokingham Road,Reading,
Reading Quality Fish,Retailers - other,7 West Street,Reading,
Reading Railway Club,Pub/bar/nightclub,6a Station Hill,Reading,
Reading Room,Restaurant/Cafe/Canteen,Reading Room Kemp Town Slopes,Madeira Drive,Brighton
Reading Room Day Spa,Restaurant/Cafe/Canteen,1 The Reading Room The Street,,Iford
Reading School,School/college/university,Erleigh Road,Reading,
Reading Scientific Services Ltd,Other catering premises,,Reading Service Centre,Whiteknights Campus
Reading Sea Cadets,Restaurant/Cafe/Canteen,Oxford Road,Reading,
Reading Socialeyes,Restaurant/Cafe/Canteen,Redlands Parish Church & Hall St Luke's Church,Reading,
Reading Supermarket,Retailers - supermarkets/hypermarkets,437-439 Oxford Road,Reading,
Reading Tandoori,Restaurant/Cafe/Canteen,262-264 Oxford Road,Reading,
Reading West SDA,Other catering premises,24 Portman Road,Reading,
Reading YMCA Football Club,Pub/bar/nightclub,Padworth Village Hall Padworth Lane,Lower Padworth,Reading
Ready Tasty Fish & Chips,Takeaway/sandwich shop,112 Henley Road,Caversham,Reading
Recipe Hub,Restaurant/Cafe/Canteen,2-4 Kings Road,Reading,
Red Balloon Learner Centre,School/college/university,220 Kings Road,Reading,
Red Onion Tandoori,Takeaway/sandwich shop,234c Shinfield Road,Reading,
Redding & Westquarter Unity Club,Pub/bar/nightclub,,Redding & Westquarter Unity Club,Redding Road
Redding Fish And Chips,Takeaway/sandwich shop,,22 Wholequarter Avenue,
Reddings Primary School,School/college/university,Reddings Jmi School,Bennetts End Road,Hemel Hempstead
Reedings Junior School,School/college/university,Reedings Jm School,Bullfields,Sawbridgeworth
Reefah’s flavour,Hotel/bed & breakfast/guest house,Appleton house Alexandra Rd,Reading,
Reeves Butchers,Retailers - other,70 - 72C Reading Road,Yateley,Hampshire
Regatta Food & Wine,Retailers - other,24 Reading Road,Henley-On-Thames,Oxon
Regatta Service Station,Retailers - other,Regatta Service Station Reading Road,Henley-On-Thames,Oxon
Revolucion De Cuba,Pub/bar/nightclub,138-141 Friar Street,Reading,
Richfields Deli and Grill,Restaurant/Cafe/Canteen,211 Caversham Road,Reading,
Rise Bakehouse,Other catering premises,4 Chatham Street,Reading,
Rising Sun Art Centre,Other catering premises,30 Silver Street,Reading,Berkshire
"River Academy, Maiden Erlegh Trust",School/college/university,7 Richfield Avenue,Reading,
Rivermead Leisure Centre,Other catering premises,Richfield Avenue,Reading,
Riverspice Restaurant,Restaurant/Cafe/Canteen,206 Caversham Road,Reading,
Rizouq,Takeaway/sandwich shop,117 Wokingham Road,Reading,
RnK Stores (Londis),Retailers - other,Reading Road,Woodcote,Reading
RoamingBitesUK,Mobile caterer,Roaming Bites UK,5 Orion Business Centre,Surrey Canal Road
Roaring Donkey,Pub/bar/nightclub,Roaring Donkey PH,316 Holland Road,Clacton-on-Sea
ROCFitness Gym Ltd,Restaurant/Cafe/Canteen,Unit H Bridge Farm,Reading Road,Arborfield
Rodeo Doughnuts,Manufacturers/packers,54 Britten Road Robert Cort Industrial Estate,Reading,
Rolling Bites,Mobile caterer,1 Whitchurch Road,Pangbourne,Reading
Rontec Thatcham Service Station,Retailers - other,Woolhampton Service Station Bath Road,Woolhampton,Reading
Rontec Watford Ltd,Retailers - other,Richfield Avenue,Reading,
Roosters Fried n Grill,Takeaway/sandwich shop,217 London Road,Reading,
Roosters Piri Piri,Takeaway/sandwich shop,11-12 West Street,Reading,
Rosa's Thai,Restaurant/Cafe/Canteen,Unit 1 Jackson's Corner 1-9 Kings Road,Reading,
Rose Garden Early Years Centre,Caring Premises,5 Christchurch Gardens,Reading,
Rosebank House,Caring Premises,Lower Henley Road,Caversham,Reading
Roselawn Hotel,Hotel/bed & breakfast/guest house,Roselawn Hotel Hermits Hill,Burghfield,Reading
Rosies Tea Room,Restaurant/Cafe/Canteen,Holdshott Farm,Reading Road,Heckfield
Roti Joupa Reading,Takeaway/sandwich shop,16 North Street,Reading,
Rougevin,Other catering premises,Unit 140 7 Bridgewater Close,Reading,
Royal Berkshire Hospital Central Catering,Caring Premises,London Road,Reading,
Royal Chef,Takeaway/sandwich shop,261 Basingstoke Road,Reading,
Royal Dragon,Takeaway/sandwich shop,242 Northumberland Avenue,Reading,
Royal Halal Meat,Retailers - other,75 Northumberland Avenue,Reading,
Royal Tandoori / Bhel Phuri at Ibis Styles Hotel,Restaurant/Cafe/Canteen,4-8 Duke Street,Reading,
Royale Paradise,Takeaway/sandwich shop,250-250A Shinfield Road Reading,Reading,
Rudding Park Golf Clubhouse,Restaurant/Cafe/Canteen,Rudding Park Golf Rudding Lane,,
Rudding Park Hotel,Hotel/bed & breakfast/guest house,Rudding Park Hotel Follifoot,,
S & D Catering Mobile Van at Reading Market,Mobile caterer,Hosier Street,Reading,Berkshire
Sadaka at Fairview Youth & Community Centre,Other catering premises,90b Great knolly's Street,Reading,Berkshire
Saffron Alley,Distributors/Transporters,46-48 Portman Road,Reading,
Sainsbury's,Retailers - supermarkets/hypermarkets,Savacentre Bath Road,Calcot,Reading
Sainsbury's,Retailers - supermarkets/hypermarkets,17-27 Station Road,Reading,
Sainsbury's,Retailers - supermarkets/hypermarkets,7-8 Broad Street,Reading,
Sainsbury's,Retailers - supermarkets/hypermarkets,52-55 Friar Street,Reading,
Sainsbury's Arborfield Superstore,Retailers - supermarkets/hypermarkets,,Remount Drive,Arborfield Green
Salisbury Conservative Club,Pub/bar/nightclub,316 Kings Road,Reading,
Salt & Smash,Takeaway/sandwich shop,60 Christchurch Road,Reading,
Sam 99p,Retailers - other,118-119 Friar Street,Reading,
Samba's Kitchen Ltd - Mr Massamba Thiam,Mobile caterer,173 Cardiff Road,Reading,
Sambuca Off Licence,Retailers - other,87 Wokingham Road,Reading,
Sams Wraps Mobile Van,Mobile caterer,Broad Street,Reading,
Sapana Home,Restaurant/Cafe/Canteen,8 Queen Victoria Street,Reading,
Savers,Retailers - other,4-5 St Marys Butts,Reading,
SBA Trading Ltd T/a Today's Village Stores,Retailers - other,The Village Shop Colyton Way,Purley On Thames,Reading
Sea Masters Fish & Chips at Meadway Precinct,Takeaway/sandwich shop,Honey End Lane,Reading,
Sear Events,Mobile caterer,Units 2 & 3 Withy Copse Horsepond Road,Kidmore End,Reading
Seasons Afro Caribbean,Takeaway/sandwich shop,375 Oxford Road,Reading,
Seewoo (Reading),Retailers - supermarkets/hypermarkets,15 Craddock Road,Reading,
Seixal Summer Club,Restaurant/Cafe/Canteen,Riverside The Oracle Shopping Centre,Reading,
Selekt Chicken,Takeaway/sandwich shop,221 London Road,Reading,
Seoul Plaza,Retailers - other,6-7 St Marys Butts,Reading,
Serdio Ibericos,Other catering premises,8 Prospect Street,Caversham,Reading
Shahs halal food reading,Takeaway/sandwich shop,33 Oxford Road Reading,Reading,
Shake Shack,Restaurant/Cafe/Canteen,121-122 Broad Street,Reading,
Shapla Tandoori,Takeaway/sandwich shop,248c Shinfield Road,Reading,Berkshire
Shawarma Reading,Takeaway/sandwich shop,13 West Street,Reading,
Shed,Restaurant/Cafe/Canteen,8 Merchants Place,Reading,
Shell Fairfield Service Station,Retailers - other,Basingstoke Road,Reading,
Shell Little Waitrose Winnersh,Retailers - other,Wokingham Service Station,Reading Road,Wokingham
Shell Thames Valley Service Station,Retailers - other,George Street,Caversham,Reading
Shellfish Cow,Restaurant/Cafe/Canteen,53-55 Reading Road,Henley-On-Thames,Oxon
Sherfield Early Years Centre,School/college/university,Sherfield School,Reading Road,Sherfield-on-loddon
Sherfield On Loddon Village Hall,Other catering premises,Reading Road,Sherfield-on-Loddon,Hook
Sherriff Boathouse,Other catering premises,Henley Road,Caversham,Reading
Shinfield Local,Retailers - other,252 Shinfield Road,Reading,
Shinfield Players Theatre,Retailers - other,,Shinfield Park,Shinfield READING
Shirdi Saibaba Temple & Community,Other catering premises,44 West Street,Reading,
Shoulder Of Mutton,Pub/bar/nightclub,Shoulder Of Mutton,Playhatch,Reading
Showcase Cinemas de Lux,Retailers - other,Showcase Cinema,Reading Road,Winnersh
Signature at Caversham,Caring Premises,199-203 Henley Road,Caversham,Reading
Silchester Farm,Other catering premises,Little London Road,Silchester,Reading
Silchester Village Market Cafe,Other catering premises,Village Hall,Whistlers Lane,Silchester
Simply Wines Direct,Retailers - other,4 High Street,Pangbourne,Reading
Sip and Spin,Pub/bar/nightclub,19 Eldon Terrace,Reading,
Siren City Bars,Other catering premises,1 Friars Walk,Reading,
Siri Guru Singh Sabha Gurdwara,Other catering premises,30a Cumberland Road,Reading,
Sizzling Kebab,Restaurant/Cafe/Canteen,531 Oxford Road,Reading,
Skipper's Fish and Chips,Takeaway/sandwich shop,579 Basingstoke Road,Reading,
SKVP Reading,Other catering premises,97 Kings Road,Reading,
Slamburger,Restaurant/Cafe/Canteen,60 Christchurch Road,Reading,
SLM Food and Beverage at Willink Leisure Centre,Restaurant/Cafe/Canteen,Willink Leisure Centre School Lane,Burghfield Common,Reading
SLM Food and Beverage/Everyone Active at Cotswold Sports Centre,Restaurant/Cafe/Canteen,Cotswold Sports Centre Downs Way,Tilehurst,Reading
Sloth Coffee Van - Selina Lee,Mobile caterer,23 Battle Place,Reading,
Slug & Lettuce,Pub/bar/nightclub,7-9 Friar Street,Reading,
Slug & Lettuce Riverside Reading,Restaurant/Cafe/Canteen,Bridge Street,Reading,
Smart Fish Bar,Takeaway/sandwich shop,138 Reading Road,Henley-On-Thames,Oxon
SmashNGrill,Takeaway/sandwich shop,171 Caversham Road,Reading,
Smelly Wellies,Restaurant/Cafe/Canteen,Chiltern Cottage South Stoke Road,Woodcote,Reading
Smiths Newsagency,Retailers - other,63 Gosbrook Road,Caversham,Reading
Smoke & Pepper,Restaurant/Cafe/Canteen,2-3 Buttermarket,Reading,
Smoked Oak,Restaurant/Cafe/Canteen,The Lyndhurst 88 Queesn Road,Reading,
Smokeez Pizza & Grill,Takeaway/sandwich shop,357 Oxford Road,Reading,
Snack Shack,Mobile caterer,South West Banger Racing Club,Mullacott Cross Industrial Estate,Ilfracombe
Snack Shack at Lagoona Park,Restaurant/Cafe/Canteen,Kirtons Farm Water Ski Club Pingewood,Burghfield,Reading
Snowflake Gelato,Restaurant/Cafe/Canteen,The Oracle Upper Level Kiosk,Reading,
Sodexo,Other catering premises,350 Brook Drive,Reading,
Sodexo at Gillette,Restaurant/Cafe/Canteen,452 Basingstoke Road,Reading,
Sodexo at JM Sonning,Restaurant/Cafe/Canteen,Blounts Court Road Sonning Common,Reading,
Sonning Common Fish Bar,Takeaway/sandwich shop,2 Green Lane,Sonning Common,Reading
Sonning Common Food & Wine,Retailers - other,26 Peppard Road,Sonning Common,Reading
Sonning Common Primary School Breakfast/After School Club,School/college/university,Grove Road,Sonning Common,Reading
Sorrento,Restaurant/Cafe/Canteen,33 Reading Road South,Fleet,Hampshire
Soul Chill Café,Restaurant/Cafe/Canteen,67 London Street,Reading,
Soul Taste,Mobile caterer,Wasing Place Wasing Park,Aldermaston,Reading
Source Cafe @ Three Green Park,Restaurant/Cafe/Canteen,450 Longwater Avenue,Reading,
South Reading Over 50s Lunch Club,Other catering premises,28-35 Lexington Grove,Reading,
South Stoke Community Shop,Retailers - other,South Stoke Community Shop Cross Keys Road,South Stoke,Reading
South Street Arts Centre Bar,Pub/bar/nightclub,21 South Street,Reading,
South Whitley Superstore,Retailers - supermarkets/hypermarkets,238-240 Northumberland Avenue,Reading,
Southcote Newsagency,Retailers - other,6 Southcote Parade,Reading,
Southcote Pantry,Other catering premises,280a Southcote Lane,Reading,
Southcote Pharmacy,Retailers - other,36 Coronation Square,Reading,Berkshire
Spar,Retailers - other,12 Spey Road,Tilehurst,Reading
Spice Lounge,Restaurant/Cafe/Canteen,20 High Street,Theale,Reading
Spice Master,Restaurant/Cafe/Canteen,22 Hildens Drive,Tilehurst,Reading
Spicy CHULLA Punjabi Restaurant,Restaurant/Cafe/Canteen,109 Wokingham Road,Reading,
Spicy Chutney,Mobile caterer,51 Silverthorne Drive Caversham,Reading,
Spill Bar,Pub/bar/nightclub,29 Church Street,Caversham,Reading
Spinners,Pub/bar/nightclub,1a Queens Walk,Reading,
Spire Dunedin Hospital,Caring Premises,16 Bath Road,Reading,
Spitiko Greek Restaurant,Restaurant/Cafe/Canteen,6 Prospect Street,Caversham,Reading
Spoons,Mobile caterer,,Redding Industrial Estate,
Spoons Coffee Shop,Restaurant/Cafe/Canteen,7 The Colonnade Overdown Road,Tilehurst,Reading
Sports Direct,Retailers - other,Unit 2 Savacentre Bath Road,Calcot,Reading
Sports Direct,Retailers - other,61-64 Broad Street,Reading,
Sportsdirect.com,Retailers - other,Unit 2 Savacentre Bath Road,Calcot,Reading
Springwater Foodbank,Retailers - other,The Church Of Christ The King Sedgewell Road,Sonning Common,Reading
Spud Kingz,Mobile caterer,Unit 5 Reading Gate Retail Park,Reading,
Spudski,Mobile caterer,2-4 Wokingham Road,Reading,
Square Deal Cafe,Restaurant/Cafe/Canteen,Square Deal,Bath Road,Knowl Hill
SRI Sadguru Seva,Restaurant/Cafe/Canteen,56 Nightingale Way Reading,Reading,
St Andrews Church Hall,Other catering premises,St Andrews Church,Reading Street,Broadstairs
St Anthony Store,Retailers - other,7 Whitley Street,Reading,
St Bernards Catholic High School,School/college/university,St Bernards Roman Catholic School,Rating Lane,Barrow-In-Furness
St Catherine's Cafe,Restaurant/Cafe/Canteen,Church Of St Catherine Wittenham Avenue,Tilehurst,Reading
St Johns CE Primary School,School/college/university,121-147 Orts Road,Reading,
St Leonards Church,Other catering premises,Reading Road,Church End,Sherfield-on-Loddon
St Lukes & The Oaks Residential Home,Caring Premises,Marshland Square,Emmer Green,Reading
St Matthews Church,Other catering premises,205 Southcote Lane,Reading,
St Paul's Stars Breakfast & After School Club,Caring Premises,St Pauls Catholic Primary School City Road,Tilehurst,Reading
Stableside,Hotel/bed & breakfast/guest house,York Racing Stables,Tadcaster Road,Dringhouses
Staple,Restaurant/Cafe/Canteen,Village Stores,30A Reading Street,Broadstairs
Starbucks at Reading Rail Station Concourse,Restaurant/Cafe/Canteen,Station Approach,Reading,
Starbucks Coffee Co At Sainsburys,Restaurant/Cafe/Canteen,Savacentre Bath Road,Calcot,Reading
Starbucks Coffee Company,Restaurant/Cafe/Canteen,Unit 5 Reading Link Retail Park,Rose Kiln Lane,Reading
Starbucks Coffee Shop,Restaurant/Cafe/Canteen,6 King Street,Reading,
Starbucks Kiosk at Reading Station,Takeaway/sandwich shop,Station Approach,Reading,
Station Spuds and Grill,Mobile caterer,Reading Train Station,Entrance 2,Trooper Potts Way
Steak and Smash,Mobile caterer,Flat 20 Cadogan House Rose Kiln Lane,Reading,
Stepping Stones Preschool,Caring Premises,1 Dunsfold Road,Tilehurst,Reading
Stir Food at Beenham Primary School,School/college/university,Beenham Primary School,Beenham,Reading
Stir Food at Englefield C.E. Primary School,School/college/university,Englefield Church Of England Primary School The Street,Englefield,Reading
Stir Food at The Avenue Special School,School/college/university,Conwy Close,Tilehurst,Reading
Stir Food at Woolhampton C.E. Primary School,School/college/university,Woolhampton Church Of England Primary School Woolhampton Hill,Upper Woolhampton,Reading
Stir Fry Caversham,Takeaway/sandwich shop,36a Church Street,Caversham,Reading
Stokrotka,Retailers - other,43 Whitley Street,Reading,
Stoneham Grove Care Home,Caring Premises,Stoneham Grove Care Home Long Lane,Tilehurst,Reading
Stop and Taste,Restaurant/Cafe/Canteen,3 Cavendish Road,Reading,
Stratfield Saye Preservation Trust Cafe,Restaurant/Cafe/Canteen,Stratfield Saye House,The Copse,Stratfield Saye
Streatley Hill Pre-School,Caring Premises,Streatley Church Of England Voluntary Controlled School The Coombe,Streatley,Reading
Street Food Shack,Restaurant/Cafe/Canteen,33A - 33B High Street,Theale,Reading
Stroke Care For Newbury,Other catering premises,Woolhampton Village Hall Bath Road,Woolhampton,Reading
Subway,Takeaway/sandwich shop,,Unit 1 Lower Earley,Chalfront Way
Subway,Takeaway/sandwich shop,146 Wokingham Road,Reading,
Subway,Takeaway/sandwich shop,21 Oxford Road,Reading,
Subway,Takeaway/sandwich shop,146 Wokingham Road,Reading,
Subway,Restaurant/Cafe/Canteen,Unit 10 Brunel Retail Park Rose Kiln Lane,Reading,
Subway,Takeaway/sandwich shop,Moulsford Mews,Reading,
Subway,Takeaway/sandwich shop,7 Gun Street,Reading,
Subway,Restaurant/Cafe/Canteen,,420 Reading Road,Winnersh
Subway,Takeaway/sandwich shop,234a Shinfield Road,Reading,
Sue Ryder,Retailers - other,6-8 Oxford Road,Reading,Berkshire
Sue Ryder Care,Caring Premises,22 Liebenrood Road,Reading,
Sue Ryder Shop,Retailers - other,119 Wokingham Road,Reading,
Sugar Land Sweets UK,Retailers - other,Paddock Road,Caversham,Reading
Sulhamstead & Ufton Cricket Club,Pub/bar/nightclub,Sulhamstead Cricket Club Bath Road,Sulhamstead,Reading
Sultan Halal,Retailers - other,403 Oxford Road,Reading,
Sultan Halal Meats,Retailers - other,80 Tean House Havergate Way,Reading,
Sume,Restaurant/Cafe/Canteen,3 Broad Street,Reading,
Sunshine Chinese Takeaway,Takeaway/sandwich shop,893 Oxford Road,Reading,
Super Convenience,Retailers - other,125 Friar Street,Reading,
Super Delight,Retailers - other,125 Friar Street,Reading,
Super Fire Gym,Other catering premises,19 Boulton Road,Reading,
Super Striker Fundraisers at Katesgrove Primary School,School/college/university,Dorothy Street,Reading,
Superdrug Stores,Retailers - other,47-49 Church Street,Caversham,Reading
Superdrug Stores,Retailers - other,55-59 Broad Street,Reading,
Superdrug Stores at Broad St Mall,Retailers - other,Broad Street,Reading,
Superdrug Stores Plc,Retailers - other,Roaring Meg Retail Park,London Road,Stevenage
Supersave Convenience,Retailers - other,234 Northumberland Avenue,Reading,
Supreme Facilites,Other catering premises,648-654 Oxford Road,Reading,
Sure Hotel by Best Western Reading,Hotel/bed & breakfast/guest house,39 Christchurch Road,Reading,
Sure Start Whitley Nursery,Caring Premises,252-260 Northumberland Avenue,Reading,
Surpal Food and Wine,Retailers - other,225A London Road,Reading,
Sushi Daily at Waitrose,Retailers - other,51 Church Street,Caversham,Reading
Sushi Daily at Waitrose,Retailers - other,980 Oxford Road,Tilehurst,Reading
Sushi Gourmet at Sainsburys,Retailers - other,Savacentre Bath Road,Calcot,Reading
Sushi Mania,Restaurant/Cafe/Canteen,9 Queens Walk,Reading,
Suzi’s Sweet Treats,Mobile caterer,2 Tay Road,Reading,
Swaadish Fried Chicken by The Bowler Gourmet Balls,Mobile caterer,Blue Collar Corner 15 Hosier Street,Reading,
Swan Public House,Pub/bar/nightclub,The Swan Hotel Shooters Hill,Pangbourne,Reading
Sweeney & Todd,Restaurant/Cafe/Canteen,10 Castle Street,Reading,
Sweet Cloud Cakery,Other catering premises,50 Corwen Road,Tilehurst,Reading
Sweet Shak,Retailers - other,Arena Racing Southwell Ltd,Southwell Racecourse,Station Road
Taco Bell,Restaurant/Cafe/Canteen,207-211 Broad Street,Reading,
Tadley Rugby Club,Pub/bar/nightclub,Frank Jose Park Red Lane,Aldermaston,Reading
Take Your Time,Restaurant/Cafe/Canteen,Unit 5A First Floor The Village 19-23 King Street,Reading,
Tanatan,Restaurant/Cafe/Canteen,45 London Street,Reading,
Tandoori Connoisseur,Restaurant/Cafe/Canteen,21 Wood Lane,Sonning Common,Reading
Tariq Halal Meats Reading,Retailers - other,477 Oxford Road,Reading,
Taste Of China,Takeaway/sandwich shop,35A High Street,Theale,Reading
Taste Of Tandoori Ltd,Restaurant/Cafe/Canteen,33 Hildens Drive,Tilehurst,Reading
Taste5,Retailers - supermarkets/hypermarkets,132 Friar Street,Reading,
Tasty Bun/Herbies Pizza,Restaurant/Cafe/Canteen,Civil Service Club James Lane,Burghfield,Reading
Tasty Greek Souvlaki,Restaurant/Cafe/Canteen,20 Market Place,Reading,
Tasty States,Mobile caterer,Flat 3 Forbury House,Reading,
Tea People,Retailers - other,115 Loverock Road,Reading,
Tea Rooms Aldermaston Wharf,Restaurant/Cafe/Canteen,Aldermaston Wharf Wharf Side,Padworth,Reading
Teamsport Cambuslang,Restaurant/Cafe/Canteen,Scotkart Indoor Racing,Westburn Road,Cambuslang
TeamSport Indoor Karting,Restaurant/Cafe/Canteen,Cradock Road,Reading,
Tech & Treats,Retailers - other,551 Oxford Road,Reading,
Teng Hui,Takeaway/sandwich shop,343 Oxford Road,Reading,
Tenterden Garden Centre,Retailers - other,Tollgate Nursery Reading Street,,Tenterden
Tequila Off Licence,Retailers - other,256-258 Oxford Road,Reading,
Terry's Takeaway,Takeaway/sandwich shop,437 Basingstoke Road,Reading,
Tesco,Retailers - supermarkets/hypermarkets,Buckingham Drive,Emmer Green,Reading
Tesco,Retailers - supermarkets/hypermarkets,Unit 3 The Parade Knowsley Road,Tilehurst,Reading
Tesco,Retailers - other,235 Reading Road South,Church Crookham,FLEET
Tesco,Retailers - supermarkets/hypermarkets,Portman Road,Reading,
Tesco,Retailers - supermarkets/hypermarkets,28-34 Oxford Road,Reading,Berkshire
Tesco,Retailers - supermarkets/hypermarkets,12 Tilehurst Road,Reading,
Tesco,Retailers - supermarkets/hypermarkets,211 Oxford Road,Reading,Berkshire
Tesco,Retailers - supermarkets/hypermarkets,4 Market Place,Reading,
Tesco,Retailers - supermarkets/hypermarkets,55 Whitley Street,Reading,
Tesco,Retailers - supermarkets/hypermarkets,Napier Road,Reading,
Tesco,Retailers - supermarkets/hypermarkets,6-8 Crown Street,Reading,
Tesco,Retailers - supermarkets/hypermarkets,108 Bath Road,Reading,
Tesco,Retailers - supermarkets/hypermarkets,Tesco Express Reading Road,Burghfield Common,Reading
Tesco at Crown Collonade,Retailers - supermarkets/hypermarkets,London Road,Reading,
Tesco Express,Retailers - supermarkets/hypermarkets,Tesco Reading Road,Goring-On-Thames,Reading
Tesco Express,Retailers - supermarkets/hypermarkets,18-20 Church Street,Caversham,Reading
Tesco Express,Retailers - supermarkets/hypermarkets,203-205 Shinfield Road,Reading,
Tesco Express-Yateley,Retailers - other,Tesco Stores Ltd,Reading Road,Yateley
Tesco Family Dining at Tesco Customer Cafe,Restaurant/Cafe/Canteen,Napier Road,Reading,
Tesco Family Dining Ltd - Cafe,Restaurant/Cafe/Canteen,,Tesco Stores Ltd,Colliery Road
Tesco Petrol station,Retailers - other,Portman Road,Reading,
Tesco Petrol Station,Retailers - other,Napier Road,Reading,
Tesco Reading Green Park Express,Retailers - supermarkets/hypermarkets,51b Flagstaff Road,Reading,
Tesco Stores,Retailers - supermarkets/hypermarkets,1 Palmer Street,Reading,
Tesco Stores Ltd,Retailers - supermarkets/hypermarkets,,Tesco Stores Ltd,Colliery Road
Tesco Superstore,Retailers - supermarkets/hypermarkets,359 Reading Road,Henley-On-Thames,Oxon
TG Jones,Retailers - other,39 Broad Street,Reading,
Thai Corner,Restaurant/Cafe/Canteen,47 West Street,Reading,
Thai Lotus,Takeaway/sandwich shop,3 The Arcade High Street,Goring,Reading
Thai Table,Restaurant/Cafe/Canteen,8 Church Road,Caversham,Reading
ThaiGrr!,Restaurant/Cafe/Canteen,1d Queens Walk,Reading,
Thames Hospice Cafe - Reading,Restaurant/Cafe/Canteen,16a -16b Richfield Avenue,Reading,
Thames Lido,Restaurant/Cafe/Canteen,Napier Road,Reading,
Thames Valley School,School/college/university,2 Conwy Close,Tilehurst,Reading
The Acai Club,Takeaway/sandwich shop,85 Kings Road,Reading,
The Ale House,Pub/bar/nightclub,2 Broad Street,Reading,
The Allied Arms,Pub/bar/nightclub,57 St Marys Butts,Reading,
The Angel,Pub/bar/nightclub,Angel Inn Bath Road,Woolhampton,Reading
The Atrium Cafe,Restaurant/Cafe/Canteen,Friar Street,Reading,
The Atrium Health Club,Other catering premises,Scours Lane,Tilehurst,Reading
The Bakery Cottage,Other catering premises,19 Arbroath Road,Reading,
The Baobab,Restaurant/Cafe/Canteen,3 West End Road,Mortimer Common,Reading
The Bap,Takeaway/sandwich shop,23-24 Market Place,Reading,
The Barns At Wellington,Restaurant/Cafe/Canteen,The Barns At Wellington Estate Office,New Street,Stratfield Saye
The Bell,Pub/bar/nightclub,The Street,Waltham St Lawrence,Reading
The Bell Inn,Pub/bar/nightclub,The Bell Bell Lane,Aldworth,Reading
The Berkshire Arms,Restaurant/Cafe/Canteen,Berkshire Arms Hotel Bath Road,Midgham,Reading
The Berkshire Independent Hospital,Caring Premises,Wensley Road,Reading,Berkshire
The Biryani Lounge,Restaurant/Cafe/Canteen,89 Wokingham Road,Reading,
The Bite Sandwich and Coffee Bar at Milestone Way precinct,Takeaway/sandwich shop,Milestone Way,Caversham,Reading
The Black Horse,Pub/bar/nightclub,16 Kidmore End Road,Emmer Green,Reading
The Black Horse Pub,Pub/bar/nightclub,Black Horse Public House,Checkendon,Reading
The Black Lion,Pub/bar/nightclub,Greenmore,Woodcote,Reading
The Blackbird Cafe,Restaurant/Cafe/Canteen,The Blackbird Cafe Broad Lane,Chapel Row,Reading
The Bladebone,Pub/bar/nightclub,The Bladebone Broad Lane,Chapel Row,Reading
The Blagrave Arms,Pub/bar/nightclub,35 Blagrave Street,Reading,
The Botanist,Pub/bar/nightclub,Unit 1 1-5 Kings Street,Reading,
The Bounce Park Reading,Restaurant/Cafe/Canteen,River Academy 7 Richfield Avenue,Reading,
The Boundary,Pub/bar/nightclub,21-23 St Marys Butts,Reading,
The Boundary Cafe,Restaurant/Cafe/Canteen,,Westquarter And Redding Cricket Club Pavilion,Sunnyside Road
The Bull,Pub/bar/nightclub,The Bull 41 High Street,Theale,Reading
The Bull Inn,Pub/bar/nightclub,Bull Inn Cock Lane,Stanford Dingley,Reading
The Bull Inn,Pub/bar/nightclub,The Bull Reading Road,Streatley,Reading
The Burger Society,Mobile caterer,Blue Collar Corner 15 Hosier Street,Reading,
The Butchers Arms,Pub/bar/nightclub,Blounts Court Road,Sonning Common,Reading
The Butchers Arms,Pub/bar/nightclub,9 Lower Armour Road,Tilehurst,Reading
The Butler,Pub/bar/nightclub,85-91 Chatham Street,Reading,
The Butt Inn Limited,Pub/bar/nightclub,Butt Inn Station Road,Aldermaston,Reading
The Cabin Pre-school,Caring Premises,Langtree School Ground Reading Road,Woodcote,Reading Oxon
The Calleva Arms,Pub/bar/nightclub,The Common,Silchester,Reading
The Canalside,Pub/bar/nightclub,,Craiglee Inn,Redding Road
The Carey Centre,Restaurant/Cafe/Canteen,Anstey Road,Reading,
The Castle Tap Public House,Pub/bar/nightclub,120 Castle Street,Reading,
The Catherine Wheel,Pub/bar/nightclub,Station Road,Goring,Reading
The Caversham,Restaurant/Cafe/Canteen,Caversham Heath Golf Club Chazey Heath,Mapledurham,Reading
The Charming Belle Desserts,Mobile caterer,Unit 5 Cantay House 29a Ardler Road Caversham,Reading,
The Chicken Shop,Other catering premises,19-23 King Street,Reading,
The Christ Church Centre,Other catering premises,Christ Church Centre 46 Reading Road,,Henley-On-Thames Oxon
The Churros Kitchen,Restaurant/Cafe/Canteen,King Street,Reading,
The Clifton Arms,Other catering premises,12 Gosbrook Road Caversham,Reading,
The Club at Mapledurham,Restaurant/Cafe/Canteen,The Club At Mapledurham Chazey Heath,Mapledurham,Reading
The Co-op,Retailers - supermarkets/hypermarkets,21 The Triangle Tilehurst,Reading,
The Co-Operative Food,Retailers - supermarkets/hypermarkets,2 High Street,Theale,Reading
The Co-Operative Food,Retailers - supermarkets/hypermarkets,6 - 7 The Square,Pangbourne,Reading
The Co-Operative Food,Retailers - other,31 - 33 Clayhill Road,Burghfield Common,Reading
The Cocktail Club Reading,Pub/bar/nightclub,5 Gun Street,Reading,
The Coconut Tree,Other catering premises,64-72 Kings Road,Reading,
The Coffee House,Restaurant/Cafe/Canteen,,Dinton Oastures,Davis Street
The Coffee Shop,Restaurant/Cafe/Canteen,Post Office,Reading Road,Sherfield-on-Loddon
The Coffee Van - Civic Offices,Mobile caterer,Bridge Street,Reading,
The Coffee Van - Queen's Walk,Mobile caterer,Queens Walk,Reading,
The Coffee Van - Reading Station Pitch 1,Mobile caterer,Pitch 1 Trooper Potts Way,Reading,
The Collective Caversham Ltd,Retailers - other,25 Church Road,Caversham,Reading
The Common,Restaurant/Cafe/Canteen,48 Wood Lane,Sonning Common,Reading
The Community Network,Restaurant/Cafe/Canteen,Mortimer Community Network,Reading Road,South Shields
The Consumer Engagement Group Ltd,Other catering premises,Curry's Unit 10,Roaring Meg Retail Park,London Road
The Cookery Lab,Retailers - other,Unit 2 Minerva House Calleva Park,Aldermaston,Reading
The Coop,Retailers - supermarkets/hypermarkets,1 The Colonnade Overdown Road,Tilehurst,Reading
The Coriander Club,Restaurant/Cafe/Canteen,98 Royal Avenue,Calcot,Reading
The Corn Stores,Restaurant/Cafe/Canteen,10 Forbury Road,Reading,
The Cottage Inn,Pub/bar/nightclub,The Cottage Inn 26 Broad Lane,Upper Bucklebury,Reading
The Cross Keys,Pub/bar/nightclub,Cross Keys Church Road,Pangbourne,Reading
The Crown Caversham,Pub/bar/nightclub,3 Bridge Street Caversham,Reading,
The Crown Inn,Pub/bar/nightclub,The Crown Inn Church Street,Theale,Reading
The Crown Inn,Restaurant/Cafe/Canteen,The Crown,Playhatch,Reading
The Crucible Sports and Social Club,Pub/bar/nightclub,Unit 6 Richfield Avenue,Reading,
The Curious Lounge,Restaurant/Cafe/Canteen,20 Tudor Road,Reading,
The Dairy at University of Reading,Restaurant/Cafe/Canteen,London Road,Reading,Berkshire
The Deli Van Man,Other catering premises,30 Ashcroft Close Caversham,Reading,
The Dock Bar & Cafe,Restaurant/Cafe/Canteen,Thames & Kennet Marina Henley Road,Caversham,Reading
The Eggfree Cake Box,Retailers - other,73 Wokingham Road,Reading,
The Elephant Hotel,Hotel/bed & breakfast/guest house,The Elephant Church Road,Pangbourne,Reading
The Elm Tree,Pub/bar/nightclub,Old Elm Tree Beech Hill Road,Beech Hill,Reading
The Extraordinary Hare,Restaurant/Cafe/Canteen,The Hare Reading Road,West Hendred,Wantage
The Face Bar,Pub/bar/nightclub,Ambrose Place,Chatham Street,Reading
The Falcon and The Jacket Bar,Pub/bar/nightclub,The Falcon 31 High Street,Theale,Reading
The Ferryboat,Pub/bar/nightclub,High Street,Whitchurch On Thames,Reading
The Festival Store Pizza and Sidez,Mobile caterer,81 South View Avenue,Caversham,Reading
The Fishermans Cottage,Hotel/bed & breakfast/guest house,Kennet Side,Reading,
The Fit Cookie,Retailers - other,15 West Street,Reading,
The Flowing Spring,Restaurant/Cafe/Canteen,Henley Road,Playhatch,Reading
The Food Warehouse Iceland,Retailers - supermarkets/hypermarkets,Rose Kiln Lane,Reading,
The Foresters Arms,Pub/bar/nightclub,79 Brunswick Street,Reading,
The Four Horseshoes,Pub/bar/nightclub,Reading Road,Sherfield-on-Loddon,Hook
The Four Points,Pub/bar/nightclub,Four Points Inn,Aldworth,Reading
The Fox & Hounds,Pub/bar/nightclub,Fox And Hounds 116 City Road,Tilehurst,Reading
The Fruit Shop From Wellers,Retailers - other,The Fruit Shop Reading Road,Burghfield Common,Reading
The Funzone Out Of School Club,Caring Premises,Mrs Blands Infant School Jordans Lane,Burghfield Common,Reading
The Garage Cafe,Restaurant/Cafe/Canteen,Beansheaf Community Centre Charrington Road,Calcot,Reading
The George at Upton,Pub/bar/nightclub,The George & Dragon Reading Road,Upton,Didcot
The George Hotel,Hotel/bed & breakfast/guest house,George Hotel The Square,Pangbourne,Reading
The Golden Dragon,Takeaway/sandwich shop,230 Northumberland Avenue,Reading,
The Good Brothers,Other catering premises,183 Wokingham Road,Reading,
The Gorge Cafe,Restaurant/Cafe/Canteen,227 Caversham Road,Reading,
The Goring Grocer,Retailers - other,17A High Street,Goring,Reading
The Grange,Caring Premises,Grange Close,Goring,Reading
The Greyfriar,Pub/bar/nightclub,53 Greyfriars Road,Reading,
The Greyhound Inn,Pub/bar/nightclub,Greyhound Inn,Tidmarsh,Reading
The Greyhound Inn,Pub/bar/nightclub,High Street,Whitchurch On Thames,Reading
The Griffin,Pub/bar/nightclub,10-12 Church Road,Caversham,Reading
The Grove Cafe at Meadway Precinct,Restaurant/Cafe/Canteen,Honey End Lane,Reading,
The Hare and Hounds,Pub/bar/nightclub,Woodlands Road,Sonning Common,Reading
The Herb Farm,Retailers - other,The Herb Farm Peppard Road,Sonning Common,Reading
The Hexagon,Restaurant/Cafe/Canteen,Queens Walk,Reading,
The Highwayman Inn,Pub/bar/nightclub,Exlade Street,Woodcote,Reading
The Hill Primary School,School/college/university,Peppard Road,Reading,
The Hollies,Caring Premises,The Hollies Reading Road,Burghfield Common,Reading
The Hop Leaf,Pub/bar/nightclub,163 Southampton Street,Reading,
The Hope Tap,Pub/bar/nightclub,99-102 Friar Street,Reading,
The Horse & Groom,Pub/bar/nightclub,Horse And Groom The Street,Mortimer Common,Reading
The Hub,Restaurant/Cafe/Canteen,21 Cholmeley Road,Reading,
The Hub at The Guide Dogs For The Blind Association,Restaurant/Cafe/Canteen,Hillfields Reading Road,Burghfield Common,Reading
The Hunger Hunt,Mobile caterer,258A Oxford Road,Reading,
"The Hut, Central Kebabs",Mobile caterer,39 St Marys Butts,Reading,
The Iron Duke,Pub/bar/nightclub,Fair Oak Lane,Stratfield Saye,Reading
The Jolly Farmer,Hotel/bed & breakfast/guest house,The Jolly Farmer,Davis St,Hurst
The Kingsley At Eversley,Hotel/bed & breakfast/guest house,The Kingsley,Keys,Reading Road
The Kiosk,Mobile caterer,The Kiosk Station Road,Theale,Reading
The Kitchen at Reading College,School/college/university,Kings Road,Reading,
The Last Crumb,Pub/bar/nightclub,76 Prospect Street,Caversham,Reading
The Laughing Halibut,Takeaway/sandwich shop,18 Whitchurch Road,Pangbourne,Reading
The Leather Bottle,Restaurant/Cafe/Canteen,Reading Road,Mattingley,HOOK
The Lemon Plaice,Takeaway/sandwich shop,2 Norcot Road,Tilehurst,Reading
The Link Cafe,Restaurant/Cafe/Canteen,28 School Road,Tilehurst,Reading
The Lodge Day Nursery at Southcote Children's Centre,Caring Premises,85 Coronation Square,Reading,
The London Street Brasserie,Restaurant/Cafe/Canteen,2-4 London Street,Reading,Berkshire
The Long Gallery,Other catering premises,Englefield House,Englefield,Reading
The Mad Duck Cafe,Restaurant/Cafe/Canteen,82 - 84 Wintringham Way,Purley On Thames,Reading
The Mansion House,Pub/bar/nightclub,Liebenrood Road,Reading,
The Meme's Kitchen,Restaurant/Cafe/Canteen,57 Basingstoke Road,Reading,
The Miller of Mansfield,Pub/bar/nightclub,High Street,Goring,Reading
The Moderation,Pub/bar/nightclub,213 Caversham Road,Reading,
The Monks Retreat,Pub/bar/nightclub,163 Friar Street,Reading,
The Nags Head,Pub/bar/nightclub,5 Russell Street,Reading,
The National Meat Halal,Retailers - other,117-119 Oxford Road,Reading,
The New Astley Cafe The Racing Centre,Pub/bar/nightclub,The Racing Centre,Fred Archer Way,Newmarket
The New Inn,Restaurant/Cafe/Canteen,Chalkhouse Green Road,Kidmore End,Reading
The New Red Lantern,Takeaway/sandwich shop,6 Norcot Road,Tilehurst,Reading
The Nook,Restaurant/Cafe/Canteen,17-19 Valpy Street,Reading,
The Oasis,Restaurant/Cafe/Canteen,21 Baker Street,Reading,
The Old Bell At Grazeley Green,Pub/bar/nightclub,The Old Bell At Grazeley Green Goring Lane,Grazeley Green,Reading
The Old Boot Inn,Pub/bar/nightclub,The Old Boot Inn,Stanford Dingley,Reading
The Old Fire Station Nursery,Caring Premises,The Old Fire Station The Street,Englefield,Reading
The Old Lamb Hotel,Hotel/bed & breakfast/guest house,Old Lamb Motel 18 - 20 Church Street,Theale,Reading
The Old Mill,Hotel/bed & breakfast/guest house,The Old Mill Station Road,Aldermaston,Reading
The Oratory Preparatory School,School/college/university,The Oratory Preparatory School Great Oaks,Goring Heath,Reading
The Oratory School,School/college/university,The Oratory School,Woodcote,Reading
The Original Gourmet Burger Co.,Restaurant/Cafe/Canteen,127 Wokingham Road,Reading,
The Outlook,Pub/bar/nightclub,76-78 Kings Road,Reading,
The Pack Saddle,Pub/bar/nightclub,Chazey Heath,Mapledurham,Reading
The Packhorse,Restaurant/Cafe/Canteen,Chazey Heath,Mapledurham,Reading
The Pangbourne Cheese Shop Ltd,Retailers - other,Clifton House 17 Reading Road,Pangbourne,Reading
The Pangbourne Cheese Shop Ltd (The Loose Larder),Retailers - other,15 Reading Road,Pangbourne,Reading
The Pantry @ St Barnabas,Other catering premises,St Barnabas Elm Road,Reading,
The Pantry at St Paul's Catholic Primary School,School/college/university,St Pauls Catholic Primary School City Road,Tilehurst,Reading
The Pantry Café & Kitchen at Museum and Town Hall,Restaurant/Cafe/Canteen,Blagrave Street,Reading,
The Pantry UK LTD at Ambleside Nursery School,Caring Premises,,Ambleside Close,Woodley
The Parade Bakeshop,Restaurant/Cafe/Canteen,3 The Parade,Reading Road,Yateley
The Perch & Pike,Restaurant/Cafe/Canteen,The Street,South Stoke,Reading
The Personal Chef Company,Restaurant/Cafe/Canteen,,Grange Community Centre,Redding Road
the Pheasant Inn PH,Pub/bar/nightclub,225 Southampton Street,Reading,
The Piggott School,Caring Premises,,Twyford Road,Wargrave
The Plaice,Takeaway/sandwich shop,6 Wood Green,Woodcote,Reading
The Plough Inn,Pub/bar/nightclub,78 School Road,Tilehurst,Reading
The Plough Shiplake,Pub/bar/nightclub,Plough Lane Reading Road,Shiplake,
The Pondhouse,Pub/bar/nightclub,738 Oxford Road,Reading,
The Pop Inn,Retailers - supermarkets/hypermarkets,48 Erleigh Road,Reading,
The Prince,Pub/bar/nightclub,111 School Road,Tilehurst,Reading
The Progress Theatre,Retailers - other,The Mount,Reading,
The Queens Head,Pub/bar/nightclub,54 Christchurch Road,Reading,
The Quiet Ritual,Mobile caterer,38 Bedford Road,Reading,
The Quoit Bar,Pub/bar/nightclub,,63 Main Street,
The Railway Tavern,Pub/bar/nightclub,31 Greyfriars Road,Reading,
The Range,Retailers - other,Caversham Road,Reading,
The Range,Retailers - other,Rose Kiln Lane,Reading,
The Reading Rooms,Hotel/bed & breakfast/guest house,The Reading Rooms,31 Hawley Square,Margate
The Reading Rooms Antiques,Other catering premises,Reading Rooms,Park Road,Holkham
The Red Cow,Pub/bar/nightclub,56 Star Road,Caversham,Reading
The Red Lion,Restaurant/Cafe/Canteen,Church Road,Mortimer West End,Reading
The Red Lion,Pub/bar/nightclub,Goring Road,Woodcote,Reading
The Reddings Playgroup,Caring Premises,North Road Community Centre,North Road West,The Reddings
The Retreat,Pub/bar/nightclub,8 St Johns Street,Reading,
The Rifle Volunteer,Pub/bar/nightclub,The Rifle Volunteer,141 Reading Road,Wokingham
The Rising Sun,Pub/bar/nightclub,16 Castle Street,Reading,
The Roaring Raindrop,Pub/bar/nightclub,The Roaring Raindrop Preston Road,Abingdon,Oxon
The Roebuck,Pub/bar/nightclub,37 Auckland Road,Reading,
The Rose & Thistle,Pub/bar/nightclub,43 Argyle Road,Reading,
The Rose Garden Cafe and Coffee Shop,Restaurant/Cafe/Canteen,Hertfordshire Garden Centre,Redding Lane,Redbourn
The Roseate/The Reading Rooms,Hotel/bed & breakfast/guest house,26 The Forbury,Reading,
The Rowbarge,Pub/bar/nightclub,Rowbarge Station Road,Woolhampton,Reading
The Royal Berkshire Grill,Restaurant/Cafe/Canteen,Peppard Building Supplies Bishopsland Farm,Dunsden,Reading
The Royal Oak,Pub/bar/nightclub,Reading Road,Yateley,Hampshire
The Royal Oak,Pub/bar/nightclub,The Royal Oak PH 69 Westwood Glen Tilehurst,Reading,
The Salvation Army Church Lunch Club,Restaurant/Cafe/Canteen,Anstey Road,Reading,
The Sanctuary Cafe,Restaurant/Cafe/Canteen,35-39 London Street Reading,Reading,
The Scoop Room/ Gelato Henley,Manufacturers/packers,63 Reading Road,Henley-On-Thames,Oxon
The Seven Red Roses,Pub/bar/nightclub,Seven Red Roses,Maiden Lane Centre,Lower Earley
The Shack,Takeaway/sandwich shop,Mapledurham Pavilion Upper Woodcote Road,Reading,
The Shop,Retailers - other,Reading Road,Sherfield-on-Loddon,Hook
The Shop Inn,Retailers - other,114 Henley Road,Caversham,Reading
The Signal Box,Pub/bar/nightclub,18 Friar Street,Reading,
The Six Bells,Pub/bar/nightclub,Six Bells The Hatch,Burghfield,Reading
The Six Bells,Pub/bar/nightclub,Six Bells The Green,Beenham,Reading
The Snaffle Cafe,Restaurant/Cafe/Canteen,Hall Place Farm Sulham Hill,Tilehurst,Reading
The Soju at Kings Walk,Restaurant/Cafe/Canteen,King Street,Reading,
The Soul of Seoul,Restaurant/Cafe/Canteen,University Of Reading,Whiteknights Road,Earley
The Southcote Beefeater,Pub/bar/nightclub,19 Southcote Lane,Reading,
The Sports Collective CIC,Caring Premises,BEECHWOOD SECONDAY SCHOOL LONG READINGS LANE,,SLOUGH
The Sportsman,Pub/bar/nightclub,201 Shinfield Road,Reading,
The Spread Eagle / Bagheera Indian Restaurant & Bar,Pub/bar/nightclub,117 Norfolk Road,Reading,
The Spring Inn,Pub/bar/nightclub,The Spring Inn Bath Road,Sulhamstead,Reading
The Spud Wagon,Mobile caterer,O/S Reading Station Station Hill,Reading,
The Staverton Social Club,Pub/bar/nightclub,THE READING ROOMS,,STAVERTON
The Street Bakeshop,Restaurant/Cafe/Canteen,,220 S Oak Way Reading,
The Sun Inn,Restaurant/Cafe/Canteen,Hill Bottom,Whitchurch Hill,Reading
The Sunshine Room,Caring Premises,The Reading Room Church Lane,,Ninfield
The Supported Living Team,Caring Premises,188 Whitley Wood Lane,Reading,
The Switch,Other catering premises,19 The Triangle,Tilehurst,Reading
The Switch - Grab & Go,Takeaway/sandwich shop,109B School Road Tilehurst,Reading,
The Tasty Plaice,Takeaway/sandwich shop,158 Park Lane,Tilehurst,Reading
The Tea Kiosk at Caversham Court Gardens,Restaurant/Cafe/Canteen,Church Road,Caversham,Reading
The Three Guineas,Pub/bar/nightclub,Station Approach,Reading,
The Three Horseshoes,Pub/bar/nightclub,90 Reading Road,Henley-On-Thames,Oxon
The Three Tuns,Pub/bar/nightclub,191 Wokingham Road,Reading,
The Tilehurst Coffee Van,Mobile caterer,202 Thirlmere Avenue,Tilehurst,Reading
The Tower House,Caring Premises,Reading Road,Shiplake,Henley-On-Thames Oxon
The Travellers Rest,Pub/bar/nightclub,180 Henley Road Caversham,Reading,
The Turks Head,Pub/bar/nightclub,31 London Road,Reading,
The Turners Arms,Pub/bar/nightclub,Turners Arms West End Road,Mortimer Common,Reading
The Veg Box,Retailers - other,44 West Street,Reading,
The Victoria,Pub/bar/nightclub,1 Norcot Road,Tilehurst,Reading
The Victoria Cross,Pub/bar/nightclub,350 Basingstoke Road,Reading,
The Village Store,Retailers - other,Sunnyside Reading Road,Burghfield Common,Reading
The Volunteer,Pub/bar/nightclub,The Volunteer Church Street,Theale,Reading
The Vue Cinema at The Oracle,Retailers - other,Bridge Street,Reading,
The Water Tower,Pub/bar/nightclub,160 Park Lane,Reading,
The Way Ministry Reading,Other catering premises,90b Great Knollys Street,Reading,
The White Eagle,Pub/bar/nightclub,344a Oxford Road,Reading,
The White Hart,Pub/bar/nightclub,Reading Road,Sherfield-on-Loddon,Hook
The White Horse,Pub/bar/nightclub,9 Kidmore End Road,Emmer Green,Reading
The Willows,School/college/university,Silchester C Of E Primary School,School Lane,Silchester
The Wing At Silverstone Circuit,Restaurant/Cafe/Canteen,Silverstone Motor Racing Circuit,Silverstone Road,Biddlesden
The Wokingham Foodbank,Other catering premises,Unit 2,498 Reading Road,Winnersh
Theale Golf Centre,Pub/bar/nightclub,Theale Golf Centre North Street,Theale,Reading
Theale Pharmacy,Retailers - other,27 High Street,Theale,Reading
Theale Tandoori,Takeaway/sandwich shop,33A - 33B High Street,Theale,Reading
Thirsty Bear,Pub/bar/nightclub,110 Kings Road,Reading,
Thomas Franks at Chiltern Nursery & Training College,School/college/university,20 Peppard Road,Caversham,Reading
Thomas Franks at Leighton Park School,School/college/university,Shinfield Road,Reading,
Thomas Franks at Pangbourne College,School/college/university,Pangbourne College Bere Court Road,Pangbourne,Reading
Thomas Franks at Queen Annes School,School/college/university,Henley Road,Caversham,Reading
Thomas Franks at Reading Blue Coat School,School/college/university,Reading Blue Coat School,Sonning Lane,Sonning
Thomas Franks at Shiplake College,School/college/university,Shiplake College Reading Road,Shiplake,Henley-On-Thames Oxon
Thomas Franks Limited TA Salesian College,Restaurant/Cafe/Canteen,Salesian College,119 Reading Road,Farnborough
Thruxton Motor Racing Circuit,Restaurant/Cafe/Canteen,British Automobile Racing Club Ltd,Aerodrome Road,Thruxton
Tigers at Theale Day Nursery,Caring Premises,59 High Street,Theale,Reading
Tigers in Theale,Caring Premises,16 Church Street,Theale,Reading
Tilehurst Bowls Club,Pub/bar/nightclub,Wardle Avenue,Tilehurst,Reading
Tilehurst Convenience Store,Retailers - other,227-229 Kentwood Hill,Reading,Berkshire
Tilehurst Pharmacy,Retailers - other,7 School Road,Tilehurst,Reading
Tilehurst Royal British Legion,Pub/bar/nightclub,Downing Road,Tilehurst,Reading
Tilehurst SF Connect,Retailers - other,Tilehurst Road,Reading,
TK Maxx,Retailers - other,TK Maxx Homesense Unit 4A,Roaring Meg Retail Park,London Road
TK Maxx at Reading Gate Retail Park,Retailers - other,,Reading,
Toby Carvery,Restaurant/Cafe/Canteen,Richfield Avenue,Reading,
Today's Express,Retailers - other,17 Duke Street,Reading,
Today's Express,Retailers - other,107 Oxford Road,Reading,
Today's Local,Retailers - supermarkets/hypermarkets,205 Oxford Road,Reading,
Today's Store,Retailers - other,1 Prince Of Wales Avenue,Reading,
Together for Mental Wellbeing,Caring Premises,Orts Road,Reading,
Tolhurst Organic Kitchen,Restaurant/Cafe/Canteen,Hardwick Estate Hardwick,Whitchurch On Thames,Reading
Tolhurst Organic Lin's Veg Shed,Retailers - other,Hardwick Gardens Hardwick,Whitchurch On Thames,Reading
Top Nosh Cuisine Ltd,Other catering premises,Unit 7 Childs Court Farm Sucks Lane,Ashampstead Common,Reading
Tops Pizza,Takeaway/sandwich shop,10 Wokingham Road,Reading,
Tortilla Reading,Restaurant/Cafe/Canteen,4-5 Broad Street,Reading,
Total Hospitality Ltd & The Grazing Board Company,Other catering premises,Unit 12a Butlers Lands Farm,Mortimer,Reading
Tracy Rawding (Childminder),Caring Premises,Tracy Rawding (Childminder),2 Fir Park,Sorn
Tradeteam,Distributors/Transporters,1-3 Gillette Way,Reading,
Traditional Romanesc,Retailers - other,316 Oxford Road,Reading,
Traditional Romanesc,Restaurant/Cafe/Canteen,146-148 Chatham Street,Reading,
Travelodge Hotels Ltd Westbound,Hotel/bed & breakfast/guest house,Travelodge,Burghfield,Reading
Travelodge Reading Central,Hotel/bed & breakfast/guest house,60 Oxford Road,Reading,
Travelodge Reading Whitley,Hotel/bed & breakfast/guest house,387 Basingstoke Road,Reading,
Treatz Dessert Parlour,Restaurant/Cafe/Canteen,29 Friar Street,Reading,
Trehan Newsagents,Retailers - other,67 Basingstoke Road,Reading,
Triangle Pharmacy,Retailers - other,90 School Road,Tilehurst,Reading
Trilobite Cafe,Restaurant/Cafe/Canteen,Health & Life Sciences Building,University of Reading,Pepper Lane
Tropical Brazil,Other catering premises,1 Reading Road,Chineham,Basingstoke
True Food Community Co-op,Retailers - other,61-61a Grove Road,Emmer Green,Reading Berkshire
Trunkwell House Ltd,Hotel/bed & breakfast/guest house,Trunkwell House Hotel Beech Hill Road,Beech Hill,Reading
Tuesday Lunch Club at West Reading Salvation Army,Caring Premises,522 Oxford Road,Reading,
Turkish Grill at Milestone Way Precinct,Restaurant/Cafe/Canteen,13 Milestone Way,Caversham,Reading
Turkish Halal Food Centre,Retailers - supermarkets/hypermarkets,70 Whitley Street,Reading,
Turkish Halal Food Centre,Retailers - other,133-135 Oxford Road,Reading,
Turkish Mangal,Restaurant/Cafe/Canteen,228 Northumberland Avenue,Reading,
Tutu's Ethiopian Table at Palmer Park Lodge,Restaurant/Cafe/Canteen,Wokingham Road,Reading,
twalabirmingham,Other catering premises,Flat 10 Readings Court,54 Russell Road,Moseley And Kings Heath
Twins News Mart,Retailers - other,65 Watlington Street,Reading,
Tyler International,Retailers - other,Room 241 Green Park 200 Brook Drive,Reading,
Tylers Rest,Pub/bar/nightclub,149 Norcot Road,Tilehurst,Reading
Tyndale Baptist Church,Other catering premises,2-4 Cressingham Road,Reading,
Tyseley Stores,Retailers - other,Reddings Lane Post Office,126 Reddings Lane,Springfield
U Save Convenience Store,Retailers - other,,65 Main Street,
Ufton Court Educational Trust,School/college/university,Ufton Court Green Lane,Ufton Nervet,Reading
UK Halal Meat,Retailers - other,79 Wokingham Road,Reading,
uKids @ Meadow Park,School/college/university,Meadow Park Academy Norcot Road Tilehurst,Reading,
uKids @ St Martins RG6,School/college/university,St Martin's School Pendennis Avenue Caversham,Reading,
UNI BAZAAR Ltd,Retailers - other,Reading Students' Union Building,White Knights Campus,Pepper lane
Unicorn Magic Brew,Mobile caterer,The Oracle,Bridge Street,Reading
University of Reading,Mobile caterer,University Of Reading,Whiteknights Road,Earley
University of Reading,Mobile caterer,University Of Reading,Whiteknights Road,Earley
Up The Junction,Pub/bar/nightclub,231 London Road,Reading,
UP! Café,Restaurant/Cafe/Canteen,Reading University Students' Union,Pepper Lane,Earley
Upper Crust at Reading Rail Station Concourse,Takeaway/sandwich shop,Station Approach,Reading,
Urban Baristas,Restaurant/Cafe/Canteen,5 Reading Road,,Henley-On-Thames
Urban Fun,Restaurant/Cafe/Canteen,Broad Street,Reading,
V & M Convenience Store,Retailers - other,373 Oxford Road,Reading,
Vantage Pharmacy,Retailers - other,231 Shinfield Road,Reading,
Vegivores,Restaurant/Cafe/Canteen,41A Church Street,Reading,
Vending 4 You,Retailers - other,Manor Farm,Manor Farm Road,Shurlock Row
Veni & Son Food To Fork,Mobile caterer,Woodrows Farm Aldworth Road,Aldworth,Reading
Venture Outdoor Kindergarten,School/college/university,Fisherman's Reading Room,Hope Cove,
Vesuvio Pizzeria,Restaurant/Cafe/Canteen,20 Norcot Road,Tilehurst,Reading
Veteran Wife Bakes,Mobile caterer,c/o Flavour Of Mauritius 143-145 Caversham Rd,Reading,
Victoria Road Preschool at Tilehurst Village Hall,Caring Premises,17 Victoria Road,Tilehurst,Reading
Victors,Retailers - other,Street Reading Site 009,Leeland Road,West Ealing
Viktoria Cake Shop,Retailers - other,423 Oxford Road,Reading,
Vildra,Distributors/Transporters,9 Greyfriars Road,Reading,
Village Hotel,Restaurant/Cafe/Canteen,Crowne Plaza Reading Richfield Avenue,Reading,
Village Tandoori Restaurant,Restaurant/Cafe/Canteen,14 Kidmore End Road,Emmer Green,Reading
Village Wine & Beers,Retailers - other,Milestone Way,Caversham,Reading
Vino Vita,Restaurant/Cafe/Canteen,20 Valpy Street,Reading,
Vintage Days Out Ltd,Mobile caterer,Mill Green,Caversham,Reading
Vision 4 Youth,Restaurant/Cafe/Canteen,The Tythings,Reading Road,Yateley
Viv's Cafe - Goring,Restaurant/Cafe/Canteen,9 The Arcade High Street,Goring,Reading
Voco Reading Hotel,Hotel/bed & breakfast/guest house,Shooters Way,Reading,
Voyage 1 Limited,Caring Premises,30 Broad Lane,Upper Bucklebury,Reading
Voyage Care,Caring Premises,29 Briants Avenue,Caversham,Reading
Voyage Care,Caring Premises,26 St Barnabas Road,Emmer Green,Reading
Voyage Care,Caring Premises,30 Richmond Road,Caversham,Reading
Voyage Care,Caring Premises,Apple Blossom House 34 St Ronans Road,Reading,
Voyage Care,Caring Premises,2a & 2b Mayfair,Tilehurst,Reading
Voyage Care At Oaklands,Caring Premises,Oaklands 5 The Green,Theale,Reading
Wadi Apothecary,Mobile caterer,26 Addington Road,Reading,
Wagamamas at The Oracle,Restaurant/Cafe/Canteen,Bridge Street,Reading,
Waingels at Willow Bank Junior School,School/college/university,,Duffield Rd,Reading
Waitrose,Retailers - supermarkets/hypermarkets,980 Oxford Road,Tilehurst,Reading
Waitrose,Retailers - supermarkets/hypermarkets,51 Church Street,Caversham,Reading
Waitrose Ltd,Retailers - supermarkets/hypermarkets,Waitrose Ltd,108/112 Crockhamwell Road,Woodley READING
Wan Choi,Takeaway/sandwich shop,611 Oxford Road,Reading,
Warbrook House Heritage Hotel,Hotel/bed & breakfast/guest house,Warbrook House,Reading Road,Eversley
Warings Bakery,Mobile caterer,,Basingstoke Road,Spencer Wood
Warings Craft Bakers,Retailers - other,80 School Road,Tilehurst,Reading
Warings Craft Bakers,Retailers - other,32d Church Street,Caversham,Reading
Warings Craft Bakers,Retailers - other,53 Armour Road,Tilehurst,Reading
Warings Master Bakers Ltd,Retailers - other,Warings Master Bakers Reading Road,Burghfield Common,Reading
Wasing Leisure Ltd,Hotel/bed & breakfast/guest house,The Pump House Wasing Park,Aldermaston,Reading
Water Palace,Takeaway/sandwich shop,Golden Coach 39 Clayhill Road,Burghfield Common,Reading
Waterside Day Care,Caring Premises,82 Lyndhurst Road,Tilehurst,Reading
Waterstone's,Retailers - other,89a Broad Street,Reading,
Wednesday Lunch Club at St Michaels Church,Restaurant/Cafe/Canteen,Routh Lane,Tilehurst,Reading
Weller Centre,Other catering premises,110 Amersham Road,Caversham,Reading
Welly Boot Lodge Day Nursery Limited at Denefield School,Caring Premises,Denefield School Long Lane,Tilehurst,Reading
Wendy's Restaurant,Restaurant/Cafe/Canteen,1 Station Road,Reading,
Wenzel's the Bakers,Retailers - other,36 Broad Street,Reading,
Wenzels The Bakers,Retailers - other,Unit 2 East Reading Retail Centre,Shepherds Hill,Woodley
Wesley Pantry,Other catering premises,84 Queens Road,Reading,
West Coast Bakes,Retailers - other,80 Roading Campbeltown Argyll And Bute PA28 6LU,,
West Court,Restaurant/Cafe/Canteen,West Court,Reading Road,Finchampstead
West Reading Store,Retailers - other,202 Oxford Road,Reading,
Westcoast Ltd,Restaurant/Cafe/Canteen,Units A1 - A2 Arrowhead Park Arrowhead Road,Theale,Reading
Western Elms Nursery,Caring Premises,59 Western Elms Avenue,Reading,
Westholme Stores,Retailers - other,24-26 Wallingford Road,Goring,Reading
Westwood Farm Pre-School,Caring Premises,Downs Way Community Centre Downs Way,Tilehurst,Reading
"WH Smith At Moto Hospitality, Eastbound",Retailers - other,Whsmith,Burghfield,Reading
WH Smith at Reading Rail Station Concourse,Retailers - other,Station Approach,Reading,
Whistlestop Level 2 Main Entrance at Royal Berkshire Hospital,Restaurant/Cafe/Canteen,London Road,Reading,
Whitchurch Primary School Wraparound Care,Caring Premises,Whitchurch Primary School Eastfield Lane,Whitchurch On Thames,Reading
White Lion,Pub/bar/nightclub,The White Lion,Reading Road,Yateley
White Swan & Reading Street Burgers,Pub/bar/nightclub,17 Reading Street,Broadstairs,Kent
Whitley Community Development Association,Other catering premises,252-260 Northumberland Avenue,Reading,
Whitley Convenience Store,Retailers - other,177-179 Whitley Wood Lane,Reading,
Whitley Food & Wine Store,Retailers - other,23-25 Whitley Street,Reading,
Whitley Social Club & Cafe,Other catering premises,252-260 Northumberland Avenue,Reading,Berkshire
Whitley Wood Pantry,Other catering premises,Swallowfield Drive,Reading,
"Whittard of Chelsea, The Oracle",Retailers - other,Bridge Street,Reading,
Whittington's Tea Barge,Takeaway/sandwich shop,George Street,Caversham,Reading
"WHSmith At Moto Reading Services, Westbound",Restaurant/Cafe/Canteen,Motorway Service Area,Burghfield,Reading
WHSmith Platform 8&9,Retailers - other,Station Approach,Reading,
Wickes Building Supplies,Retailers - other,709-731 Oxford Road,Reading,Berkshire
Widmore Park Ltd,Restaurant/Cafe/Canteen,Widmore Pare Blounts Court Road,Sonning Common,Reading
Wigwam Day Nursery,Caring Premises,22 Fatherson Road,Reading,
Wild City Collective,Caring Premises,Westwood Farm Infant School Fullbrook Crescent,Tilehurst,Reading
Wild Kitchen,Restaurant/Cafe/Canteen,Beale Park,Lower Basildon,Reading
Willis & Short Newsagent,Retailers - other,341 Oxford Road,Reading,
Willow House,Caring Premises,2 Reading Road,Farnborough,Hampshire
Willowdene Before And After School Club,School/college/university,Christ Church,Reading Road,Chineham
Willowdene Nursery School,Caring Premises,42 Reading Road,Chineham,Basingstoke
Wilson's Wonders Bakery,Mobile caterer,Village Hall,Whistlers Lane,Silchester
Wings Fish Bar,Takeaway/sandwich shop,65 Gosbrook Road,Caversham,Reading
Wingstop,Other catering premises,Unit 24 Upper Level,Oracle Centre,Reading
Wingstop UK,Restaurant/Cafe/Canteen,Unit 7 Reading Gate Retail Park,Reading,
Winnersh Chinese Take Away,Takeaway/sandwich shop,,418a Reading Road,Winnersh
Wise Owls Nursery At Foxley,School/college/university,Foxley P N E U School,Manor Drive,Shurlock Row
Wishing Well,Pub/bar/nightclub,280 Oxford Road,Reading,
WithBrand,Distributors/Transporters,450 Brook Green Drive,Reading,
Wok on Wheels,Takeaway/sandwich shop,59 Basingstoke Road,Reading,
Wok U Like at Meadway Precinct,Takeaway/sandwich shop,Honey End Lane,Reading,
Wokingham Assoc For Elderly,Caring Premises,,40 Reading Road,Wokingham
Wolseley Street Bakery,Restaurant/Cafe/Canteen,Unit 12 Robert Cort Industrial Estate,Britten Road,Reading
Wonder Wok,Takeaway/sandwich shop,115 Wokingham Road,Reading,
Woodcote After School Club,School/college/university,Woodcote Primary School Reading Road,Woodcote,Reading
Woodcote Pre-School Group,Caring Premises,Woodcote Village Hall Reading Road,,Woodcote
Woodcote Primary School Breakfast Club,Caring Premises,Woodcote County Primary School Reading Road,Woodcote,Reading
Woodcote Way News,Retailers - other,30 Woodcote Way,Caversham,Reading
Woodlands Residential Home,Caring Premises,174 - 178 Reading Road South,Fleet,
Woodley Gardens Day Nursery,Caring Premises,,71 Reading Road,Woodley
Work House Coffee Company,Restaurant/Cafe/Canteen,335 Oxford Road,Reading,
World Turned Upside Down,Pub/bar/nightclub,387 Basingstoke Road,Reading,
Wortley Mens Club,Pub/bar/nightclub,Wortley Working Mens Club,Reading Room Lane,
Woven Nursery & Preschool Henley,Caring Premises,46 Reading Road,Henley-On-Thames,Oxon
Wraparound Care Club @ The Ridgeway Primary School,Restaurant/Cafe/Canteen,Hillbrow,Reading,
Wycliffe Baptist Church,Restaurant/Cafe/Canteen,233 Kings Road,Reading,
Y M C A,Hotel/bed & breakfast/guest house,34 Parkside Road,Reading,
Yaadgaar Sweets and Bakers,Restaurant/Cafe/Canteen,465 Oxford Road,Reading,
Yard Style Takeaway,Takeaway/sandwich shop,230b Shinfield Road,Reading,
Yardleys School,School/college/university,Reddings Lane,Springfield,Birmingham
Yateley Bowling Club,Other catering premises,Recreation Ground,Reading Road,Yateley
Yateley Manor School London Limited,School/college/university,Yateley Manor Preparatory School,51 Reading Road,Yateley
Yateley Pharmacy,Retailers - other,111 Reading Road,Yateley,Hampshire
Yateley Spice,Takeaway/sandwich shop,66B Reading Road,Yateley,Hampshire
Yateley's Best Grill,Takeaway/sandwich shop,66A Reading Road,Yateley,Hampshire
YayLo,Other catering premises,26 Cross Street,Reading,
Yellow River,Takeaway/sandwich shop,20 Reading Road South,Fleet,Hampshire
Yew Tree Lodge Care UK Mental Health,Caring Premises,17-19 Redlands Road,Reading,
YingYao Supermarket,Retailers - supermarkets/hypermarkets,77-79 Kings Road,Reading,
Yo Momoz,Takeaway/sandwich shop,83-85 Wokingham Road,Reading,
Yo Sushi,Takeaway/sandwich shop,Portman Road,Reading,
YO! Henley-On-Thames Tesco,Takeaway/sandwich shop,Tesco Stores 359 Reading Road,,Henley-On-Thames
Yo! Sushi,Retailers - other,,Tesco Stores Ltd,Colliery Road
Yo! To Go Reading,Takeaway/sandwich shop,Napier Road,Reading,
Yo! To Go!,Takeaway/sandwich shop,Portman Road,Reading,
Yogoo! Natural Frozen Yogurt,Takeaway/sandwich shop,Bridge Street,Reading,
You Me Sushi,Restaurant/Cafe/Canteen,150 Friar Street,Reading,
Your Local Convenience Store,Retailers - other,151 Caversham Road,Reading,
Your Local Pantry,Other catering premises,St Edmunds Church,Reddings Lane,Springfield
Yuvraj's Mini Market,Retailers - other,9 Manchester Road,Reading,
YY Restaurant,Restaurant/Cafe/Canteen,77-79 Kings Road,Reading,
Zaal Fine Dining,Restaurant/Cafe/Canteen,Zaal,24 Reading Road South,Fleet
Zabka Reading,Retailers - other,541 Oxford Road,Reading,
Zaika The Paan Shop,Takeaway/sandwich shop,431 Oxford Road,Reading,
Zam Zam Halal Superstore,Retailers - other,162-164 Oxford Road,Reading,
Zambrero,Restaurant/Cafe/Canteen,31 Queen Victoria Street,Reading,
Zarcat,Mobile caterer,63 Tintern Crescent,Reading,
Zero Degrees,Restaurant/Cafe/Canteen,9 Bridge Street,Reading,
Zeus Greek Gyros,Restaurant/Cafe/Canteen,2 Bridge Street,Reading,
Zi Tore,Restaurant/Cafe/Canteen,7 Union Street,Reading,
Zia Lucia,Restaurant/Cafe/Canteen,65 St Marys Butts,Reading,
Zizzi at The Oracle,Restaurant/Cafe/Canteen,Bridge Street,Reading,
Zorbas Shisha and Kebabs,Takeaway/sandwich shop,16-17 Harris Arcade,Reading,
Zotta Deli,Restaurant/Cafe/Canteen,279 Basingstoke Road,Reading,
Zyka,Restaurant/Cafe/Canteen,6 Park Lane,Tilehurst,Reading
