BusinessName,BusinessType,AddressLine1,AddressLine2,AddressLine3,PostCode,RatingValue,RatingDate,LocalAuthorityName,Hygiene,Structural,ConfidenceInManagement,Longitude,Latitude
3B's Cafe,Other catering premises,735 Oxford Road,Reading,,RG30 1JA,5,17 March 2026,Reading,5,5,5,-1.013856,51.46221
3Cs Cafe at St Johns Church,Restaurant/Cafe/Canteen,Gosbrook Road,Caversham,Reading,RG4 5AN,5,23 September 2025,Reading,5,0,5,,
3sixty,Pub/bar/nightclub,Reading University Student' Union,Pepper Lane,Earley,RG6 6EH,5,18 June 2024,Wokingham,0,0,0,,
6Pack Supplements,Distributors/Transporters,443 Oxford Road,Reading,,RG30 1HD,Exempt,N/A,Reading,,,,-0.9975742,51.4570045
7 Day European Supermarket,Retailers - other,181 Oxford Road,Reading,,RG1 7UZ,4,07 December 2024,Reading,0,10,10,-0.9845056,51.45503
7 Day Local,Retailers - other,53 Basingstoke Road,Reading,,RG2 0ER,5,23 June 2019,Reading,0,5,5,-0.9665363,51.4400826
7 Flowers & Tea,Restaurant/Cafe/Canteen,4 Cross Street,Reading,,RG1 1SN,5,07 March 2019,Reading,0,0,0,-0.9714623,51.4564819
7 Rifles Reading,Other catering premises,Brock Barracks Oxford Road,Reading,,RG30 1HW,5,18 March 2025,Reading,0,5,0,-1.00348878,51.458374
7 Seas Fresh Fish,Retailers - other,88 Oxford Road,Reading,,RG1 7LJ,1,13 February 2025,Reading,15,15,20,-0.9797819,51.45516
7p Aperitivo Ltd,Importers/Exporters,27 Rose Kiln Lane,Reading,,RG2 0JZ,5,10 December 2025,Reading,0,0,0,-0.9759891,51.44199
7th Heaven,Restaurant/Cafe/Canteen,101 Wokingham Road,Reading,,RG6 1LH,5,14 February 2025,Reading,5,5,5,-0.9365756,51.4484177
A&S News & Off Licence,Retailers - other,130 Great Knollys Street,Reading,,RG1 7HB,5,03 December 2017,Reading,0,0,5,-0.9841233,51.4579926
A4 Snackbar,Mobile caterer,Lay-by Next To Rising Sun Public House Bath Road,Woolhampton,Reading,,5,27 November 2024,West Berkshire,0,0,5,-1.1584692,51.3970146
Abbeycrest Nursing Home,Caring Premises,Essex Way,Sonning Common,Reading,RG4 9RG,5,23 July 2025,South Oxfordshire,5,5,5,,
Abbeyfield Lodge,Caring Premises,184 - 186 Reading Road South,Church Crookham,Fleet,GU52 6AE,5,27 January 2026,Hart,0,0,0,-0.82906,51.26443
Abbeyfield Wey Valley Society Maitland House,Caring Premises,11 Maitland Road,Reading,,RG1 6NL,5,29 January 2025,Reading,5,5,5,-0.9868781,51.4518776
Abbeymore Day Nursery,Caring Premises,161 Wokingham Road,Reading,Berkshire,RG6 1LP,5,30 April 2025,Reading,5,5,5,-0.9323818,51.44437
ABM Catering at Checkendon Primary School,School/college/university,Checkendon Church Of England (A) Primary School Main Street,Checkendon,Reading,RG8 0SR,5,04 December 2025,South Oxfordshire,0,5,5,,
ABM Catering at Langtree School,School/college/university,Langtree Secondary School Reading Road,Woodcote,Reading,RG8 0RA,5,04 November 2025,South Oxfordshire,0,5,5,,
Accent Catering at Geoffrey Field Infant & Junior School,Other catering premises,Exbourne Road,Reading,,RG2 8RH,5,22 October 2025,Reading,0,5,5,-0.961438358,51.42186
Ace Catering,Mobile caterer,87 Southcote Lane,Reading,,RG30 3AH,AwaitingInspection,N/A,Reading,,,,-1.00199664,51.443615
Acorns Day Nursery,Caring Premises,,532 Reading Road,Winnersh,RG41 5EX,5,04 October 2024,Wokingham,0,0,0,-0.885783,51.43231
Active Tots,Caring Premises,5 - 7 Granary Court,Fair Oak Green,Stratfield Saye,RG7 2DL,5,16 December 2025,Basingstoke and Deane,5,0,5,-1.041466,51.34194
Ada Meyhane,Restaurant/Cafe/Canteen,3 - 5 Reading Road,Pangbourne,Reading,RG8 7LR,5,04 March 2026,West Berkshire,,,,-1.085841,51.4839821
Admiral Casino,Retailers - other,93-98 Friar Street,Reading,,RG1 1EP,Exempt,N/A,Reading,,,,-0.9757811,51.4564362
Adventure Dolphin Centre,Restaurant/Cafe/Canteen,Dolphin House Whitchurch Road,Pangbourne,Reading,RG8 7DA,5,16 March 2014,West Berkshire,0,0,0,-1.08486569,51.48593
Afghan Flavours,Takeaway/sandwich shop,40 Oxford Road,Reading,,RG1 7LA,3,15 June 2026,Reading,10,10,10,-0.9773294,51.4554176
Afghan Palace Reading,Restaurant/Cafe/Canteen,308 Oxford Road,Reading,,RG30 1AD,3,13 January 2026,Reading,10,5,10,-0.9947601,51.4566841
Age UK,Retailers - other,20a School Road,Tilehurst,Reading,RG31 5AN,Exempt,N/A,Reading,,,,-1.037705,51.4603157
Agnes Coffee Shop,Restaurant/Cafe/Canteen,184 Oxford Road,Reading,,RG1 7PL,3,20 May 2025,Reading,10,10,10,-0.9890358,51.45584
Ahmed Chem Ltd,Retailers - other,71 Basingstoke Road,Reading,Berkshire,RG2 0ER,Exempt,N/A,Reading,,,,-0.9670497,51.4396439
Ahmed Superstore,Retailers - supermarkets/hypermarkets,69-71 Whitley Street,Reading,,RG2 0EG,5,08 August 2024,Reading,5,5,5,-0.9648191,51.44476
AK Superstore,Retailers - supermarkets/hypermarkets,41 Tilehurst Road,Reading,,RG1 7TT,2,09 January 2026,Reading,10,15,10,-0.9909329,51.4520454
AKA BBQ Station,Restaurant/Cafe/Canteen,55 St Marys Butts,Reading,,RG1 2LG,5,24 January 2025,Reading,5,0,5,-0.9743673,51.4546547
Al Forno,Restaurant/Cafe/Canteen,59 Reading Road,Henley-On-Thames,Oxon,RG9 1AB,4,08 October 2025,South Oxfordshire,10,5,5,-0.9027554,51.5349236
Al Furqan Primary School,School/college/university,Reddings Lane,Springfield,Birmingham,B11 3EY,5,15 September 2025,Birmingham,5,5,5,-1.844838,52.4503365
Al-Furqan Community College,School/college/university,Reddings Lane,Springfield,Birmingham,B11 3EY,5,28 March 2017,Birmingham,0,0,0,-1.844838,52.4503365
Al-Quds,Retailers - other,27 De Beauvoir Road,Reading,,RG1 5NR,AwaitingInspection,N/A,Reading,,,,-0.9493551,51.45148
Al-Rehman General Store,Retailers - other,45 Cholmeley Road,Reading,,RG1 3NQ,2,02 February 2026,Reading,10,15,10,-0.9471015,51.4549866
Alamin Tandoori,Takeaway/sandwich shop,75 Basingstoke Road,Reading,,RG2 0ER,3,10 June 2026,Reading,10,10,10,-0.9671089,51.4395752
Aldergrove Breakfast & ASC,Hotel/bed & breakfast/guest house,,Aldergrove Church of England,Shinfield,RG2 9RA,4,23 September 2025,Wokingham,10,0,10,,
Aldermaston Oaks,Caring Premises,Aldermaston C. E. Primary School Wasing Lane,Aldermaston,Reading,RG7 4LX,5,16 January 2025,West Berkshire,0,0,0,-1.163888,51.3828278
Aldermaston Recreational Society,Pub/bar/nightclub,Awe Reading Road,Aldermaston,Reading,RG7 4PR,5,14 November 2024,West Berkshire,0,5,0,,
Aldermaston Stores,Retailers - other,Fishermans Cottage Fishermans Lane,Aldermaston,Reading,RG7 4LJ,3,03 October 2025,West Berkshire,5,10,10,-1.14282262,51.3881874
Aldi,Retailers - supermarkets/hypermarkets,Caversham Road,Reading,,RG1 8AL,5,13 February 2025,Reading,0,5,0,,
Aldi,Retailers - supermarkets/hypermarkets,350 Basingstoke Road,Reading,,RG2 0NT,5,13 February 2025,Reading,0,5,0,-0.9693995,51.43305
Aldi Stores Limited,Retailers - supermarkets/hypermarkets,Aldi Stores Bath Road,Calcot,Reading,RG30 2HB,5,30 January 2013,West Berkshire,0,0,0,,
Aldi Stores Ltd,Retailers - supermarkets/hypermarkets,Proctor End South,Reading,,RG2 0GG,5,08 February 2024,Reading,0,0,0,,
All Nations Christian Centre,Restaurant/Cafe/Canteen,1 Berkeley Avenue,Reading,,RG1 6JE,4,29 May 2026,Reading,5,0,10,-0.9826959,51.44773
Allotment Productions,Retailers - other,Unit 4a Paddock Road Industrial Estate Paddock Road,Reading,,RG4 5BY,1,11 March 2026,Reading,5,5,20,-0.9553442,51.46462
Alper Kebabs Mobile Van outside National Tyres,Mobile caterer,196 Basingstoke Road,Reading,,RG2 0HH,5,07 May 2026,Reading,0,0,5,-0.9683715,51.4378128
Alto Lounge,Restaurant/Cafe/Canteen,30-32a Church Street,Caversham,Reading,RG4 8AU,5,02 September 2025,Reading,5,5,5,-0.9749,51.4678
Amazing Grace Afro Caribbean Shop,Retailers - other,391 Oxford Road,Reading,,RG30 1HA,3,21 May 2025,Reading,10,10,10,-0.9955264,51.4565277
Amazing Grace Superstore Ltd,Retailers - other,168 Oxford Road,Reading,,RG1 7PL,4,16 July 2026,Reading,5,10,5,-0.9885047,51.4557762
Ambrith Ltd,Manufacturers/packers,5 Martin Cooper Close,Caversham,Reading,RG4 6AE,AwaitingInspection,N/A,Reading,,,,-0.9532765,51.46943
Amee's Kitchen,Other catering premises,734-736 Oxford Road,Reading,,RG30 1EH,3,11 April 2025,Reading,10,10,10,-1.00811589,51.46006
Amee's Kitchen,Other catering premises,232 Shinfield Road,Reading,,RG2 8EX,1,19 March 2026,Reading,5,15,20,-0.9463056,51.42831
Amegreen Childrens Services,Caring Premises,18 Barn Owl Way,Burghfield Common,Reading,RG7 3XX,Exempt,N/A,West Berkshire,,,,-1.056136,51.4013519
American Candy,Retailers - other,4a The Riverside,The Oracle,Reading,RG1 2AG,4,15 September 2021,Reading,5,5,10,-0.9708718,51.452652
Amorino,Restaurant/Cafe/Canteen,37 Broad Street,Reading,,RG1 2AA,5,23 June 2026,Reading,0,5,0,-0.9724555,51.4558334
Amsterdam Selection,Retailers - other,17 Whitley Street,Reading,,RG2 0EG,Exempt,N/A,Reading,,,,-0.9654689,51.4459267
AMT Coffee at Royal Berkshire Hospital,Restaurant/Cafe/Canteen,London Road,Reading,,RG1 5AN,5,28 November 2024,Reading,5,0,0,-0.9561154,51.4519424
Amò - Italian Street Food,Restaurant/Cafe/Canteen,Unit 2 2-4 Kings Road,Reading,,RG1 3AA,5,16 May 2025,Reading,0,5,5,-0.9687359,51.4548378
Anderson Hill Day Centre,Caring Premises,Blands Court Reading Road,Burghfield Common,Reading,RG7 3BZ,5,07 January 2025,West Berkshire,5,0,0,,
Angel Bar,Pub/bar/nightclub,18 Prospect Street,Caversham,Reading,RG4 8JG,5,22 November 2024,Reading,0,5,5,-0.9728442,51.46803
Angelos,Restaurant/Cafe/Canteen,9 Friars Walk Station Hill Reading,Reading,,RG1 1HP,AwaitingInspection,N/A,Reading,,,,-0.9744959,51.4575729
ANJAPPAR Chettinad Indian Restaurant,Restaurant/Cafe/Canteen,74 Kings Road,Reading,,RG1 3BJ,1,13 March 2026,Reading,15,15,20,-0.9654744,51.4545937
Annie's Snack Van,Mobile caterer,,Redding & Westquarter Unity Club,Redding Road,FK2 9TX,Pass,09 March 2026,Falkirk,,,,,
Anonymous Coffee Co at Thames Tower,Takeaway/sandwich shop,37-45 Station Road,Reading,,RG1 1LX,5,19 September 2025,Reading,0,0,5,-0.972243,51.4577522
Antonio Maria,Mobile caterer,37 Church Road Caversham,Reading,,RG4 7AG,4,09 April 2026,Reading,5,5,10,-0.9789349,51.4679832
Anu's Dessert Café,Restaurant/Cafe/Canteen,40 Church Street Caversham,Reading,,RG4 8AU,AwaitingInspection,N/A,Reading,,,,-0.9734296,51.4676
Apollo Youth Club,Caring Premises,22-24 Mount Pleasant,Reading,,RG1 2TD,5,20 June 2025,Reading,5,5,5,-0.9668203,51.4478874
Aramark Salvation Army,Restaurant/Cafe/Canteen,Willow Street,Reading,,RG1 6AB,5,18 September 2025,Reading,5,5,5,,
ARC Gym,Retailers - other,,136 Reading Road,Wokingham,RG41 1HB,Exempt,N/A,Wokingham,,,,-0.8541467,51.4185448
Argos Ltd,Retailers - other,Savacentre Bath Road,Calcot,Reading,RG31 7SA,Exempt,N/A,West Berkshire,,,,-1.06152284,51.4429855
Artichoke Cafe,Restaurant/Cafe/Canteen,27A Reading Road,Pangbourne,Reading,RG8 7HY,5,15 June 2026,West Berkshire,5,5,0,-1.08394134,51.48387
Artisan Loaf Makers,Other catering premises,Britten Road,Reading,,RG2 0AU,5,26 February 2025,Reading,0,0,0,-0.97000134,51.4426537
Asda Express PFS Berkeley,Retailers - other,10 Berkeley Avenue,Reading,,RG1 6JE,4,13 September 2025,Reading,5,10,5,-0.9798493,51.4482536
Asda Express PFS Glenlands,Retailers - other,42 Reading Road South,Fleet,Hampshire,GU51 3QP,4,05 February 2026,Hart,5,10,5,-0.843412,51.27735
Asda Express Pinewood PFS,Retailers - other,Pinewood Service Station Reading Road,Burghfield Common,Reading,RG7 3EH,5,20 February 2025,West Berkshire,0,5,0,-1.06238854,51.3964844
Asda Express Yateley Reading Road PFS,Retailers - supermarkets/hypermarkets,13 Reading Road,Yateley,,GU46 7UH,5,17 September 2025,Hart,0,5,5,-0.822163,51.3421249
Asda Pangbourne - Pangbourne Service Station,Retailers - other,Pangbourne Service Station Reading Road,Pangbourne,Reading,RG8 7JE,5,06 October 2025,West Berkshire,0,0,0,,
Asda Service Station,Retailers - other,12/14 School Road,Tilehurst,Reading,RG31 5AL,5,10 November 2025,Reading,0,5,0,-1.03782284,51.4608727
Asda Superstore,Retailers - supermarkets/hypermarkets,67 Honey End Lane,Reading,Berkshire,RG30 4EL,5,08 October 2025,Reading,0,5,5,-1.01753,51.4491
Aseda Supermarkets,Retailers - supermarkets/hypermarkets,170 Oxford Road,Reading,,RG1 7PL,4,31 July 2025,Reading,10,5,5,-0.9885623,51.4557762
Ashanti Royale Restaurant and Catering Services,Restaurant/Cafe/Canteen,152 Oxford Road,Reading,,RG1 7PJ,1,10 December 2025,Reading,15,15,20,-0.9879875,51.4557343
Asian Spice,Takeaway/sandwich shop,3 The Colonnade Overdown Road,Tilehurst,Reading,RG31 6PR,5,14 May 2025,West Berkshire,0,0,0,-1.04449,51.4697037
Asiana Spice,Restaurant/Cafe/Canteen,34 Reading Road,Henley-On-Thames,Oxon,RG9 1AG,4,08 July 2025,South Oxfordshire,5,5,10,-0.9036909,51.5354
Aspens @ Worle Community School,Other catering premises,,Redwing Drive,Worle,BS22 8XX,5,06 February 2025,North Somerset,0,0,0,-2.928982,51.3546257
ASR Solutions Ltd,Distributors/Transporters,Unit 1 Meadow Road,Reading,,RG1 8LB,5,26 March 2026,Reading,0,5,5,-0.9807223,51.462368
Atif Superstore,Retailers - other,481-483 Oxford Road,Reading,,RG30 1HF,4,18 September 2025,Reading,0,10,10,-0.9991794,51.4573135
Atlas Shawarma,Restaurant/Cafe/Canteen,349 Oxford Road,Reading,,RG30 1AY,AwaitingInspection,N/A,Reading,,,,-0.9939073,51.45619
Attimonosh,Takeaway/sandwich shop,120a Henley Road,Caversham,Reading,RG4 6DH,5,12 May 2026,Reading,5,5,5,-0.9588715,51.47093
Auntie Anne's Pretzels at The Oracle,Takeaway/sandwich shop,Bridge Street,Reading,,RG1 2AQ,5,05 November 2025,Reading,0,5,5,-0.9723654,51.4524765
Aurora Rowan School,School/college/university,Aurora Rowan School Dyson Wood,Tokers Green,Kidmore End Reading,RG4 9EY,5,15 May 2025,South Oxfordshire,5,0,5,,
Ava's Play Cafe,Restaurant/Cafe/Canteen,70 Reading Road South,Fleet,Hampshire,GU52 7SD,5,13 July 2024,Hart,0,5,5,-0.8401102,51.2741432
Avenue Food & Wine,Retailers - other,92 Northcourt Avenue,Reading,,RG2 7HQ,4,19 November 2025,Reading,0,0,10,-0.9505591,51.43351
Avilah Foods,Manufacturers/packers,535 Oxford Road,Reading,,RG30 1HJ,3,25 June 2025,Reading,10,10,10,-1.00095451,51.45776
Awberry Farm Events,Other catering premises,Awberry Farm The Green,Beenham,Reading,RG7 5NX,AwaitingInspection,N/A,West Berkshire,,,,-1.15724885,51.41764
Aya's Home Kitchen,Other catering premises,48 Winton Road,Reading,,RG28HJ,5,14 April 2026,Reading,5,5,5,-0.9511191,51.42349
"Aylesbury, Chiltern & South Bucks Sports & Social Club",Other catering premises,270 Whitley Wood Road,Reading,,RG2 8FS,5,06 September 2023,Reading,0,0,0,-0.9690801,51.41524
B and M Retail Ltd,Retailers - other,Unit 3 Savacentre Bath Road,Calcot,Reading,RG31 7SA,5,30 August 2022,West Berkshire,0,0,0,-1.06152284,51.4429855
B&B,Mobile caterer,1 Whitchurch Road,Pangbourne,Reading,RG8 7BS,AwaitingInspection,N/A,West Berkshire,,,,-1.086973,51.4850655
B&B Local Ltd,Retailers - other,62 Peppard Road,Sonning Common,Reading,RG4 9RP,5,24 October 2024,South Oxfordshire,0,5,5,-0.9775495,51.51837
B&M Home Store with Garden Centre,Retailers - other,709-731 Oxford Road,Reading,,RG30 1PR,Exempt,N/A,Reading,,,,,
B&M Store,Retailers - other,Units 3a & 3b Brunel Shopping Centre,Rose Kiln Lane,Reading,RG2 0HS,5,04 December 2023,Reading,5,0,5,,
B&S Food and Wine LTD,Retailers - other,,Spencer Wood Store,Basingstoke Road,RG7 1PH,5,09 September 2025,Wokingham,5,5,5,,
Baby Buddies Breakfast Club,School/college/university,,Polmont Playgroup,Redding Road,FK2 0AA,Awaiting Inspection,N/A,Falkirk,,,,,
Back of Beyond,Pub/bar/nightclub,108 Kings Road,Reading,,RG1 3BY,5,04 September 2025,Reading,0,5,0,-0.9633864,51.4546471
Bagaara,Restaurant/Cafe/Canteen,256 Shinfield Road,Reading,,RG2 8EY,4,16 September 2025,Reading,5,10,5,-0.9470297,51.4262123
Bahgecha Restaurant,Restaurant/Cafe/Canteen,35 Clayhill Road,Burghfield Common,Reading,RG7 3HF,5,15 January 2025,West Berkshire,0,0,0,-1.06509733,51.4011
Bainton Reading Room,Other catering premises,Bainton Reading Room,Barnack Road,Bainton,PE9 3AE,Exempt,N/A,Peterborough City,,,,,
Bakery House,Restaurant/Cafe/Canteen,82 London Street,Reading,,RG1 4SJ,4,04 March 2025,Reading,5,10,5,-0.9680305,51.45165
Bally Convenience Store,Retailers - other,2 Pell Street,Reading,,RG1 2NZ,2,16 January 2025,Reading,10,15,10,-0.9727826,51.44831
Banana Moon Day Nursery,Caring Premises,371 Gosbrook Road,Caversham,Reading,RG4 8ED,5,05 December 2025,Reading,5,0,5,-0.9610787,51.465023
Banh Mi QB,Other catering premises,19-23 King Street,Reading,,RG1 2HG,3,03 May 2025,Reading,10,10,10,-0.96969,51.45479
Bar Iguana,Pub/bar/nightclub,11 St Marys Butts,Reading,,RG1 2LN,5,10 April 2025,Reading,5,5,5,-0.975304,51.4545975
Bar+Block,Restaurant/Cafe/Canteen,Oakdene Court,613 Reading Road,Winnersh,RG41 5UA,4,06 January 2025,Wokingham,0,10,0,,
Barn Owl Day Nursery,Caring Premises,Barn Owl Nursery Domus Oxford Road,Tilehurst,Reading,RG31 6UT,5,13 May 2026,West Berkshire,0,5,0,-1.0479697,51.4782143
Barney's After School & Holiday Club,Caring Premises,The Reading Rooms The Reading Rooms Fox Street,,Great Gransden,SG19 3AA,5,13 March 2018,Huntingdonshire,5,5,5,-0.1431934,52.18786
Barrow Sixth Form College,School/college/university,Barrow In Furness Sixth Form C,Rating Lane,Barrow-In-Furness,LA13 9LE,4,12 November 2025,Westmorland and Furness,5,10,5,-3.200219,54.129612
Barry's Burger Bar,Mobile caterer,1 Scours Lane,Reading,,RG30 6AY,4,26 May 2026,Reading,10,5,0,-1.01391888,51.4651566
Basildon Extra,Caring Premises,Basildon C Of E Primary School School Lane,Upper Basildon,Reading,RG8 8PD,5,17 January 2012,West Berkshire,5,5,5,,
Basildon Park - National Trust Enterprises Ltd,Retailers - other,Basildon Park,Lower Basildon,Reading,RG8 9NR,5,25 June 2026,West Berkshire,5,5,0,,
Baweja Superstore,Retailers - other,,The Street,Hurst,RG10 0DB,5,23 October 2025,Wokingham,0,0,5,,
Baxter Storey at Cisco Systems,Restaurant/Cafe/Canteen,300 Longwater Avenue,Reading,,RG2 6GE,5,15 October 2025,Reading,0,0,0,-0.992028,51.42515
Baxter Storey at Ernest and Young,Restaurant/Cafe/Canteen,2 Blagrave Street,Reading,,RG1 1AZ,5,13 July 2026,Reading,0,0,5,-0.9702119,51.4576836
Baxter Storey at Visa Europe,Restaurant/Cafe/Canteen,41-45 Queens Road,Reading,,RG1 4BQ,5,07 July 2026,Reading,0,5,0,,
Baxterstorey - Apex Building,Restaurant/Cafe/Canteen,Forbury Road,Reading,,,5,25 September 2025,Reading,5,5,5,,
BaxterStorey - Deloitte,Restaurant/Cafe/Canteen,Abbots House Abbey Street,Reading,,RG1 3BD,5,26 March 2026,Reading,0,0,5,-0.9661705,51.4562721
Baxterstorey @ JLL Green Park,Restaurant/Cafe/Canteen,400 Brook Drive,Reading,,RG2 6UU,5,15 May 2025,Reading,5,5,5,-0.9913629,51.42269
BaxterStorey at Campus Kitchen,Restaurant/Cafe/Canteen,Reading International Business Park,Reading,,RG2 6DA,5,12 June 2026,Reading,5,0,5,,
BaxterStorey at One Station Hill,Restaurant/Cafe/Canteen,One Station Hill Garrard Street,Reading,,RG1 1NR,5,20 June 2025,Reading,0,0,0,,
BaxterStorey CBRE Thames Hub,Other catering premises,250 Brook Drive,Reading,,RG2 6UA,5,13 April 2026,Reading,0,0,0,-0.9891333,51.4246674
Bays Peri Peri,Restaurant/Cafe/Canteen,6 West Street,Reading,,RG1 1TT,5,05 August 2026,Reading,0,5,0,-0.9755982,51.4562454
BB's Bakers & Baristas,Restaurant/Cafe/Canteen,Bridge Street,Reading,,RG1 2AQ,5,05 February 2026,Reading,5,5,5,-0.9723654,51.4524765
Be At One,Restaurant/Cafe/Canteen,1 Gun Street,Reading,,RG1 2JR,5,14 July 2026,Reading,5,0,0,-0.9734797,51.4538
Beacher Hall Nursing Home,Caring Premises,42 Bath Road,Reading,,RG1 6PG,5,17 March 2026,Reading,5,5,5,-0.9899624,51.44972
Beenham Club,Pub/bar/nightclub,The Beenham Victory Hall Picklepythe Lane,Beenham,Reading,RG7 5NT,4,28 February 2017,West Berkshire,0,10,5,,
Beesknees Day Nursery,Caring Premises,97 Connaught Road,Reading,,RG30 2UE,5,16 October 2024,Reading,0,5,5,-0.9945234,51.4536972
Beijing,Takeaway/sandwich shop,,44 Redding Road,,FK2 9XL,Pass,26 February 2026,Falkirk,,,,-3.740054,55.98741
Bella Italia at The Oracle / Super Nonna,Restaurant/Cafe/Canteen,Bridge Street,Reading,,RG1 2AG,5,17 July 2024,Reading,5,5,5,,
Bellapizza and Kebab House,Restaurant/Cafe/Canteen,41 Clayhill Road,Burghfield Common,Reading,RG7 3HF,5,23 September 2025,West Berkshire,,,,-1.06486535,51.4012
Ben's Cookies at The Oracle,Retailers - other,Bridge Street,Reading,,RG1 2AQ,5,14 February 2018,Reading,0,0,0,-0.9723654,51.4524765
Berkeley Garden Day Nursery,Caring Premises,72 Berkeley Avenue,Reading,,RG1 6HY,5,24 September 2025,Reading,5,5,0,-0.9869096,51.44785
Berkshire Kebab House Ltd,Takeaway/sandwich shop,15 High Street,Theale,Reading,RG7 5AH,5,28 November 2024,West Berkshire,5,5,5,-1.076111,51.43738
Berkshire Meat Traders,Retailers - other,17 Deacon Way,Tilehurst,Reading,RG30 6AZ,5,05 August 2025,Reading,5,5,5,-1.01678061,51.4647827
Berkshire Vision - West Berkshire East Socialeyes at Burghfield Village Hall,Pub/bar/nightclub,Burghfield Village Hall Recreation Road,Burghfield Common,Reading,RG7 3EN,5,01 April 2026,West Berkshire,0,0,0,-1.06425464,51.3959045
Berries Coffee @ TG Gym,Restaurant/Cafe/Canteen,357 Reading Road,,Henley-On-Thames,RG9 4HA,AwaitingInspection,N/A,South Oxfordshire,,,,-0.8943821,51.52705
Berrys at Walton,Restaurant/Cafe/Canteen,Walton Reading Room,,Walton,CA8 2DJ,5,30 October 2025,Cumberland,0,5,0,,
Best and Less Supermarket,Retailers - other,55 Basingstoke Road,Reading,,RG2 0ER,1,18 May 2026,Reading,10,10,20,-0.9665949,51.4400368
Best Foods,Retailers - other,129 Oxford Road,Reading,,RG1 7UU,4,06 August 2025,Reading,5,10,5,-0.9817197,51.4547462
Best Kebab House,Takeaway/sandwich shop,234c Shinfield Road,Reading,,RG2 8EX,4,19 August 2025,Reading,5,10,5,-0.9466941,51.4276733
Best One,Retailers - other,,487 Reading Road,Winnersh,RG41 5HL,3,23 June 2026,Wokingham,10,5,10,-0.885398,51.43278
Best One,Retailers - other,1a Nire Road,Caversham,Reading,RG1 5LT,2,23 September 2025,Reading,15,10,10,-0.9496932,51.4674835
Best Western Calcot Hotel,Hotel/bed & breakfast/guest house,Calcot Hotel Bath Road,Calcot,Reading,RG31 7QN,5,18 December 2024,West Berkshire,0,0,0,,
BETLEY READING ROOM,Other catering premises,The Reading Room,Main Road,Betley,CW3 9AB,5,04 October 2024,Newcastle-Under-Lyme,5,5,5,-2.368807,53.03532
"Better Cafe, Palmer Park",Restaurant/Cafe/Canteen,Wokingham Road,Reading,,RG6 1LF,5,08 December 2024,Reading,5,5,5,-0.9441405,51.4520454
Betty's Bistro,Restaurant/Cafe/Canteen,487 Oxford Road,Reading,,RG30 1HF,1,06 January 2026,Reading,15,15,20,-0.999379,51.4574051
Bierhaus,Restaurant/Cafe/Canteen,8 Queens Walk,Reading,,RG1 7QF,1,10 October 2025,Reading,15,15,20,-0.9763454,51.4543648
Big Bazaar,Retailers - supermarkets/hypermarkets,13-17 London Road,Reading,,RG1 5BJ,5,07 April 2026,Reading,5,5,5,-0.9664902,51.450676
Big Bazaar,Retailers - other,67-69 Wokingham Road,Reading,,RG6 1LH,5,01 September 2025,Reading,0,5,5,-0.9373404,51.4489479
Big Bazaar,Retailers - supermarkets/hypermarkets,80 Tean House Havergate Way,Reading,,RG2 0GU,5,03 March 2026,Reading,5,5,5,-0.9753665,51.43059
Big Bazaar,Retailers - supermarkets/hypermarkets,221 Shinfield Road,Reading,,RG2 8HA,1,21 July 2026,Reading,15,10,20,-0.9459951,51.4274254
Big Bazaar Halal Meat,Retailers - other,67-69 Wokingham Road,Reading,,RG6 1LH,4,01 September 2025,Reading,10,10,0,-0.9373404,51.4489479
Big Oaks,Caring Premises,Mortimer St Mary's C.e. Junior School The Street,Mortimer,Reading,RG7 3PB,5,16 January 2025,West Berkshire,0,0,0,,
Bilbo’s Travelling Tavern,Mobile caterer,55 Brooksby Road,Reading,,RG31 6LZ,AwaitingInspection,N/A,Reading,,,,-1.03988671,51.4695244
Bill's,Restaurant/Cafe/Canteen,Chain Street,Reading,Berkshire,RG1 2HX,5,05 June 2026,Reading,5,5,0,,
Bina Continental Stores,Retailers - other,306 Oxford Road,Reading,,RG30 1AD,3,28 April 2026,Reading,10,10,10,-0.994703,51.456665
Bina Tandoori,Restaurant/Cafe/Canteen,21 Prospect Street,Caversham,Reading,RG4 8JB,5,06 November 2025,Reading,5,5,5,-0.971687,51.46827
Birch Bread,Retailers - other,14 - 16 Reading Road,Pangbourne,Reading,RG8 7LY,5,04 February 2026,West Berkshire,0,5,5,-1.0852716,51.4836426
Birrells Bar,Pub/bar/nightclub,,46 Redding Road,,FK2 9XL,Pass,16 January 2026,Falkirk,,,,-3.740054,55.98741
Biryani Boyzz,Takeaway/sandwich shop,63 Wokingham Road,Reading,,RG6 1LH,4,04 March 2026,Reading,5,10,5,-0.9373965,51.44901
Biryani Boyzz,Restaurant/Cafe/Canteen,109 Oxford Road,Reading,,RG1 7UD,3,28 July 2026,Reading,10,10,10,-0.9800623,51.4548454
Biryani Mama Bar & Restaurant,Restaurant/Cafe/Canteen,64-65 St Marys Butts,Reading,,,3,05 November 2025,Reading,10,10,10,-0.9747663,51.4550323
Biryanish,Restaurant/Cafe/Canteen,92 Oxford Road,Reading,,RG1 7LJ,2,29 April 2026,Reading,15,15,10,-0.9799116,51.45515
BJ's Luxury Bingo Club,Pub/bar/nightclub,Gillette Way,Reading,,RG2 0BS,5,20 January 2026,Reading,5,5,5,-0.969414234,51.4319153
BKRY,Retailers - other,47 Church Street,Caversham,Reading,RG4 8BA,5,20 March 2026,Reading,5,5,5,-0.9741115,51.4674644
Black Sheep Coffee,Restaurant/Cafe/Canteen,60 Broad Street,Reading,,RG1 2AF,5,10 July 2026,Reading,5,5,5,-0.9743857,51.45576
Black Sheep Coffee,Takeaway/sandwich shop,1-3 Queen Victoria Street,Reading,,RG1 1SY,5,15 October 2024,Reading,5,5,5,-0.9722667,51.45655
Blacks,Retailers - other,Chain Street,Reading,Berkshire,RG1 6HX,Exempt,N/A,Reading,,,,,
Blagrave Nursery,Caring Premises,Recreation Road,Tilehurst,Reading,RG30 4UA,4,26 February 2025,Reading,5,10,5,,
Blip,Restaurant/Cafe/Canteen,8 Park Lane Tilehurst,Reading,,RG31 5DL,5,22 January 2026,Reading,5,5,5,-1.04449,51.45661
Blip (Reading Central),Takeaway/sandwich shop,Unit 49 Milford Road Reading,Reading,,RG1 8LG,AwaitingInspection,N/A,Reading,,,,-0.9816241,51.4622879
Blue Collar Corner,Pub/bar/nightclub,15 Hosier Street,Reading,,RG1 7QL,5,21 August 2025,Reading,0,0,0,-0.9752443,51.45403
Blueskys Trading,Retailers - other,27 Rose Kiln Lane,Reading,,RG2 0JZ,4,24 June 2024,Reading,0,5,10,-0.9759891,51.44199
Bo Wah,Takeaway/sandwich shop,85 Northumberland Avenue,Reading,,RG2 7PT,3,23 February 2026,Reading,10,10,10,-0.9621921,51.43878
Boba Bloom,Restaurant/Cafe/Canteen,91 Erleigh Road,Reading,,RG1 5NN,1,16 June 2026,Reading,10,10,20,-0.9468788,51.44903
Bodrum Corner Cafe,Restaurant/Cafe/Canteen,248a Shinfield Road,Reading,,RG2 8EY,3,18 May 2026,Reading,10,5,10,-0.9470085,51.42651
Bodrum Kebab Mobile Van - Mr Nihat Umdu,Mobile caterer,223 Shinfield Road,Reading,,RG2 8HD,5,04 June 2026,Reading,5,5,5,-0.9461599,51.42714
Boltons Rest Home,Caring Premises,4 College Road,Reading,,RG6 1QD,5,28 January 2026,Reading,5,5,5,-0.942667,51.4512253
Bombay Brothers,Restaurant/Cafe/Canteen,King Street,Reading,,RG1 2HG,4,19 June 2025,Reading,5,10,5,-0.9691883,51.4549866
Bombay Punjabi,Takeaway/sandwich shop,100 Oxford Road,Reading,,RG1 7LJ,2,24 May 2025,Reading,10,15,10,-0.9802282,51.4551544
Boom Battle Bar,Pub/bar/nightclub,12-14 Station Road,Reading,,RG1 1JX,5,30 April 2026,Reading,5,5,5,-0.9719702,51.45743
Boost Juice Bars at The Oracle,Takeaway/sandwich shop,Bridge Street,Reading,,RG1 2AG,5,02 July 2024,Reading,5,5,0,,
Boots UK Ltd,Retailers - other,47-48 Broad Street,Reading,,RG1 2AE,5,12 August 2025,Reading,0,0,0,-0.9731592,51.4559021
Boots UK Ltd,Retailers - other,Boots UK Ltd Unit 1C,Roaring Meg Retail Park,London Road,SG1 1XN,5,22 January 2025,Stevenage,0,0,0,-0.198948,51.8919945
Boots UK Ltd,Retailers - other,45 Church Street,Caversham,Reading,RG4 8BA,Exempt,N/A,Reading,,,,-0.9742832,51.46741
Boots UK Ltd,Retailers - other,Unit 1 Savacentre Bath Road,Calcot,Reading,RG31 7SA,Exempt,N/A,West Berkshire,,,,-1.06152284,51.4429855
Boots UK Ltd at Reading Rail Station Concourse,Retailers - other,Station Approach,Reading,,RG1 1LT,5,19 March 2025,Reading,0,0,0,-0.972663939,51.45874
Boots UK Ltd at The Oracle,Retailers - other,Bridge Street,Reading,Berkshire,RG1 2AH,5,12 August 2025,Reading,0,0,0,,
Boston Central Racing Pigeon,Pub/bar/nightclub,Boston Central Racing Pigeon Club,91 Field Street,,PE21 6TR,5,15 January 2020,Boston,0,0,0,-0.01708,52.9793053
Boswells Cafe at Broad St Mall,Restaurant/Cafe/Canteen,Broad Street,Reading,,RG1 7QE,5,17 October 2024,Reading,5,5,5,,
Bow Guest House,Hotel/bed & breakfast/guest house,25 Russell Street,Reading,,RG1 7XD,5,16 November 2017,Reading,0,5,0,-0.982385,51.45395
Bowl Central,Restaurant/Cafe/Canteen,65 Caversham Road,Reading,,RG1 8AD,5,08 January 2026,Reading,0,5,5,-0.9762691,51.46036
BP Calcot,Retailers - other,Calcot Filling Station Bath Road,Calcot,Reading,RG31 7QN,AwaitingInspection,N/A,West Berkshire,,,,-1.04996192,51.441227
BP Leander Service Station,Retailers - other,182-184 Henley Road,Reading,Berkshire,RG4 5LW,5,01 November 2023,Reading,0,5,5,-0.9532802,51.4711571
BP Oil UK Ltd Eastbound,Retailers - other,Shop Area Filling Station,Burghfield,Reading,RG30 3UQ,5,08 January 2025,West Berkshire,0,5,0,,
BP Oil UK Ltd Westbound,Retailers - other,Shop Area Filling Station,Burghfield,Reading,RG30 3UQ,5,23 June 2025,West Berkshire,0,0,0,,
BP Reading Service Station,Retailers - other,69 London Road,Reading,,RG1 5BW,5,26 October 2024,Reading,5,5,5,-0.9606205,51.45159
BP Triangle Garage,Retailers - other,,267 Reading Road,Winnersh,RG41 5AB,5,20 August 2026,Wokingham,5,5,0,-0.865965,51.42398
BP Weldale Connect,Retailers - other,324 Wokingham Road,Reading,,RG6 1JU,5,26 October 2024,Reading,0,5,5,-0.9316409,51.4422035
Bradfield College,Restaurant/Cafe/Canteen,Bradfield College Common Hill,Bradfield,Reading,RG7 6AU,5,11 June 2025,West Berkshire,0,5,0,-1.12654674,51.44817
Bradfield College - Faulkners Kitchen,Restaurant/Cafe/Canteen,Bradfield College Common Hill,Bradfield,Reading,RG7 6AU,5,11 June 2025,West Berkshire,0,0,0,-1.12654674,51.44817
Bradfield College - Stunt Pavilion,Restaurant/Cafe/Canteen,Bradfield College Common Hill,Bradfield,Reading,RG7 6AU,5,04 March 2025,West Berkshire,0,0,0,-1.12654674,51.44817
Bradfield Social Club,Pub/bar/nightclub,Bradfield Social Club Union Road,Bradfield,Reading,RG7 6AE,5,28 July 2011,West Berkshire,5,5,5,,
Bradleys,Restaurant/Cafe/Canteen,38 High Street,Theale,Reading,RG7 5AN,5,07 April 2022,West Berkshire,5,0,5,-1.07500136,51.43747
Braeburn Lodge Care Home,Caring Premises,Braeburn Lodge Care Home Bath Road,Beenham,Reading,RG7 5JB,5,09 June 2026,West Berkshire,5,5,5,,
Breakfast and After School Club,School/college/university,Silchester Road,Reading,,RG30 3EJ,4,12 February 2026,Reading,5,5,10,-1.0017873,51.44293
Breakfast Box Mobile Van,Mobile caterer,Rose Kiln Lane,Reading,,,5,27 September 2024,Reading,0,5,5,,
Bridge Baker,Restaurant/Cafe/Canteen,Coral Racing Ltd,99 - 101 Hammersmith Road,London,W14 0QH,5,18 November 2025,Hammersmith and Fulham,5,5,5,-0.2120087,51.49466
Bright Horizons Farnborough Day Nursery \& Preschool,Caring Premises,40 Reading Road,Farnborough,Hampshire,GU14 6NB,5,25 July 2025,Rushmoor,5,0,0,-0.748315,51.2805023
British Racing Drivers Club,Restaurant/Cafe/Canteen,Silverstone Motor Racing Circuit,Silverstone Circuit,Silverstone,NN12 8TL,5,20 June 2023,West Northamptonshire,0,0,0,-1.02188289,52.0728951
Brookleas Fish Farm,Manufacturers/packers,Brookleas Fish Farm Reading Road,East Hendred,Wantage,OX12 8LN,5,04 June 2025,Vale of White Horse,5,5,5,,
BRS Education Ltd,School/college/university,The British Racing School,Snailwell Road,Newmarket,CB8 7NU,5,27 November 2024,East Cambridgeshire,0,0,5,0.4148104,52.2674675
Bubble CiTea,Restaurant/Cafe/Canteen,Bridge Street,Reading,,,5,13 December 2024,Reading,0,0,5,,
Bubbleology Reading,Other catering premises,Bridge Street,Reading,,RG1 2AH,5,16 October 2025,Reading,5,5,5,,
Bubbles Spa Car Wash,Restaurant/Cafe/Canteen,3 Reading Arch Road,Redhill,Surrey,RH1 1HG,5,02 August 2025,Reigate and Banstead,0,0,0,-0.168161,51.2365952
Bucklebury Farm Ltd,Restaurant/Cafe/Canteen,Bucklebury Farm Park Pease Hill,Bucklebury,Reading,RG7 6RR,5,18 March 2026,West Berkshire,5,5,5,-1.20688963,51.4280853
Budgens at Milestone Way Precinct,Retailers - supermarkets/hypermarkets,Milestone Way,Caversham,Reading,RG4 8XW,5,12 December 2024,Reading,0,5,0,,
Buenasado,Restaurant/Cafe/Canteen,Bridge Street,Reading,,RG1 2AQ,5,30 October 2025,Reading,5,5,5,-0.9723654,51.4524765
Burger and Chips,Mobile caterer,Willow Farm Reading Street,,Tenterden,TN30 7LA,5,13 May 2026,Ashford,5,5,5,0.7524386,51.042572
Burger Den,Takeaway/sandwich shop,109a Oxford Road,Reading,,RG1 7UD,5,21 April 2026,Reading,5,5,5,-0.9801347,51.45483
Burger King,Restaurant/Cafe/Canteen,Imperial Way,Reading,,RG2 0TE,5,28 August 2025,Reading,0,5,0,,
Burger King,Restaurant/Cafe/Canteen,Burger King Unit 9,Roaring Meg Retail Park,London Road,SG1 1XN,5,27 February 2025,Stevenage,5,0,0,-0.1982014,51.8913422
Burger King At Moto Hospitality Eastbound,Restaurant/Cafe/Canteen,Burger King,Burghfield,Reading,RG30 3UQ,5,07 April 2025,West Berkshire,0,5,0,-1.034753,51.4262123
"Burger King At Moto Services Reading, Westbound",Restaurant/Cafe/Canteen,Burger King (uk) Ltd,Burghfield,Reading,RG30 3UQ,5,23 September 2024,West Berkshire,0,0,0,-1.034753,51.4262123
Burger King at Reading Rail Station Concourse,Restaurant/Cafe/Canteen,Station Approach,Reading,,RG1 1LZ,5,06 April 2026,Reading,5,5,5,-0.972663939,51.45874
Burger King Reading,Restaurant/Cafe/Canteen,8-9 St Marys Butts,Reading,,RG1 2LN,5,17 March 2026,Reading,0,5,0,-0.975304,51.4545975
"Burghfield, Mortimer & District Foodbank",Retailers - other,Church Of St Oswald Abbey Park,Burghfield Common,Reading,RG7 3HQ,5,28 June 2018,West Berkshire,5,5,5,,
Burniston And Cloughton Play Group,Caring Premises,The Reading Rooms High Street,Cloughton,,YO13 0AE,5,03 July 2025,North Yorkshire,0,0,0,-0.4498693,54.33493
Busy Bees Nursery at Reading International,Caring Premises,A33 Relief Road,Reading,,RG2 6DA,5,09 October 2025,Reading,0,5,5,,
Butts Kiosk Carpark Foyer at The Riverside The Oracle,Retailers - other,Bridge Street,Reading,,,5,31 July 2024,Reading,0,0,0,,
Butts Super News,Retailers - other,72 School Road,Tilehurst,Reading,RG31 5AW,4,17 December 2024,Reading,0,5,10,-1.04021525,51.45867
Butts Today's Local,Retailers - other,145-147 The Meadway,Reading,,RG30 4AP,AwaitingInspection,N/A,Reading,,,,-1.02441156,51.4512062
Byte Café,Restaurant/Cafe/Canteen,100 Longwater Avenue,Reading,,RG2 6GP,5,08 October 2025,Reading,5,5,0,-0.9875584,51.4263
C.H.O.I.C.E. Ltd At Elliot House,Caring Premises,Elliot House,Reading Road North,FLEET,GU51 4AQ,5,29 August 2018,Hart,0,0,0,-0.849273,51.28151
Cafe 12,Restaurant/Cafe/Canteen,143-145 Oxford Road,Reading,,RG1 7UY,5,18 September 2025,Reading,5,5,5,-0.9826119,51.4547539
Cafe 46,Restaurant/Cafe/Canteen,Chaddisbrook House,Reading Road,Yateley,GU46 7LR,5,03 December 2025,Hart,0,0,5,-0.828334,51.3419724
Cafe Alive at Grange United Reform Church,Restaurant/Cafe/Canteen,Circuit Lane,Reading,,RG30 3HD,5,08 February 2018,Reading,0,0,0,-1.00788546,51.4454842
Cafe Le Raj,Restaurant/Cafe/Canteen,17 Reading Road,Henley-On-Thames,Oxon,RG9 1AB,4,02 March 2026,South Oxfordshire,5,10,5,-0.9032125,51.5357
Cafe Local,Restaurant/Cafe/Canteen,Platforms 8 & 9 Reading Railway Station,Reading,,RG1 8FP,5,27 August 2025,Reading,5,5,0,-0.9735346,51.45812
Cafe Local,Restaurant/Cafe/Canteen,Royal Berkshire Hospital,London Road,Reading,RG1 5AN,5,07 March 2026,Reading,5,5,5,-0.9586953,51.45082
Cafe Local at Platform 7  Reading Rail Station,Takeaway/sandwich shop,Station Approach,Reading,,,5,27 August 2025,Reading,5,5,0,,
Cafe Ritazza at Platform 10/11 Reading Rail Station,Restaurant/Cafe/Canteen,Station Approach,Reading,,,5,28 October 2025,Reading,5,5,0,,
Cafe Yolk,Restaurant/Cafe/Canteen,14 Wokingham Road,Reading,,RG6 1JG,5,04 March 2026,Reading,5,0,5,-0.9480344,51.4525948
Cafe Yolk,Restaurant/Cafe/Canteen,44 Erleigh Road,Reading,,RG1 5NA,4,24 January 2025,Reading,5,5,10,-0.9500928,51.44944
Cafe2U (Reading West),Mobile caterer,Unit D Fronds Park Frouds Lane,Aldermaston,Reading,RG7 4LH,5,13 January 2022,West Berkshire,0,0,0,-1.15254879,51.3955727
Caffe Nero,Restaurant/Cafe/Canteen,4-5 Broad Street,Reading,,RG1 2BH,5,04 September 2025,Reading,0,5,0,-0.9703064,51.4554
Caffe Nero,Restaurant/Cafe/Canteen,75 Broad Street,Reading,,RG1 2AP,4,05 November 2025,Reading,5,10,5,-0.9750072,51.45537
Caffe Nero at Apex Plaza,Restaurant/Cafe/Canteen,Forbury Road,Reading,,RG1 1AX,4,16 October 2025,Reading,5,10,5,,
Caffe Nero at The Oracle,Restaurant/Cafe/Canteen,Bridge Street,Reading,,RG1 2AG,5,25 October 2024,Reading,5,5,5,,
Cagneys Bar & Grill Ltd,Restaurant/Cafe/Canteen,Rydding Lane,West Bromwich,,B71 2EX,4,08 April 2025,Sandwell,5,10,5,-2.00161362,52.5433655
Cake & Cream,Retailers - other,11-13 St Peters Road,Reading,,RG6 1NT,1,18 February 2026,Reading,10,10,20,-0.9351804,51.4477768
Cake and Beyond,Restaurant/Cafe/Canteen,2a Dunstall Close Tilehurst,Reading,,RG31 5AY,5,28 April 2026,Reading,0,5,0,-1.04030335,51.45866
Cake Box,Mobile caterer,Broad Street Mall Broad Street,Reading,,RG1 7QE,5,11 November 2025,Reading,5,5,5,-0.975875,51.45481
Cake Box,Retailers - other,278 Oxford Road,Reading,,RG30 1AD,4,14 April 2026,Reading,5,10,5,-0.9937571,51.45648
CakeCo,Takeaway/sandwich shop,1-9 Kings Road,Reading,,RG1 3EY,5,22 September 2024,Reading,5,0,5,-0.9687732,51.4551048
Cakes & More,Other catering premises,101 Wokingham Road,Reading,,RG6 1LH,AwaitingInspection,N/A,Reading,,,,-0.9365756,51.4484177
Calcot Cottage,Caring Premises,42 Bath Road,Calcot,Reading,RG31 7QJ,5,28 July 2010,West Berkshire,0,5,0,-1.041342,51.44267
Calcot Junior School,School/college/university,Calcot Junior School Curtis Road,Calcot,Reading,RG31 4XG,5,30 January 2025,West Berkshire,5,0,5,-1.051952,51.4430962
Calcot Park Golf Club Ltd,Pub/bar/nightclub,Calcot Park Golf Club Calcot Park,Calcot,Reading,RG31 7RN,5,11 December 2024,West Berkshire,0,0,0,,
Calcutta Junction Kitchen,Other catering premises,Claydon Court Caversham,Reading,,RG4 8BQ,AwaitingInspection,N/A,Reading,,,,,
Calebs Coffee At Calthorpe,Other catering premises,Caleb's Coffee,Calthorpe Park,Reading Road North,GU51 4HX,5,25 September 2024,Hart,5,0,5,-0.8508614,51.2784958
Calico Bar & Eatery at Hotel 1843,Pub/bar/nightclub,33 London Street,Reading,,RG1 4PS,5,26 March 2026,Reading,5,5,5,-0.9679001,51.45297
Camp Beaumont at Elstree School,Caring Premises,Elstree School Woolhampton Hill,Upper Woolhampton,Reading,RG7 5TD,5,12 March 2025,West Berkshire,0,0,0,-1.172131,51.4038277
Campbell Place,Caring Premises,Reading Road North,Fleet,Hampshire,GU51 4AL,5,03 June 2026,Hart,5,5,5,-0.847435355,51.27904
Camper Cafe,Mobile caterer,Myrtle Cottage Hardwick Road,Whitchurch On Thames,Reading,RG8 7HH,Exempt,N/A,South Oxfordshire,,,,-1.08713365,51.4928
Capeesh,Mobile caterer,Pitch Outside 38/39 Broad Street,Reading,,RG1 2AD,AwaitingInspection,N/A,Reading,,,,-0.972613,51.45587
Caprinos Pizza,Other catering premises,93 Wokingham Road,Reading,,RG6 1LH,5,13 May 2026,Reading,5,5,5,-0.9367741,51.4485474
Card Factory,Retailers - other,46 Broad Street,Reading,,RG1 2AA,Exempt,N/A,Reading,,,,-0.9730017,51.455864
Card Factory at Broad Street Mall,Retailers - other,Broad Street,Reading,,RG1 7QE,Exempt,N/A,Reading,,,,,
Carls Fish & Chips LIMITED,Takeaway/sandwich shop,17 Ridding Lane,Wednesbury,,WS10 9AA,5,17 March 2026,Sandwell,5,5,0,-2.01645446,52.55169
Carluccios / Gourmet Burger,Restaurant/Cafe/Canteen,The Forbury,Reading,,RG1 3EU,5,10 April 2025,Reading,0,0,5,,
Carmel's Ice Creams,Mobile caterer,Unit 9 Abbots Farm Sulhamstead Abbots Sulhamstead Road,Sulhamstead,Reading,RG7 4EE,5,29 April 2022,West Berkshire,5,5,5,-1.07180357,51.4057121
Cater Link At Waltham St Lawrence Primary School,School/college/university,Waltham St Lawrence Primary School,School Road,Waltham St Lawrence,RG10 0NU,5,19 July 2023,Windsor and Maidenhead,0,0,0,-0.811321,51.47233
Caterlink @ Basildon C.E Primary School,School/college/university,Basildon C Of E Primary School School Lane,Upper Basildon,Reading,RG8 8PD,5,06 March 2026,West Berkshire,5,5,5,,
Caterlink @ Bilton Secondary School,School/college/university,Earley West,300 Thames Valley Park Drive,,RG6 1PT,5,27 February 2026,Rugby,5,5,0,-0.9299988,51.46049
Caterlink @ Birch Copse Primary School,School/college/university,Birch Copse Primary School Wittenham Avenue,Tilehurst,Reading,RG31 5LN,5,25 March 2026,West Berkshire,0,5,5,,
Caterlink @ Chetwynde,School/college/university,Our Ladys Chetwynde School,Rating Lane,Barrow-In-Furness,LA13 0NY,AwaitingInspection,N/A,Westmorland and Furness,,,,-3.206571,54.13121
Caterlink @ Pangbourne Primary School,School/college/university,Pangbourne Primary School Kennedy Drive,Pangbourne,Reading,RG8 7LB,5,25 March 2026,West Berkshire,0,5,0,-1.07818186,51.48171
Caterlink @ Purley CofE School,School/college/university,Purley Church Of England Primary School Purley Village,Purley On Thames,Reading,RG8 8AF,5,06 March 2026,West Berkshire,0,5,5,,
Caterlink @ Springfield Primary School,School/college/university,Springfield Primary School Barton Road,Tilehurst,Reading,RG31 5NJ,5,10 February 2026,West Berkshire,0,0,0,,
Caterlink @ Streatley C.E. (VC) School,School/college/university,Streatley Church Of England Voluntary Controlled School The Coombe,Streatley,Reading,RG8 9QL,5,03 December 2024,West Berkshire,0,0,0,,
Caterlink @ The Castle School Theale,School/college/university,The Castle At Theale Church Street,Theale,Reading,RG7 5BZ,5,09 February 2026,West Berkshire,5,5,5,-1.08168745,51.43694
Caterlink at Alfred Sutton Primary School,School/college/university,148 Wokingham Road,Reading,,RG6 1JP,5,16 May 2025,Reading,0,5,5,-0.9375232,51.44851
Caterlink at Caversham Childrens Centre,Caring Premises,114 Amersham Road,Caversham,Reading Berkshire,RG4 5NA,5,21 January 2025,Reading,0,5,0,-0.9510285,51.46638
Caterlink at Caversham Park Primary,School/college/university,Queensway,Caversham,Reading,RG4 6RP,5,24 June 2025,Reading,0,5,5,,
Caterlink at Caversham Primary School,School/college/university,Hemdean Road,Caversham,Reading,RG4 7RA,5,21 November 2024,Reading,5,0,0,,
Caterlink at Christ The King RC Primary School,School/college/university,Lulworth Road,Reading,Berkshire,RG2 8LX,5,14 May 2026,Reading,5,5,5,-0.962098658,51.4228973
Caterlink at Coley Primary School,School/college/university,Wolseley Street,Reading,,RG1 6AZ,5,08 June 2026,Reading,5,5,5,-0.977773,51.44889
Caterlink at Emmer Green Primary School,School/college/university,Grove Road,Emmer Green,Reading,RG4 8LN,5,30 January 2025,Reading,0,5,0,,
Caterlink at English Martyrs RC Primary School,School/college/university,Dee Road,Tilehurst,Reading,RG30 4BE,5,03 October 2024,Reading,5,5,5,,
Caterlink at EP Collier Primary School,School/college/university,91 York Road,Reading,,RG1 8DU,5,22 January 2025,Reading,5,0,5,-0.9775126,51.4626923
Caterlink at Holybrook Special School,School/college/university,145 Ashampstead Road,Reading,,RG30 3LJ,5,12 September 2024,Reading,5,5,0,-1.01659751,51.441124
Caterlink at Katesgrove Primary School,School/college/university,Dorothy Street,Reading,,RG1 2NL,5,22 October 2024,Reading,0,5,0,-0.971625149,51.44965
Caterlink at Kendrick Girls School,School/college/university,41-43 London Road,Reading,,RG1 5BN,5,06 February 2025,Reading,0,0,0,-0.9643282,51.4511833
Caterlink at Kennet Day Nursery at Reading Borough Council,Caring Premises,2-10 Bridge Street,Reading,,RG1 2LU,5,18 March 2026,Reading,0,5,5,-0.9735996,51.4535866
Caterlink at Manor Primary School,School/college/university,110 Ashampstead Road,Reading,,RG30 3LJ,5,09 April 2025,Reading,5,5,0,-1.01595283,51.4417839
Caterlink at Micklands Primary School,School/college/university,Micklands Road,Caversham,Reading,RG4 6LU,5,20 September 2024,Reading,0,5,5,,
Caterlink at Moorlands Primary School,School/college/university,Church End Lane,Tilehurst,Reading,RG30 4UN,5,12 September 2024,Reading,0,5,0,,
Caterlink at New Christ Church Primary School,School/college/university,Milman Road,Reading,Berkshire,RG2 0AY,5,10 July 2024,Reading,0,5,0,-0.9681173,51.44426
Caterlink at New Town Primary School,School/college/university,School Terrace,Reading,,RG1 3LS,5,15 July 2026,Reading,0,5,0,,
Caterlink at Oxford Road Primary,School/college/university,146 Oxford Road,Reading,,RG1 7PJ,5,08 September 2025,Reading,0,0,0,-0.9868648,51.4557343
Caterlink at Park Lane Infants School,School/college/university,256 School Road,Tilehurst,Reading Berkshire,RG31 5BD,5,18 September 2025,Reading,5,5,5,,
Caterlink at Park Lane Primary Junior School,School/college/university,130 School Road,Tilehurst,Reading,RG31 5BD,5,18 March 2026,Reading,5,5,0,-1.04351258,51.4572334
Caterlink at Redlands Primary School,School/college/university,Lydford Road,Reading,,RG1 5QH,5,11 September 2024,Reading,0,5,5,-0.949654341,51.4467545
Caterlink At Silchester Church Of England Primary School,School/college/university,Silchester C Of E Primary School,School Lane,Silchester,RG7 2NJ,5,11 September 2024,Basingstoke and Deane,5,5,0,-1.09859371,51.3527451
Caterlink at Southcote Primary School,School/college/university,Silchester Road,Reading,,RG30 3EJ,5,14 November 2025,Reading,5,5,0,-1.0017873,51.44293
Caterlink at St Anne's RC Primary School,School/college/university,Washington Road,Caversham,Reading,RG4 5AA,5,11 September 2025,Reading,0,5,0,,
Caterlink at St John's CE Primary School,School/college/university,121-147 Orts Road,Reading,Berkshire,RG1 3JN,5,11 September 2024,Reading,5,5,0,-0.9526988,51.4550362
Caterlink at St Martins R C Primary School,School/college/university,Pendennis Avenue,Caversham,Reading,RG4 6SS,5,01 October 2025,Reading,5,0,0,,
Caterlink at St Mary's & All Saints CE Primary School,School/college/university,149 Wensley Road,Reading,Berkshire,RG1 6DU,4,16 July 2026,Reading,5,10,5,,
Caterlink at St Michaels Primary School,School/college/university,Dee Road,Tilehurst,Reading,RG30 4AS,5,28 November 2025,Reading,0,5,0,,
Caterlink at Thameside Primary School,School/college/university,Harley Road,Caversham,Reading,RG4 8DB,5,18 December 2025,Reading,5,5,5,,
Caterlink at The Hill Primary School,School/college/university,Peppard Road,Emmer Green,Reading,RG4 8TU,5,10 October 2024,Reading,0,5,0,,
Caterlink at The Palmer Academy,School/college/university,70 Northumberland Avenue,Reading,Berkshire,RG2 7PP,5,24 April 2025,Reading,0,0,5,-0.9639627,51.439373
Caterlink at The Ridgeway Primary School,School/college/university,Willow Gardens,Reading,,RG2 7EL,5,02 October 2025,Reading,5,5,0,-0.950871468,51.428524
Caterlink at Theale Green School,School/college/university,Theale Green Community School Church Street,Theale,Reading,RG7 5DA,5,25 February 2025,West Berkshire,0,0,0,-1.086227,51.43655
Caterlink at UTC Reading,School/college/university,Crescent Road,Reading,,RG1 5RQ,5,12 September 2024,Reading,0,0,0,-0.938636839,51.4486732
Caterlink at Whitley Park Primary and Nursery School,School/college/university,Brixham Road,Reading,,RG2 7RB,5,11 June 2025,Reading,0,0,0,-0.9665127,51.4320259
Caterlink at Wilson Primary School,School/college/university,Wilson Road,Reading,Berkshire,RG30 2RW,5,08 September 2025,Reading,5,5,5,,
Caterlink Ltd at Kennet Valley Primary School,School/college/university,Kennet Valley Primary School Carters Rise,Calcot,Reading,RG31 7YT,5,17 June 2026,West Berkshire,0,5,0,,
Caterplus at McCarthy & Stone Albert Court,Caring Premises,345 Reading Road,Henley-On-Thames,Oxon,RG9 4HE,5,22 July 2026,South Oxfordshire,5,5,5,-0.8952979,51.5273323
Cats Protection - Tilehurst Charity Shop,Retailers - other,11 The Triangle,Tilehurst,Reading,RG30 4RN,Exempt,N/A,Reading,,,,-1.040448,51.4578667
Caversham Baptist Church,Other catering premises,South Street,Caversham,Reading,RG4 8HY,5,21 March 2025,Reading,0,5,5,,
Caversham Bowling Club,Pub/bar/nightclub,Albert Road,Caversham,Reading Berkshire,RG4 7AN,5,03 August 2026,Reading,5,0,0,,
Caversham Butcher,Retailers - other,39a Church Street,Caversham,Reading,RG4 8BA,5,15 May 2025,Reading,5,5,5,-0.974417,51.4672241
Caversham Health & Fitness Club,Pub/bar/nightclub,Archway Road,Caversham,Reading,RG4 8AN,5,22 May 2025,Reading,5,5,5,-0.972916663,51.4671631
Caversham Local Food & Wine,Retailers - other,320 Hemdean Road,Caversham,Reading,RG4 7QS,5,07 December 2019,Reading,0,5,5,-0.97678,51.4767952
Caversham Nursery School,Caring Premises,114 Amersham Road,Caversham,Reading,RG4 5NA,5,08 December 2025,Reading,0,5,0,-0.9510285,51.46638
Caversham Park Primary School,School/college/university,Queensway,Caversham,Reading,RG4 6RP,5,15 October 2025,Reading,0,0,5,,
Caversham Park Village Social Club,Pub/bar/nightclub,Milestone Way,Caversham,Reading,RG4 6PF,5,08 June 2026,Reading,5,5,5,,
Caversham Pharmacy,Retailers - other,59a Hemdean Road,Caversham,Reading,RG4 7SS,Exempt,N/A,Reading,,,,-0.9735438,51.469574
Caversham Preparatory School,School/college/university,16 Peppard Road,Caversham,Reading,RG4 8JZ,4,02 April 2025,Reading,5,10,5,-0.9679701,51.47286
Caversham Tandoori,Takeaway/sandwich shop,15 Prospect Street Caversham,Reading,,RG4 8JB,AwaitingInspection,N/A,Reading,,,,-0.9719907,51.4682121
Caversham Working Mens Club,Pub/bar/nightclub,36 Church Street,Caversham,Reading,RG4 8AU,5,21 July 2018,Reading,5,5,5,-0.973783,51.4678955
Caviar Fresh Fish,Retailers - other,51 Whitley Street,Reading,,RG2 0EG,4,16 April 2026,Reading,5,10,5,-0.965097,51.4451942
Cedar Lodge,Caring Premises,Cedar Lodge Care Home Eastfield Lane,Whitchurch-On-Thames,Reading,RG8 7EJ,5,24 July 2025,South Oxfordshire,5,0,5,,
Cedars at Boot Farm Nursery,Caring Premises,Boot Farm Kindergarten Boot Farm Back Lane,Brimpton,Reading,RG7 4RG,5,19 August 2026,West Berkshire,5,5,0,-1.18324244,51.369072
Cedars Day Nursery and Preschool,Caring Premises,The Cedars School Church Road,Aldermaston,Reading,RG7 4LR,5,10 December 2024,West Berkshire,0,0,5,,
Cellar & Glass Limited,Retailers - other,27 Rose Kiln Lane,Reading,,RG2 0JZ,AwaitingInspection,N/A,Reading,,,,-0.9759891,51.44199
Cerealworks,Restaurant/Cafe/Canteen,University Of Reading,Whiteknights Road,Earley,RG6 6BY,5,20 March 2026,Wokingham,0,5,5,-0.9354083,51.44147
Chaaye Paani,Other catering premises,Moulsford Mews,Reading,,RG30 1AP,4,21 May 2025,Reading,5,10,5,-0.99777,51.4597168
Chaddleworth B&B,Hotel/bed & breakfast/guest house,Chaddleworth,Streatley,Reading,RG8 9PR,5,24 October 2017,West Berkshire,0,0,0,,
Chaiiwala Reading,Restaurant/Cafe/Canteen,140-142 Wokingham Road,Reading,,RG6 1JL,2,19 January 2026,Reading,10,15,10,-0.9382836,51.4492264
Chalkhouse Nursery Waterside,Caring Premises,,600 Thames Valley Park Drive,Reading,RG6 1PT,5,01 December 2025,Wokingham,5,5,0,-0.9298207,51.4628258
Chana Stores,Retailers - other,4 Whitehouse Road,Woodcote,Reading,RG8 0RX,3,31 October 2025,South Oxfordshire,10,5,10,-1.072616,51.53219
Chandni Kiosk,Retailers - other,161 Friar Street,Reading,,RG1 1HE,3,21 March 2025,Reading,5,10,10,-0.9709311,51.45642
Charles Clore Court at  A2dominion,Caring Premises,Appleford Road,Reading,,RG30 3NT,5,26 June 2025,Reading,5,0,5,,
Chartwells at Battle Primary School,School/college/university,Cranbury Road,Reading,,RG30 2TD,5,16 September 2025,Reading,5,5,0,-0.998028457,51.4535332
Chartwells at Kings Academy Prospect,School/college/university,Cockney Hill,Tilehurst,Reading,RG30 4EX,5,11 October 2024,Reading,0,5,5,,
Chartwells at Reading Girls School,School/college/university,Northumberland Avenue,Reading,,RG2 7PY,5,18 September 2025,Reading,0,5,0,,
Chase doughnuts,Mobile caterer,273 Norcot Road,Reading,,RG30 6AF,AwaitingInspection,N/A,Reading,,,,-1.02075493,51.460022
Checkendon After School Club,School/college/university,Checkendon Church Of England (A) Primary School Main Street,Checkendon,Reading,RG8 0SR,AwaitingInspection,N/A,South Oxfordshire,,,,,
Checkendon Equestrian Centre Ltd,Retailers - other,Lovegroves Lane,Checkendon,Reading,RG8 0NE,5,10 June 2022,South Oxfordshire,0,0,0,-1.04511762,51.5471764
Checkendon Pre-School,Caring Premises,Checkendon Village Hall,Checkendon,Reading,RG8 0SR,5,29 April 2025,South Oxfordshire,0,5,5,,
Chef Stevie's Caribbean Kitchen,Other catering premises,15 Highbridge Close,Caversham,Reading,RG4 6PH,5,03 March 2026,Reading,0,5,0,-0.9490166,51.47813
Chefs Taste at The Butchers Arms,Restaurant/Cafe/Canteen,The Butchers Arms Blounts Court Road,Sonning Common,Reading,RG4 9RS,4,01 May 2025,South Oxfordshire,10,5,5,,
Cherry Lodge Guest House,Hotel/bed & breakfast/guest house,Reading Road,Mattingley,Hook,RG27 9BB,5,23 March 2018,Hart,0,0,0,-0.990306,51.2984467
Chick Bunz,Restaurant/Cafe/Canteen,41 Wokingham Road,Reading,,RG6 1LG,3,12 March 2026,Reading,10,5,10,-0.938018,51.44951
Chicken Base,Takeaway/sandwich shop,144 Wokingham Road,Reading,,RG6 1JL,1,18 March 2026,Reading,15,15,20,-0.9382276,51.44916
Chilis Indian Restaurant,Restaurant/Cafe/Canteen,2a & 3a Kings Walk,Kings Street,Reading,RG1 2HG,5,01 December 2024,Reading,5,5,5,-0.9696329,51.45463
Chilis South Indian Restaurant,Restaurant/Cafe/Canteen,Unit 8a-9a & 11a Kings Walk King Street,Reading,,RG1 2HG,5,12 May 2025,Reading,5,5,5,,
Chill Cup,Takeaway/sandwich shop,Unit 7a 19/23 King Street,Reading,,RG1 2HG,3,18 March 2026,Reading,10,10,10,-0.96969,51.45479
Chillim,Restaurant/Cafe/Canteen,598-600 Oxford Road,Reading,,RG30 1EG,3,19 August 2025,Reading,10,10,10,-1.0046252,51.45907
Chillim,Restaurant/Cafe/Canteen,56 St Mary's Butts,Reading,,RG1 2LG,1,05 March 2026,Reading,15,15,20,-0.97429,51.4546661
Chilmington House,Caring Premises,Armadale Court,Reading,,RG30 2ES,5,22 October 2025,Reading,5,0,5,,
Chimney Court at A2Dominion,Caring Premises,Shilling Close,Reading,Berkshire,RG30 4NT,4,16 September 2025,Reading,5,10,5,,
Chineham Indian Cuisine,Restaurant/Cafe/Canteen,1 Reading Road,Chineham,Basingstoke,RG24 8LN,3,16 September 2025,Basingstoke and Deane,10,10,10,-1.0643,51.288002
Choice Care Group At Boxgrove House,Caring Premises,Boxgrove Little Heath Road,Tilehurst,Reading,RG31 5TX,5,09 June 2026,West Berkshire,0,5,0,-1.06089044,51.4534721
Choice Care Group At Little Heath Court,Caring Premises,Little Heath Court Little Heath Road,Tilehurst,Reading,RG31 5TX,5,09 June 2026,West Berkshire,5,5,0,-1.06136942,51.4531555
Choice Carrisbrooke,Caring Premises,341 Peppard Road,Emmer Green,Reading,RG4 8XG,5,13 June 2025,Reading,5,5,5,-0.9623571,51.488636
Choice Ltd At Appletrees,Caring Premises,Appletrees Manor Farm Road,Chapel Row,Reading,RG7 6PB,5,21 November 2012,West Berkshire,5,0,5,-1.17998791,51.4259148
Choice Ltd At Rowan Cottage,Caring Premises,Rowan Cottage Sulhamstead Road,Burghfield,Reading,RG30 3SB,5,13 March 2018,West Berkshire,0,0,0,-1.0462569,51.4118576
Choice Parkview,Caring Premises,1 Armour Road,Tilehurst,Reading,RG31 6EX,3,01 August 2025,Reading,10,5,10,-1.03675294,51.4610977
Choice Peppard House,Caring Premises,45 Woodcote Road,Caversham,Reading,RG4 7BB,5,23 June 2025,Reading,5,5,5,-0.9889524,51.47397
"Choice, Hazeldene",Caring Premises,129 Wantage Road,Reading,,RG30 2SL,4,21 November 2025,Reading,0,0,10,-1.00424016,51.4536057
Cholsey Cricket Club,Restaurant/Cafe/Canteen,The Cricket Pavilion Cholsey Meadows Reading Road,Cholsey,Wallingford Oxon,OX10 9HH,5,16 June 2026,South Oxfordshire,5,5,5,,
Chop Suey House,Takeaway/sandwich shop,679 Oxford Road,Reading,,RG30 1HP,3,08 May 2026,Reading,10,10,10,-1.00820875,51.4597664
Chopstix Noodle Bar,Restaurant/Cafe/Canteen,80 Broad Street,Reading,,RG1 2AP,5,31 July 2025,Reading,5,5,0,-0.9747979,51.45535
Chow Asian Kitchen Westbound,Restaurant/Cafe/Canteen,Motorway Service Area,Burghfield,Reading,RG30 3UQ,5,15 June 2026,West Berkshire,5,5,0,-1.03690481,51.423748
Chow Eastbound,Restaurant/Cafe/Canteen,Motorway Service Area,Burghfield,Reading,RG30 3UQ,5,23 September 2024,West Berkshire,0,0,0,-1.03690481,51.423748
Christ Church,Restaurant/Cafe/Canteen,Reading Road,Chineham,Basingstoke,RG24 8LT,4,25 November 2025,Basingstoke and Deane,0,5,10,-1.05473816,51.2898254
Christian Community Action Drop In Centre,Takeaway/sandwich shop,South Street,Caversham,Reading,RG4 8HY,5,25 June 2025,Reading,5,0,5,,
Christians Together In Mission T/a Cafe B,Restaurant/Cafe/Canteen,Burghfield Common Methodist Church Reading Road,Burghfield Common,Reading,RG7 3EL,5,02 March 2026,West Berkshire,0,0,0,-1.06424475,51.3949776
Christine's,Other catering premises,Oak Tree House 10 Spey Road,Reading,,RG30 4DZ,4,19 May 2026,Reading,10,5,0,-1.01687777,51.45623
Chubby's Mobile Van,Mobile caterer,468 Basingstoke Road,Reading,,RG2 0QQ,5,08 May 2026,Reading,0,5,5,-0.9713814,51.42677
Churchend Primary Academy,Restaurant/Cafe/Canteen,Usk Road,Tilehurst,Reading,RG30 4HP,5,05 May 2026,Reading,5,5,0,-1.02783716,51.4503365
Churchend Primary Academy Trust (Compass Group),School/college/university,Usk Road,Tilehurst,Reading,RG30 4HP,5,05 May 2026,Reading,5,5,0,-1.02783716,51.4503365
Churches In Reading Drop In Centre,Restaurant/Cafe/Canteen,Berkeley Avenue,Reading,,RG1 6JT,3,16 December 2025,Reading,10,5,10,,
Cinnamon Tree,Restaurant/Cafe/Canteen,Cinnamon Tree The Street,Mortimer,Reading,RG7 3NR,5,14 January 2025,West Berkshire,5,5,5,-1.0378195,51.3733559
Circle Reading,Caring Premises,100 Drake Way,Reading,,RG2 0NE,5,06 March 2025,Reading,5,0,5,-0.9763871,51.4293327
Clay's,Restaurant/Cafe/Canteen,22-24 Prospect Street,Caversham,Reading,RG4 8JG,5,26 June 2025,Reading,0,5,5,-0.9724,51.4682
Cleeve Lodge Ltd.,Caring Premises,Elmhurst Road,Goring,Reading,RG8 9BN,5,30 June 2025,South Oxfordshire,0,5,5,,
Cleverchefs Catering at Whitchurch Primary School,School/college/university,Eastfield Lane,Whitchurch On Thames,Reading,RG8 7EJ,5,06 October 2025,South Oxfordshire,0,5,5,,
Cleverchefs Catering Limited at Sulhamstead and Ufton Nervet Primary School,School/college/university,Sulhamstead And Ufton Nervet Church Of England Voluntary Aided Primary School Church Lane,Ufton Nervet,Reading,RG7 4HH,5,08 November 2024,West Berkshire,0,5,0,,
Cleverchefs Catering Ltd at Burghfield St Mary's Church of England Primary School,School/college/university,Burghfield St Marys Church Of England Primary School Theale Road,Burghfield,Reading,RG30 3TX,5,01 June 2026,West Berkshire,5,0,0,,
Clip 'n Climb,Restaurant/Cafe/Canteen,The Grain Store Bridge Farm,Reading Road,Arborfield,RG2 9HT,4,09 August 2025,Wokingham,5,5,10,-0.9232068,51.4009666
Cloud Nine Candy Floss Art,Mobile caterer,2 James Street,Reading,,RG1 7NR,5,18 August 2026,Reading,0,0,0,-0.9852901,51.4559975
Club Era,Pub/bar/nightclub,16 Friar Street,Reading,,RG1 1DB,4,29 September 2017,Reading,5,10,5,-0.9716689,51.4568977
Club India,Restaurant/Cafe/Canteen,,355 Reading Road,Winnersh,RG41 5LR,5,23 April 2026,Wokingham,,,,-0.872438,51.4262848
Cmart Oriental Store,Retailers - other,1 St Marys Butts,Reading,,RG1 2LN,5,12 May 2025,Reading,0,0,5,-0.9753815,51.4549942
Co-op,Retailers - supermarkets/hypermarkets,9 - 15 Victoria Road,Mortimer Common,Reading,,5,08 August 2024,West Berkshire,5,5,0,-1.06261444,51.3770332
Co-operative Food,Retailers - other,Black Horse House University Of Reading,Shinfield Road,Reading,RG6 6DD,5,09 August 2025,Wokingham,0,0,5,-0.944091,51.4402657
Co-operative Food,Retailers - supermarkets/hypermarkets,124 Henley Road,Caversham,Reading,RG4 6DH,5,17 December 2024,Reading,0,0,0,-0.9586975,51.47098
Co-operative Food,Retailers - supermarkets/hypermarkets,29-35 School Road,Tilehurst,Reading,RG31 5AR,5,24 July 2018,Reading,0,0,0,-1.037031,51.4601936
Co-operative Food,Retailers - supermarkets/hypermarkets,100 South View Avenue,Caversham,Reading,RG4 5BB,5,02 January 2025,Reading,0,0,0,-0.9592633,51.46826
Co-operative Food,Retailers - supermarkets/hypermarkets,164-168 Whitley Wood Road,Reading,,RG2 8LQ,5,25 February 2025,Reading,5,5,5,-0.95984,51.41914
Co-operative Food,Retailers - supermarkets/hypermarkets,201 London Road,Reading,,RG1 3NU,5,12 August 2025,Reading,0,5,5,-0.9490419,51.4532166
Co-operative Food,Retailers - supermarkets/hypermarkets,55-57 Erleigh Road,Reading,,RG1 5NL,5,17 September 2025,Reading,5,5,5,-0.949508,51.4498367
Co-operative Group,Retailers - supermarkets/hypermarkets,44 Wood Lane,Sonning Common,Reading,RG4 9SL,5,30 October 2024,South Oxfordshire,0,5,5,-0.9815975,51.51743
Co-operative Group,Retailers - other,2 Bridle Path,Woodcote,Reading,RG8 0SE,5,14 January 2026,South Oxfordshire,0,0,0,-1.07631719,51.5305023
Cobbs at Englefield,Retailers - other,Wickcroft Farm Pangbourne Road,Theale,Reading,RG7 5EA,4,15 October 2025,West Berkshire,5,5,10,-1.091347,51.4417076
Coconut Bar & Kitchen,Restaurant/Cafe/Canteen,62 St Marys Butts,Reading,,RG1 2LG,3,11 June 2025,Reading,10,10,10,-0.9745461,51.4550247
Coffee & Cream / Cake Stop,Other catering premises,152 Park Lane,Tilehurst,Reading,RG31 4DU,4,04 June 2025,Reading,5,5,10,-1.04704165,51.4508858
Coffee Haven at British Garden Centre,Restaurant/Cafe/Canteen,Winnersh Garden Centre,654-656 Reading Road,Winnersh,RG41 5HG,4,26 January 2026,Wokingham,5,10,5,-0.8988785,51.43621
Coffee House,Restaurant/Cafe/Canteen,33 Prospect Street,Caversham,Reading,RG4 8JB,4,28 August 2024,Reading,5,5,10,-0.9714449,51.4685135
Coley Park Off Licence,Retailers - other,52 Wensley Road,Reading,,RG1 6DJ,Exempt,N/A,Reading,,,,-0.985419,51.4456329
Coley Park Pantry,Retailers - other,Coley Park Baptist Church Wensley Road,Reading,,RG1 6DU,5,03 April 2025,Reading,0,5,5,,
Comies Caribbean,Restaurant/Cafe/Canteen,Ladbrokes Racing,202 Garsington Road,Oxford,OX4 6NQ,5,04 March 2024,Oxford City,5,5,5,-1.20093715,51.7292671
Community Lunches,Other catering premises,Reading Room,,Milton Abbas,DT11 0BN,5,09 July 2025,Dorset,0,0,0,-2.276484,50.8156242
Compass at SSE,Restaurant/Cafe/Canteen,1 Forbury Place 43 Forbury Road,Reading,,RG1 3JH,5,30 April 2025,Reading,5,0,5,-0.9655867,51.4579048
Compass Catering at Select Car Leasing Stadium,Restaurant/Cafe/Canteen,Shooters Way,Reading,,RG2 0FL,5,02 March 2023,Reading,5,5,0,,
Compass Group at Thames Valley Police,Restaurant/Cafe/Canteen,Thames Valley Police Training Centre Bottom Lane,Sulhamstead,Reading,RG7 4DX,5,02 July 2024,West Berkshire,0,5,0,,
Compass Group Uk and Ireland,Restaurant/Cafe/Canteen,2 Forbury Place,Forbury Road,Reading,RG1 3JH,5,03 June 2026,Reading,0,5,0,,
Conisboro Express,Retailers - other,46 Conisboro Avenue,Caversham,Reading,RG4 7JB,3,28 March 2025,Reading,10,10,10,-0.9889313,51.4807854
Coombe House Residential Home,Caring Premises,Coombe House The Coombe,Streatley,Reading,RG8 9QL,5,13 August 2025,West Berkshire,0,0,5,-1.153125,51.52207
Coombe Valley Raceway,Restaurant/Cafe/Canteen,Coombe Valley Motor Racing Circuit Coombe Road,,Hougham,CT15 7DP,5,01 September 2026,Dover,0,5,0,1.24565,51.1250458
Coppa Club @ The Swan,Restaurant/Cafe/Canteen,The Swan At Streatley High Street,Streatley,Reading,RG8 9HR,4,20 June 2025,West Berkshire,0,10,5,,
Coral Racing Ltd,Retailers - other,Coral Racing Ltd,1-2 Old Raffles Parade,Carlisle,CA2 7EX,Exempt,N/A,Cumberland,,,,-2.962069,54.8880959
Cornerstones/A2Dominion,Caring Premises,Halcyon Terrace,Tilehurst,Reading,,5,27 November 2025,Reading,0,5,5,-1.03162324,51.4588623
Cornflower Sky,Takeaway/sandwich shop,Curdridge Reading Rooms,Reading Room Lane,Curdridge,SO32 2HE,5,26 July 2024,Winchester City,5,5,5,-1.24958932,50.919342
Cosmo,Restaurant/Cafe/Canteen,35-38 Friar Street,Reading,,RG1 1DX,5,03 May 2026,Reading,5,5,5,-0.9737986,51.456913
Costa Coffee,Restaurant/Cafe/Canteen,First Floor 8 Reading Road,Pangbourne,Reading,RG8 7LY,5,02 May 2018,West Berkshire,0,0,0,-1.08567369,51.4837
Costa Coffee,Restaurant/Cafe/Canteen,43 Church Street,Caversham,Reading,RG4 8BA,5,16 October 2025,Reading,5,5,5,-0.9743838,51.4674225
Costa Coffee,Other catering premises,1 The Triangle,Tilehurst,Reading,RG30 4RW,5,08 May 2026,Reading,5,5,5,,
Costa Coffee,Other catering premises,99 Broad Street,Reading,,RG1 2AX,5,04 January 2025,Reading,5,5,5,-0.9729269,51.4553528
Costa Coffee,Restaurant/Cafe/Canteen,Proctor End North,Reading,,RG2 0GG,5,26 August 2025,Reading,5,5,0,,
Costa Coffee,Restaurant/Cafe/Canteen,Costa Coffee NEXT,Unit 11A & 11B Roaring Meg Retail Park,London Road,SG1 1XN,5,16 December 2025,Stevenage,0,0,0,-0.198238,51.8925667
Costa Coffee,Restaurant/Cafe/Canteen,Costa Coffee Roaring Meg Retail Park,London Road,Stevenage,SG1 1XJ,5,27 March 2021,Stevenage,0,0,0,-0.1982014,51.8913422
Costa Coffee At Moto Hospitality Eastbound,Restaurant/Cafe/Canteen,Costa,Burghfield,Reading,RG30 3UQ,5,06 January 2022,West Berkshire,0,5,0,-1.03506756,51.4263039
"Costa Coffee At Moto Services Reading, Westbound",Restaurant/Cafe/Canteen,Eat And Drink Co,Burghfield,Reading,RG30 3UQ,5,06 January 2022,West Berkshire,0,5,0,-1.037249,51.4237976
Costa Coffee at Reading Rail Station Concourse,Restaurant/Cafe/Canteen,Station Approach,Reading,,RG1 1LT,5,06 April 2026,Reading,5,5,5,-0.972663939,51.45874
Costa Coffee at Tesco,Restaurant/Cafe/Canteen,Portman Road,Reading,Berkshire,RG30 1AH,5,18 April 2026,Reading,5,0,5,-0.996808648,51.46067
Costa Coffee Drive Thru,Restaurant/Cafe/Canteen,,Reading Road,Winnersh,RG41 5HQ,3,07 March 2025,Wokingham,10,5,10,-0.892941,51.4361458
Costa Coffee Store,Restaurant/Cafe/Canteen,4 Butter Market,Reading,,RG1 2DP,5,19 September 2025,Reading,5,5,0,-0.9701505,51.45529
Costa Coffee Store at Reading Gate Retail Park,Restaurant/Cafe/Canteen,,Reading,,RG2 0QG,5,10 July 2026,Reading,0,5,0,,
Costa Drive Through at Moto Hospitality Eastbound,Takeaway/sandwich shop,Costa,Burghfield,Reading,RG30 3UQ,5,11 April 2018,West Berkshire,0,0,0,-1.03506756,51.4263039
Costcutter,Retailers - other,70 Christchurch Road,Reading,,RG2 7AZ,2,12 June 2026,Reading,10,15,10,-0.9555986,51.4427528
Cosy Caffe and Kitchen,Restaurant/Cafe/Canteen,St James House 4 Church Road,Pangbourne,Reading,RG8 7AR,AwaitingInspection,N/A,West Berkshire,,,,,
Cosy Club Reading,Restaurant/Cafe/Canteen,L30 The Oracle Shopping Centre Minster Street,Reading,,RG1 2AQ,5,16 July 2025,Reading,0,0,0,,
Cote Brasserie at The Oracle,Restaurant/Cafe/Canteen,Bridge Street,Reading,,RG1 2AG,5,08 June 2026,Reading,5,5,0,,
Cozze Restaurant,Restaurant/Cafe/Canteen,2 - 6 Whitchurch Road,Pangbourne,Reading,RG8 7BP,5,24 March 2026,West Berkshire,0,0,0,-1.0860076,51.4842873
Cranbury College,School/college/university,Cranbury Road,Reading,,RG30 2TS,4,20 May 2026,Reading,5,10,0,-0.9982551,51.4543839
Creams Café Reading,Restaurant/Cafe/Canteen,14-16 Oxford Road,Reading,,RG1 7LA,4,22 June 2025,Reading,5,10,5,-0.976232,51.4555779
Creperie Doux Sourire,Other catering premises,Bridge Street,Reading,,RG1 2AG,4,25 October 2024,Reading,10,5,5,,
Cressingham Short Break,Caring Premises,27 Cressingham Road,Reading,,RG2 7RU,5,27 January 2026,Reading,0,0,5,-0.9529585,51.43238
Crispy Dosa Kitchen,Other catering premises,20 Portman Road,Reading,,RG30 1EA,1,07 May 2026,Reading,20,10,20,-0.996811,51.4609642
Crispy Dosa Restaurant,Restaurant/Cafe/Canteen,60 Oxford Road,Reading,,RG1 7LT,4,16 July 2026,Reading,10,5,5,-0.978179,51.4554
Crispy flavours,Takeaway/sandwich shop,189 London Road,Reading,,RG1 3NU,4,20 April 2026,Reading,5,10,5,-0.9494898,51.4531364
Cross Country Trains at Reading Rail Station,Restaurant/Cafe/Canteen,Station Approach,Reading,,,5,26 September 2017,Reading,0,0,0,,
Crowmarsh Gifford C of E School,School/college/university,Old Reading Road Crowmarsh Gifford,Wallingford,Oxon,OX10 8EN,5,26 November 2025,South Oxfordshire,5,5,5,,
Crown Lodge Guest House,Hotel/bed & breakfast/guest house,27 Russell Street,Reading,,RG1 7XD,5,08 August 2023,Reading,0,0,0,-0.9824022,51.4538231
Crumbs Food Co  at Meadow Park Academy,School/college/university,Norcot Road,Tilehurst,Reading,RG30 6BS,3,29 June 2026,Reading,5,10,10,-1.03306866,51.45976
Crumbs Food Co / Mash Up / Honolulu Poke / Whip It Up,Takeaway/sandwich shop,64 Portman Road,Reading,,RG30 1EA,4,08 December 2025,Reading,10,5,5,-1.00848925,51.46276
Crumbs Food Co @ Green Park Village Primary Academy,School/college/university,2 Flagstaff Road,Reading,,RG2 6AX,5,07 July 2026,Reading,5,5,0,-0.995499,51.42569
Crumbs Food Co at All Saints Junior School,School/college/university,Brownlow Road,Reading,,RG1 6NP,5,27 February 2025,Reading,5,0,0,-0.988994062,51.4520378
Crumbs Food Co at Civitas Academy,School/college/university,90a Great Knollys Street,Reading,,RG1 7HL,5,17 November 2025,Reading,0,5,5,-0.9820874,51.4582825
Crumbs Food Company Ltd at Bucklebury Primary School,School/college/university,Bucklebury Church Of England Primary School Blacklands Road,Upper Bucklebury,Reading,RG7 6QP,5,14 January 2025,West Berkshire,0,5,0,,
Cube Cold,Distributors/Transporters,New Aquitaine House Exeter Way,Theale,Reading,RG7 4PL,Exempt,N/A,West Berkshire,,,,,
Culinera @ Shinfield Infant & Nursery School,School/college/university,,School Grn,Shinfield,RG2 9EH,5,16 July 2026,Wokingham,0,5,5,,
Culinera at Little Heath School,School/college/university,Little Heath School Little Heath Road,Tilehurst,Reading,RG31 5TY,5,06 May 2026,West Berkshire,5,5,0,,
CultureMix Arts & Music Centre,Pub/bar/nightclub,7 Queens Walk,Reading,,RG1 7QF,5,21 August 2025,Reading,0,0,0,-0.9763454,51.4543648
CUP Coffee Under Pressure,Restaurant/Cafe/Canteen,53 St Marys Butts,Reading,,RG1 2LG,5,12 December 2025,Reading,5,5,0,-0.9740481,51.4547462
CUP Speciality Coffee & Tea,Restaurant/Cafe/Canteen,7 Blagrave Street,Reading,,RG1 1PJ,3,31 July 2025,Reading,10,10,10,-0.9704998,51.45704
Curry Chef,Restaurant/Cafe/Canteen,469 Northumberland Avenue,Reading,,RG2 8LZ,3,27 April 2026,Reading,10,10,10,-0.959051,51.4231529
Curry Rasoi,Takeaway/sandwich shop,77 Northumberland Avenue,Reading,,RG2 7PT,5,20 May 2026,Reading,5,5,5,-0.9622865,51.439064
D & D Convenience Store,Retailers - other,29 Whitley Wood Lane,Reading,,RG2 8PN,1,01 June 2025,Reading,10,10,20,-0.9684535,51.42009
D&D Convenience Store,Retailers - other,23 Cholmeley Road,Reading,,RG1 3NQ,4,12 February 2024,Reading,5,5,10,-0.9466633,51.4546432
Da Spottt,Restaurant/Cafe/Canteen,178-180 Oxford Road,Reading,,RG1 7PL,5,10 November 2024,Reading,5,5,5,-0.98885,51.45578
Da Village Afghan Resteraunt,Restaurant/Cafe/Canteen,387 Oxford Road,Reading,,RG30 1HA,5,05 January 2025,Reading,5,5,5,-0.995455,51.4565
Dailyz,Restaurant/Cafe/Canteen,30 Canterbury Road,Reading,,RG2 7TA,3,24 March 2026,Reading,10,10,10,-0.9668962,51.43737
Davina News Off Licence,Retailers - other,74 Broad Street,Reading,Berkshire,RG1 2AF,4,21 March 2025,Reading,5,10,5,-0.97507,51.45557
Davinas Local,Retailers - other,23 Friar Street,Reading,,RG1 1DP,5,25 November 2021,Reading,0,5,5,-0.9724163,51.45694
Day-Today,Retailers - other,,Costcutters,Redding Road,FK2 9XQ,Improvement Required,09 June 2026,Falkirk,,,,-3.742584,55.9884071
De Vere Wokefield Estate,Hotel/bed & breakfast/guest house,De Vere Hotel Wokefield Park,Mortimer,Reading,RG7 3AE,5,19 September 2025,West Berkshire,5,5,0,,
Deccan House,Restaurant/Cafe/Canteen,215 London Road,Reading,,RG1 3NY,3,07 April 2026,Reading,10,10,10,-0.9482921,51.45328
Dee Caf Community Cafe,Restaurant/Cafe/Canteen,12 Spey Road,Tilehurst,Reading,RG30 4DG,5,24 April 2026,Reading,5,5,5,-1.01609325,51.4559021
Deer House Family Pub,Restaurant/Cafe/Canteen,Rudding Holiday Park Rudding Park,,,,5,21 March 2025,North Yorkshire,5,0,5,,
Dees Newsagents,Retailers - other,14 Reading Road,YATELEY,Hampshire,GU46 7UN,5,08 January 2020,Hart,0,0,0,-0.818756,51.34097
Delicere Bakery,Mobile caterer,33 Kingsway Caversham,Reading,,RG4 6RA,5,17 October 2025,Reading,5,0,5,-0.9484596,51.48232
DeNata,Restaurant/Cafe/Canteen,377 Oxford Road,Reading,,RG30 1HA,3,19 March 2026,Reading,10,10,10,-0.9949115,51.45642
Depeaches Events,Mobile caterer,14 Brent Gardens,Reading,,RG2 7SS,5,17 February 2026,Reading,0,5,0,-0.9660752,51.4343834
Desi Corner,Takeaway/sandwich shop,,39 Redding Road,,FK2 9XR,Awaiting Inspection,27 August 2026,Falkirk,,,,,
Dessi Bite/Biryani Max,Takeaway/sandwich shop,227 London Road,Reading,,RG1 3NY,5,20 April 2026,Reading,5,5,5,-0.9478144,51.4534035
Devil's Kitchen / Dope / Chi Taco / Doner / Spag Bowl / Hail C / Mac Junkies / YouVegan/ Taste On/ Crazy Chicken/ Smash Out/ In Fry/ Filthy Vegan/ Crazy Egg/ Milano'z Pizza/ Kings Kitchen,Takeaway/sandwich shop,166 Oxford Road,Reading,,RG1 7PJ,5,14 January 2026,Reading,0,5,0,-0.9884472,51.4557724
Devonshire Care Home,Caring Premises,Rodway Road,Tilehurst,Reading,RG30 6TP,4,16 December 2025,Reading,5,5,10,,
Dhaulagiri Kitchen Cafe and Restaurant,Restaurant/Cafe/Canteen,63 Basingstoke Road,Reading,,RG2 0ER,3,17 February 2026,Reading,10,10,5,-0.9668595,51.43979
Dickory Docks Educational Day Nursery,Caring Premises,Prospect  School Cockney Hill,Reading,,RG30 4EX,5,10 June 2025,Reading,5,5,5,,
Dilraj,Takeaway/sandwich shop,23 School Road,Tilehurst,Reading,RG31 5AR,4,23 July 2025,Reading,5,10,5,-1.03681,51.460434
Dimensions,Caring Premises,43 Clayhill Road,Burghfield Common,Reading,RG7 3HF,5,17 December 2021,West Berkshire,0,0,0,-1.064719,51.40132
Dingtea,Other catering premises,19-23 King Street,Reading,,RG1 2HG,4,04 December 2025,Reading,5,10,5,-0.96969,51.45479
Dog And Partridge,Pub/bar/nightclub,105 Reading Road,Yateley,Hampshire,GU46 7LR,5,10 September 2024,Hart,5,0,5,-0.828335,51.3419724
Dolce at Brookfields Special School,School/college/university,Brookfields Special School Sage Road,Tilehurst,Reading,RG31 6SW,5,19 June 2026,West Berkshire,5,5,0,,
Dolce Ltd at Downsway Primary School,School/college/university,Downsway Primary School Warbreck Drive,Tilehurst,Reading,RG31 6FE,5,10 June 2026,West Berkshire,5,5,0,-1.05049992,51.470787
Dolce Ltd at Garland Junior School,School/college/university,Garland Junior School Clayhill Road,Burghfield Common,Reading,RG7 3HG,5,24 June 2024,West Berkshire,0,5,0,,
Dolce Ltd at Mortimer St John's Infant School,School/college/university,Mortimer St. John's C.e. Infant School The Street,Mortimer Common,Reading,RG7 3RD,5,14 July 2026,West Berkshire,5,5,0,,
Dolce Ltd at Mortimer St Mary's Junior School,School/college/university,Mortimer St Mary's C.e. Junior School The Street,Mortimer,Reading,RG7 3PB,5,25 November 2024,West Berkshire,0,0,0,,
Dolphin's Caribbean Restaurant And Bar,Restaurant/Cafe/Canteen,59-60 St Marys Butts,Reading,,RG1 2LG,5,13 May 2025,Reading,5,5,5,-0.9744198,51.45488
Domino's Pizza,Takeaway/sandwich shop,76 School Road,Tilehurst,Reading,RG31 5AW,5,06 August 2026,Reading,5,5,5,-1.04050529,51.45857
Domino's Pizza,Takeaway/sandwich shop,427 Oxford Road,Reading,,RG30 1HA,5,29 June 2024,Reading,0,5,0,-0.9968296,51.4568253
Domino's Pizza,Takeaway/sandwich shop,95 Wokingham Road,Reading,,RG6 1LH,5,02 September 2025,Reading,0,0,0,-0.936703,51.44851
Domino's Pizza,Takeaway/sandwich shop,64 Christchurch Road,Reading,,RG2 7AZ,5,13 November 2025,Reading,0,0,0,-0.9558284,51.4427719
Domino's Pizza at Milestone Way Precinct,Takeaway/sandwich shop,Milestone Way,Caversham,Reading,RG4 8XW,5,11 September 2025,Reading,0,0,0,,
Dominos Pizza,Takeaway/sandwich shop,,Unit 5  The Square Chalfont Way Lower Earley Earley Reading,,RG6 5HJ,5,21 September 2025,Wokingham,5,0,0,-0.9345434,51.4233551
Donnington Deli,Takeaway/sandwich shop,37 Erleigh Road,Reading,,RG1 5NB,4,26 March 2026,Reading,5,10,5,-0.9506312,51.4498024
Dose 365,Retailers - other,Flat 2,400 Reading Road,Winnersh,RG41 5EP,Exempt,N/A,Wokingham,,,,-0.8783549,51.4288139
Douai Abbey,Hotel/bed & breakfast/guest house,Douai Abbey Cods Hill,Upper Woolhampton,Reading,RG7 5TQ,5,09 June 2026,West Berkshire,5,5,5,,
Double Barrelled Brewery Ltd,Manufacturers/packers,Stadium Way,Tilehurst,Reading,RG30 6BX,5,08 February 2019,Reading,0,5,0,,
Dough Brothers,Mobile caterer,Church Farm House,Halls Lane,Waltham St Lawrence,RG10 0JD,AwaitingInspection,N/A,Windsor and Maidenhead,,,,-0.8085345,51.485817
Doughnut Time,Takeaway/sandwich shop,Bridge Street,Reading,,RG1 2AG,5,07 July 2026,Reading,0,0,5,,
Doughza,Takeaway/sandwich shop,87 Northumberland Avenue,Reading,,RG2 7PT,5,18 March 2026,Reading,0,5,5,-0.9621933,51.43873
Downshire House,Caring Premises,9 Downshire Square,Reading,,RG1 6NJ,5,17 July 2025,Reading,5,5,5,-0.9881028,51.4505119
Dr's Kitchen,Mobile caterer,Pakistan Community Centre Park Hall 373 London Road,Reading,,RG1 3PA,AwaitingInspection,N/A,Reading,,,,-0.9419424,51.4547844
Dragon Garden,Takeaway/sandwich shop,471 Northumberland Avenue,Reading,,RG2 8LZ,5,13 July 2026,Reading,5,5,5,-0.9589647,51.4231529
Dragon Inn Restaurant,Restaurant/Cafe/Canteen,,426 Reading Road,Winnersh,RG41 5EP,5,12 February 2025,Wokingham,0,5,0,-0.879239,51.4293327
Dringhouses Bowling Club,Other catering premises,The Racing Stables,Tadcaster Road,Dringhouses,YO24 1QG,5,28 March 2018,York,5,5,0,-1.106003,53.9399948
Drinks 4 U,Retailers - other,36 Market Place,Reading,,RG1 2DE,5,29 July 2025,Reading,0,0,0,-0.9698111,51.4556656
Dua Lounge,Other catering premises,355 Oxford Road,Reading,,RG30 1AY,1,22 June 2026,Reading,10,10,20,-0.9940796,51.45621
Dubai Sweet Treats,Mobile caterer,Flat 43 West Fryerne Parkside Road,Reading,,RG30 2BY,AwaitingInspection,N/A,Reading,,,,-1.00058138,51.451767
Dudmans of Berkshire,Retailers - other,Unit 2 Manor Commercial Centre 12 Commercial Road,,Reading,RG2 0QJ,5,18 August 2025,Reading,0,0,5,-0.9742813,51.4276581
Dynasty,Restaurant/Cafe/Canteen,18 Richfield Avenue,Reading,,RG1 8PA,4,02 August 2025,Reading,5,10,5,-0.9830122,51.4639549
E P Collier Primary School,Other catering premises,Ross Road,Reading,,RG1 8DZ,5,31 March 2025,Reading,0,5,5,,
Earley Cafe,Restaurant/Cafe/Canteen,121 Wokingham Road,Reading,,RG6 1LH,5,10 August 2026,Reading,5,5,5,-0.9360087,51.4480438
East Euro Market,Retailers - other,11 The Parade,Reading Road,Yateley,GU46 7UN,4,23 June 2026,Hart,5,5,10,-0.8188922,51.34069
Eastern Choice,Takeaway/sandwich shop,28 Coronation Square,Reading,,RG30 3QN,4,18 November 2025,Reading,5,10,5,-1.010546,51.4421768
Easy Hotel,Hotel/bed & breakfast/guest house,132-138 Caversham Road,Reading,,RG1 8AY,5,08 November 2018,Reading,0,0,0,-0.9756306,51.4631729
Eat & Drink at Park House,Restaurant/Cafe/Canteen,University Of Reading,Whiteknights Road,Earley,RG6 6BY,5,17 July 2026,Wokingham,0,0,5,-0.9354083,51.44147
Eat at Agriculture,Restaurant/Cafe/Canteen,University Of Reading,Earley Gate,Earley,RG6 6UR,5,18 March 2025,Wokingham,,,,-0.94712,51.4405746
Eat at Enterprise,Restaurant/Cafe/Canteen,University of Reading,Reading Enterprise Centre,Whiteknights Road,RG6 6AZ,5,11 February 2025,Wokingham,0,0,5,-0.945634,51.4576263
Eat at MCC,Restaurant/Cafe/Canteen,Eat At Mcc,Moulton Community Centre,Reedings,NN3 7AX,4,11 March 2026,West Northamptonshire,10,5,5,-0.8419196,52.29013
Eat at St Patricks & St Patrick's Bar at University of Reading,Restaurant/Cafe/Canteen,20 Northcourt Avenue,Reading,Berkshire,RG2 7HB,5,23 April 2026,Reading,0,5,5,-0.9548444,51.43987
Eat at the Square,Restaurant/Cafe/Canteen,University of Reading,Enterprise Centre,Earley Gate,RG6 6AQ,5,21 May 2026,Wokingham,5,5,5,-0.945634,51.4576263
Eat at Wantage Hall & Wantage Bar at University of Reading,School/college/university,Upper Redlands Road,Reading,,RG1 5JG,5,19 November 2024,Reading,5,5,5,-0.9544155,51.44503
Eatnua,Restaurant/Cafe/Canteen,15 Gun Street,Reading,,RG1 2JR,5,01 August 2025,Reading,5,5,5,-0.9724788,51.45415
EC Catering Partners,Other catering premises,Biscuit Way,Reading,,RG2 0FL,5,25 April 2026,Reading,5,5,5,-0.9842175,51.4219475
Eco Market,Retailers - other,117-119 Oxford Road,Reading,,RG1 7UH,5,27 April 2026,Reading,5,5,5,-0.9809585,51.4548569
Edmundson Electrical,Other catering premises,146 Cardiff Road,Reading,,RG1 8EW,5,18 May 2023,Reading,5,0,5,-0.988158,51.4623528
Elegant Cuisine,Restaurant/Cafe/Canteen,The Mill At Sonning,Sonning Eye,Reading,RG4 6TW,AwaitingInspection,N/A,South Oxfordshire,,,,,
Elephant & Castle,Pub/bar/nightclub,,Lodge Rd,Reading,RG10 0EH,4,20 May 2026,Wokingham,0,10,10,,
Elior @ The Wood Group,Restaurant/Cafe/Canteen,400 Longwater Avenue,Reading,,RG2 6GF,5,29 August 2024,Reading,5,5,5,-0.9941187,51.4231453
Elior at The Hive,Restaurant/Cafe/Canteen,Ground Floor East Hive 1 1510 - 1520 Arlington Business Park,Theale,Reading,RG7 4SA,5,23 February 2026,West Berkshire,0,0,0,-1.06210232,51.43561
Elizabeth House Day Nursery & Preschool,Caring Premises,Elizabeth House Reading Road,Cholsey,Wallingford Oxon,OX10 9HA,5,22 April 2026,South Oxfordshire,5,5,5,-1.13130593,51.5855446
Elles Baguettes,Takeaway/sandwich shop,200 Oxford Road,Reading,,RG30 1AB,5,18 April 2026,Reading,5,5,5,-0.9907299,51.4560356
Elles Baguettes at Selco,Restaurant/Cafe/Canteen,Portman Road,Reading,,RG30 1EA,5,10 May 2024,Reading,5,5,5,,
Elmhurst Hotel,Hotel/bed & breakfast/guest house,51 Church Road,Earley,Reading,RG6 1EY,1,18 February 2026,Reading,15,10,20,-0.9295051,51.4443169
Emmanuel Pantry,Other catering premises,Emmanuel Methodist Church 448 Oxford Road,Reading,,RG30 1EE,4,18 February 2026,Reading,5,5,10,-0.9996509,51.4581375
Emmbrook Convenience Store,Retailers - other,,139 Reading Road,Wokingham,RG41 1HD,5,02 August 2023,Wokingham,5,5,5,-0.853484,51.41924
Emmbrook Court Very Sheltered Housing,Restaurant/Cafe/Canteen,Emmbrook Court South Drive,Reading,,RG6 5TZ,5,19 March 2026,Reading,5,0,5,,
Emmer Green Kindergarten,Caring Premises,85 Grove Road,Emmer Green,Reading,RG4 8LJ,5,06 January 2025,Reading,0,5,0,-0.9689273,51.48214
Englefield Stores and Tea Rooms,Retailers - other,Englefield Stores The Street,Englefield,Reading,RG7 5ES,5,24 July 2025,West Berkshire,5,0,5,-1.09943831,51.4443779
Ephesus,Restaurant/Cafe/Canteen,19 Whitley Street,Reading,,RG2 0EG,4,24 March 2026,Reading,5,5,10,-0.9654987,51.44588
Erleigh Road Pharmacy,Retailers - other,85-87 Erleigh Road,READING,Berkshire,RG1 5NN,Exempt,N/A,Reading,,,,-0.947065,51.44907
Escape Hunt,Pub/bar/nightclub,King Street,Reading,,RG1 2HG,5,02 February 2024,Reading,0,5,5,-0.9691883,51.4549866
Esquires Coffee,Restaurant/Cafe/Canteen,8 Flagstaff Road,Reading,,RG2 6AX,5,11 March 2026,Reading,0,0,5,-0.9965173,51.4257278
ESS Government Services at AWE Burghfield,Restaurant/Cafe/Canteen,Awe Burghfield The Mearings,Burghfield,Reading,,5,31 March 2025,West Berkshire,0,0,0,,
Esthwaite Ltd,Restaurant/Cafe/Canteen,The Boat House,Ridding Wood,,LA22 0QF,5,29 May 2025,Westmorland and Furness,0,5,5,-2.989965,54.35461
Eugreeka!,Takeaway/sandwich shop,89 Wokingham Road,Reading,,RG6 1LH,2,11 December 2025,Reading,15,15,10,-0.9368448,51.4486
Eurest,Restaurant/Cafe/Canteen,1320 Arlington Business Park,Theale,Reading,RG7 4SA,5,16 August 2021,West Berkshire,5,5,0,-1.06294858,51.4365921
Eurest At AWE Aldermaston,Restaurant/Cafe/Canteen,Awe Reading Road,Aldermaston,Reading,RG7 4PR,5,13 August 2024,West Berkshire,0,0,0,,
Eurest At AWE Burghfield,Restaurant/Cafe/Canteen,Awe Burghfield The Mearings,Burghfield,Reading,,5,16 December 2014,West Berkshire,0,0,0,,
Eurest Food At Porsche Cars GB,Restaurant/Cafe/Canteen,Porsche Pincents Kiln,Calcot,Reading,RG31 7SE,5,06 December 2024,West Berkshire,0,0,0,,
Euro Deli,Retailers - other,185 Oxford Road,Reading,,RG1 7UZ,5,24 May 2025,Reading,5,5,5,-0.9848931,51.45508
European Mini Market,Retailers - supermarkets/hypermarkets,462 Oxford Road,Reading,,RG30 1EE,3,13 July 2024,Reading,10,10,10,-1.00030279,51.457943
Evans Cycles,Retailers - other,Mill Lane,Reading,,RG1 2HN,Exempt,N/A,Reading,,,,,
Everest Tandoori Restaurant at Meadway Precinct,Restaurant/Cafe/Canteen,Honey End Lane,Reading,,RG30 4AA,5,03 September 2025,Reading,5,5,5,,
Everyday Express,Retailers - other,260-262 Kentwood Hill Tilehurst,Reading,,RG31 6DR,5,26 February 2026,Reading,5,0,5,-1.02935839,51.46904
Evians Food,Restaurant/Cafe/Canteen,Huntley Place 1 Flagstaff Road,Reading,,RG2 6AR,5,23 April 2026,Reading,0,0,0,-0.9960362,51.4253654
Exotic Food Market Ltd,Retailers - other,82-84 Whitley Street,Reading,,RG2 0EQ,3,31 January 2025,Reading,10,10,10,-0.9655373,51.44481
Exotic Superstores,Retailers - other,732 Oxford Road,Reading,,RG30 1EH,4,27 January 2024,Reading,0,10,5,-1.00801551,51.46004
ExoticEstore,Retailers - supermarkets/hypermarkets,24b Portman Road,Reading,,RG30 1EA,5,03 November 2025,Reading,5,5,0,-0.9980888,51.4611168
Eyre & Elliston,Retailers - other,9c Loverock Road,Reading,,RG30 1DZ,Exempt,N/A,Reading,,,,-0.9925473,51.46044
Fab4All,Other catering premises,Unit 16 North Street,Reading,,RG1 7DA,4,20 May 2025,Reading,5,10,5,-0.9801145,51.45768
Family Shopper,Retailers - supermarkets/hypermarkets,27 School Road Tilehurst,Reading,,RG30 5AR,4,12 February 2025,Reading,5,5,10,-1.03688335,51.4603729
Farmhouse Pizza,Takeaway/sandwich shop,435 Oxford Road,Reading,,RG30 1HD,4,01 July 2026,Reading,5,5,10,-0.997273,51.456955
Farnham Flint Match Hut,Restaurant/Cafe/Canteen,Farnham Flint Cottage Lane,Pingewood,Reading,,5,08 January 2026,West Berkshire,0,5,5,,
Fast Track Catering,Mobile caterer,Shenington Kart Racing Club,,Shenington,OX15 6NY,5,13 March 2026,Cherwell,5,0,5,,
Fat Twins Reading,Restaurant/Cafe/Canteen,120 London Road,Reading,,RG1 5AY,3,06 March 2026,Reading,10,10,10,-0.9489659,51.4527664
Favourite Chicken,Takeaway/sandwich shop,10 St Marys Butts,Reading,,RG1 2LN,3,26 April 2025,Reading,10,10,10,-0.975304,51.4545975
Fennies Day Nurseries,Other catering premises,Kilnbrook House Rose Kiln Lane,Reading,,RG2 0BY,5,23 April 2026,Reading,0,0,0,-0.9761088,51.444355
Fidget & Bob,Restaurant/Cafe/Canteen,Whale Avenue,Reading,,RG2 0GX,5,30 January 2025,Reading,0,0,5,,
Fire Thru at 365 Gym,Restaurant/Cafe/Canteen,33 Meadway Precinct Honey End Lane,Reading,,RG30 4AA,1,21 May 2026,Reading,15,10,20,-1.017291,51.4497147
Fish Glorious Fish,Retailers - other,Casey Fields Farm Dog Lane,Ashampstead,Reading,RG8 8SJ,5,14 January 2026,West Berkshire,0,5,0,-1.1952039,51.4848671
Five Guys,Retailers - other,Showcase Cinema,Winnersh Roundabout,Reading,RG41 5HG,5,20 February 2026,Wokingham,0,0,5,,
Five Guys,Restaurant/Cafe/Canteen,Unit R13 The Riverside The Oracle,Reading,,RG1 2AG,5,02 March 2026,Reading,5,0,0,,
Flame Kebab,Mobile caterer,The Tythings,Reading Road,Yateley,GU46 7RP,5,07 March 2025,Hart,0,0,0,-0.836583,51.34281
Flava Fusionn,Mobile caterer,27 Margaret Close,Reading,,RG2 8PU,5,10 December 2025,Reading,5,5,0,-0.9608624,51.416832
Flavour of Mauritius,Other catering premises,143-145 Caversham Road,Reading,,RG1 8AU,5,13 June 2025,Reading,5,5,5,-0.9759525,51.4628448
Fledglings Day Nursery At Little Heath School,Caring Premises,Little Heath School Little Heath Road,Tilehurst,Reading,RG31 5TY,5,19 August 2026,West Berkshire,0,5,0,,
Fledglings Lodge,Caring Premises,51 Armour Hill,Tilehurst,Reading,RG31 6JP,5,16 October 2023,Reading,0,5,0,-1.03775024,51.46501
Fleet Cricket Club,Other catering premises,Pavillion Calthope Park,Reading Road North,FLEET,GU51 4AB,5,15 March 2017,Hart,5,5,5,-0.846276,51.2786636
Fleet Methodist Church,Other catering premises,Reading Road South,Fleet,Hampshire,GU52 7TF,5,27 March 2019,Hart,5,5,5,-0.839715,51.2738876
Flight Club Darts,Pub/bar/nightclub,1 Station Hill Square,Reading,,RG1 1LN,5,15 May 2026,Reading,5,0,5,-0.9735346,51.45812
Flip,Mobile caterer,35 Bolton Drive,Reading,,RG2 9RD,4,07 April 2026,Reading,5,10,5,-0.9523788,51.4057541
Flip,Retailers - other,,35 Bolton Drive,Shinfield,RG2 9RD,Exempt,N/A,Wokingham,,,,-0.9523788,51.4057541
Florence House,Caring Premises,36 Baskerville Road,Sonning Common,Reading,RG4 9LS,5,21 January 2026,South Oxfordshire,5,5,5,-0.9863002,51.516964
Florence House Nursing Home,Caring Premises,16-22 Westcote Road,Reading,,RG30 2DE,5,20 April 2026,Reading,5,5,0,,
Fluffy Fluffy Reading at Kings Walk,Other catering premises,19-23 Kings Street,Reading,,RG1 2HG,5,03 September 2025,Reading,5,5,5,,
Food Avenue,Restaurant/Cafe/Canteen,168c Whitley Wood Road,Reading,,RG2 8LQ,5,31 January 2025,Reading,0,5,5,-0.959862,51.4190979
"Foodwise Reading, Food Coach",Caring Premises,Northumberland Avenue,Reading,,,5,19 December 2024,Reading,0,0,0,,
Forbury Gardens Day Nursery,Caring Premises,Abbots Walk,Reading,,RG1 3HW,5,24 June 2025,Reading,5,0,5,,
Forest Edge Coffee Shop,Restaurant/Cafe/Canteen,Alderholt Reading Room 119 Station Road,,Alderholt,SP6 3AZ,5,05 August 2026,Dorset,0,0,0,-1.83038485,50.91414
FORMULA 1 BAR,Restaurant/Cafe/Canteen,Pembrey Motor Racing Circuit,,Pembrey,SA16 0HZ,5,20 February 2020,Carmarthenshire,0,0,0,-4.300431,51.7118568
Four Seasons Fish & Chips,Takeaway/sandwich shop,268 Kentwood Hill,Tilehurst,Reading,RG31 6DR,3,08 September 2025,Reading,10,10,10,-1.02916765,51.46921
Fox & Hounds,Pub/bar/nightclub,The Fox And Hounds,Sulhamstead,Reading,RG7 4BE,5,07 January 2025,West Berkshire,0,0,0,,
Fox And Hounds,Pub/bar/nightclub,51 Gosbrook Road,Caversham,Reading,RG4 8BN,3,06 July 2026,Reading,10,10,5,-0.9701409,51.4666023
Fox Cubs Day Nursery,Caring Premises,Chapel House,Old Reddings Road,Cheltenham,GL51 6SA,5,10 November 2025,Cheltenham,5,0,0,-2.127029,51.88773
Freddie's Afro Caribbean,Retailers - other,33 Whitley Street,Reading,,RG2 0EG,2,17 June 2025,Reading,15,10,10,-0.965362,51.4455643
Fresh Gurkha Grocery,Retailers - other,253 London Road,Reading,,RG1 3NY,1,11 June 2026,Reading,15,10,20,-0.9465105,51.4537773
Friday Cafe,Restaurant/Cafe/Canteen,The Reading Rooms The Reading Rooms Fox Street,,Great Gransden,SG19 3AA,5,27 February 2026,Huntingdonshire,5,0,5,-0.1431934,52.18786
Friend's Pizza & Grill,Restaurant/Cafe/Canteen,229C London Road,Reading,,RG1 3NY,3,09 December 2025,Reading,10,10,10,-0.9477554,51.4534645
Friendly Corner Hall Green Church,Restaurant/Cafe/Canteen,609 Reddings Lane,Hall Green,Birmingham,B28 8TE,1,17 February 2026,Birmingham,5,5,20,-1.84816158,52.4408
Friends Coffee House Battle Block at Royal Berkshire Hospital,Restaurant/Cafe/Canteen,London Road,Reading,,RG1 5AN,5,13 July 2026,Reading,0,0,0,-0.9561154,51.4519424
Friends Place Care Home,Caring Premises,Friends Place The Chase,Calcot,Reading,RG31 7DW,5,09 January 2026,West Berkshire,5,0,5,,
Fuel Juice Bar at The Oracle,Takeaway/sandwich shop,Bridge Street,Reading,,RG1 2AQ,5,23 October 2025,Reading,5,5,5,-0.9723654,51.4524765
Funtastic Kids @ The Ridgeway,School/college/university,The Ridgeway Primary School,Hillbrow,Reading,RG2 8JD,5,10 February 2026,Reading,5,0,5,-0.9512807,51.427742
Funtastic Kids at Geoffrey Field Junior School,Caring Premises,Exbourne Road,Reading,,RG2 8RH,5,21 November 2025,Reading,5,5,5,-0.961438358,51.42186
Funtastic Kids at Whitley Park Primary and Nursery School,Caring Premises,Brixham Road,Reading,,RG2 7RB,5,13 August 2025,Reading,5,5,5,-0.9665127,51.4320259
Funtastic Kids Ltd at Burghfield St Marys Primary School,Caring Premises,Burghfield St Marys Church Of England Primary School Theale Road,Burghfield,Reading,RG30 3TX,5,04 June 2025,West Berkshire,0,5,5,,
Funtastic Kids Ltd at Springfield Primary School,Caring Premises,Springfield Primary School Barton Road,Tilehurst,Reading,RG31 5NJ,5,02 June 2025,West Berkshire,0,0,0,,
Funtastic Kids Ltd at Sulhamstead and Ufton Nervet PS,Caring Premises,Sulhamstead And Ufton Nervet Church Of England Voluntary Aided Primary School Church Lane,Ufton Nervet,Reading,RG7 4HH,5,03 December 2019,West Berkshire,0,0,0,,
GAIL's Reading,Restaurant/Cafe/Canteen,134 Broad Street,Reading,,RG1 2BD,5,13 December 2024,Reading,5,0,5,-0.9705015,51.4550438
Galleybagger Inn,Pub/bar/nightclub,Chillerton Reading Room,Main Road,Chillerton,PO30 3ER,5,26 October 2024,Isle of Wight,5,5,5,-1.308752,50.6536942
Garam,Mobile caterer,3 Minster Court Minster Street,Reading,,RG1 2JF,4,01 October 2025,Reading,10,5,5,,
Garlands Organic,Retailers - other,8 Reading Road,Pangbourne,Reading,RG8 7LY,4,11 April 2013,West Berkshire,0,0,10,-1.08567369,51.4837
Gary and Paul,Retailers - other,Clayhanger Farm Quicks Green,Ashampstead,Reading,RG8 8SN,3,25 June 2026,West Berkshire,10,5,10,-1.16121519,51.4833641
Gather & Gather at BP Technology  Centre,Restaurant/Cafe/Canteen,B.P. Technology Centre Whitchurch Hill,Pangbourne,Reading,RG8 7QR,5,19 August 2026,South Oxfordshire,5,5,0,,
Gather & Gather Limited at Direct Wines Ltd,Restaurant/Cafe/Canteen,1 Waterside Drive,Theale,Reading,RG7 4SW,5,13 January 2022,West Berkshire,0,0,0,-1.06955743,51.4364624
Gather & Gather UK,Restaurant/Cafe/Canteen,41 West Street,Reading,,RG1 1TZ,5,19 May 2025,Reading,5,0,5,-0.9760777,51.4560432
Gaylord Tandoori Twyford,Takeaway/sandwich shop,,26 London Rd,Twyford,RG10 9ER,5,09 September 2025,Wokingham,0,5,5,-0.8654365,51.47774
GB Total Equestrian Ltd,Retailers - other,Field Barn Farm Beenham Hill,Beenham,Reading,RG7 5LT,5,24 August 2026,West Berkshire,0,0,5,-1.13447225,51.41335
Genting Casino (Reading),Restaurant/Cafe/Canteen,18 Richfield Avenue,Reading,,RG1 8PA,5,22 December 2025,Reading,5,0,5,-0.9830122,51.4639549
Geo Cafe,Restaurant/Cafe/Canteen,10 Prospect Street,Caversham,Reading,RG4 8JG,5,21 April 2026,Reading,5,5,5,-0.972891,51.46787
Geo-Bakery,Retailers - other,10 Prospect Street,Caversham,Reading,RG4 8JG,5,24 July 2024,Reading,5,5,5,-0.972891,51.46787
Geoffrey Field Infant & Junior School,School/college/university,Exbourne Road,Reading,Berkshire,RG2 8RH,5,04 December 2023,Reading,5,5,5,-0.961438358,51.42186
George's Kebab Mobile Van,Mobile caterer,Scours Lane,Tilehurst,Reading Berkshire,,5,09 May 2024,Reading,5,5,5,-1.0125,51.4648247
German Doner Kebab,Takeaway/sandwich shop,106 Friar Street,Reading,,RG1 1EP,4,31 October 2025,Reading,5,10,5,-0.9751047,51.4564323
Get Active Sports,Other catering premises,Lydford Road,Reading,,RG1 5QH,3,11 March 2025,Reading,10,10,10,-0.949654341,51.4467545
Get Active Sports at Bucklebury CE Primary School,Caring Premises,Bucklebury Church Of England Primary School Blacklands Road,Upper Bucklebury,Reading,RG7 6QP,AwaitingInspection,N/A,West Berkshire,,,,,
GK,Takeaway/sandwich shop,49 Whitley Street,Reading,,RG2 0EG,4,13 November 2025,Reading,0,10,10,-0.9651104,51.44524
Global Hospitality Group UK,Other catering premises,Key House Cow Lane,Reading,,RG1 8NA,5,21 July 2025,Reading,0,0,0,-0.9903704,51.4605942
Gloria's Food Hall,Takeaway/sandwich shop,Reading Biscuit Factory 19 Queens Walk,Reading,,RG1 7QE,2,28 May 2026,Reading,15,5,10,,
GND Catering,Restaurant/Cafe/Canteen,,MACE Construction Site,ECMWF,RG6 6BU,4,03 December 2025,Wokingham,5,5,10,,
Go Beanies,Caring Premises,Westwood Farm Junior School Fullbrook Crescent,Tilehurst,Reading,RG31 6RY,5,07 July 2026,West Berkshire,0,5,5,-1.04322,51.4728
Go Beanies Play & Learn (Palmer Academy),Other catering premises,70 Northumberland Avenue,Reading,,RG2 7PP,5,10 March 2026,Reading,0,5,5,-0.9639627,51.439373
Go Beanies Play & Learn (Civitas Academy),Other catering premises,Civitas Academy 90a Great Knolly's Street,Reading,,RG1 7HL,5,16 March 2026,Reading,5,5,0,-0.9820874,51.4582825
Go Beanies Play & Learn (Green Park),Other catering premises,Green Park Village Academy 2 Flagstaff Road,Reading,,RG2 6AX,5,11 March 2026,Reading,5,0,5,-0.995499,51.42569
Go Fresh Fish,Retailers - other,232 Shinfield Road,Reading,,RG2 8EX,1,06 May 2026,Reading,10,10,20,-0.9463056,51.42831
Go Sing Chinese Takeaway,Takeaway/sandwich shop,30 Prospect Street Caversham,Reading,,RG4 8JL,5,16 October 2025,Reading,5,5,5,-0.9721006,51.4684448
Golden Bridge,Takeaway/sandwich shop,173 Caversham Road,Reading,,RG1 8BB,3,13 May 2025,Reading,10,10,10,-0.976617,51.4634781
Golden Chef Chinese Takeaway,Takeaway/sandwich shop,72 Briants Avenue,Caversham,Reading,RG4 5BA,2,23 March 2025,Reading,10,15,10,-0.9598005,51.46806
Golden Rice,Takeaway/sandwich shop,31 Whitley Street,Reading,,RG2 0EG,4,15 August 2025,Reading,5,10,5,-0.96539,51.4456024
Goldilocks Nursery,Caring Premises,77 School Road,Tilehurst,Reading,RG31 5AT,5,19 March 2025,Reading,0,5,0,-1.03897166,51.45826
Good Old Days Hong Kong,Takeaway/sandwich shop,66 George Street,Reading,,RG4 8DH,AwaitingInspection,N/A,Reading,,,,-0.96625,51.46487
Good One Supermarket,Retailers - other,236 Northumberland Avenue,Reading,,RG2 7QA,5,25 October 2023,Reading,0,5,5,-0.9627342,51.4326363
Gooi Nara,Restaurant/Cafe/Canteen,39 Whitley Street,Reading,,RG2 0EG,1,16 June 2026,Reading,20,5,10,-0.9651626,51.4454727
Gordon Ramsay Street Burger,Other catering premises,Unit R17B Riverside Level,The Oracle,Reading,RG1 2AG,5,03 July 2026,Reading,5,5,0,,
Goring & Streatley Golf Club,Pub/bar/nightclub,Goring And Streatley Golf Club Rectory Road,Streatley,Reading,RG8 9QA,5,02 March 2026,West Berkshire,5,0,0,-1.158264,51.5290146
Goring County Primary School,School/college/university,Wallingford Road,Goring,Reading,RG8 0BG,5,23 June 2026,South Oxfordshire,0,0,0,,
Goring Diner,Takeaway/sandwich shop,11 High Street,Goring,Reading,RG8 9AT,4,27 May 2025,South Oxfordshire,5,5,10,-1.13674116,51.522522
Goring Food & Wine,Retailers - other,14 High Street,Goring,Reading,RG8 9AR,3,22 January 2025,South Oxfordshire,5,10,10,-1.137289,51.522892
Goring Social Club,Pub/bar/nightclub,High Street,Goring,Reading,RG8 9BA,4,17 February 2026,South Oxfordshire,5,5,10,,
Goring Thames Sailing Club,Other catering premises,Bridle Way,Goring,Reading,RG8 0HS,5,03 September 2024,South Oxfordshire,5,5,5,,
Goring Village Butchers,Retailers - other,5 The Arcade High Street,Goring,Reading,RG8 9AY,5,16 June 2026,South Oxfordshire,5,5,5,-1.1363734,51.52223
Gosbrook Local,Retailers - other,228 Gosbrook Road,Caversham,Reading,RG4 8BL,5,09 November 2024,Reading,5,5,5,-0.9658046,51.4661064
Gourmet Barn,Restaurant/Cafe/Canteen,Field Barn Farm Beenham Hill,Beenham,Reading,RG7 5LT,AwaitingInspection,N/A,West Berkshire,,,,-1.13447225,51.41335
Gourmet Eats London,Mobile caterer,272-274 Elgar Road South,Reading,,RG2 0BZ,1,11 March 2026,Reading,10,10,20,-0.971467,51.4415436
GPR Food & Wine,Retailers - other,513 Oxford Road,Reading,,RG30 1HF,1,07 July 2026,Reading,10,5,20,-1.00031,51.45761
Grange Community Centre,Restaurant/Cafe/Canteen,,Grange Community Centre,Redding Road,FK2 0AA,Exempt,22 March 2022,Falkirk,,,,-3.727176,55.9836845
Grange Pre School,Caring Premises,Circuit Lane,Reading,,RG30 3HD,5,26 March 2025,Reading,0,5,0,-1.00788546,51.4454842
Grape Tree,Retailers - other,64 Broad Street Mall,Reading,,RG1 7QE,1,27 March 2026,Reading,15,15,20,-0.975875,51.45481
Graysons Restaurants At Silverstone Museum,Restaurant/Cafe/Canteen,Silverstone Motor Racing Circuit,Silverstone Road,Biddlesden,NN12 8TN,5,28 May 2026,Buckinghamshire,0,0,0,-1.021459,52.0776863
Green Bike Food Company,Takeaway/sandwich shop,Gillette Way,Reading,,RG2 0LR,5,13 July 2024,Reading,0,5,5,-0.9713009,51.4333649
Greenbroom Farm Shop,Retailers - other,Green Broom Farm,Goring Heath,Reading,RG8 7FZ,3,30 July 2025,South Oxfordshire,10,10,10,,
Greenfield House Resource Centre,Caring Premises,Greenfield House High View,Calcot,Reading,RG31 4XD,5,23 March 2017,West Berkshire,0,0,0,-1.05568886,51.4439964
Greens Of Pangbourne,Retailers - other,10 Whitchurch Road,Pangbourne,Reading,RG8 7BP,5,13 June 2025,West Berkshire,0,0,0,-1.08603489,51.48436
Greenshaw Learning Trust at John Madejski Academy,Other catering premises,125 Hartland Road,Reading,,RG2 8AF,5,13 June 2025,Reading,5,5,0,-0.9618616,51.4254265
Greggs,Takeaway/sandwich shop,Motor Fuel Bath Road,Padworth,Reading,RG7 5HT,5,07 October 2024,West Berkshire,0,5,0,,
Greggs,Takeaway/sandwich shop,162 Bath Road,Reading,,RG30 2HA,5,22 April 2025,Reading,0,0,0,-1.02072954,51.4443665
Greggs,Retailers - other,38 Market Place,Reading,,RG1 2DE,5,27 May 2026,Reading,5,5,5,-0.9698702,51.4555931
Greggs,Takeaway/sandwich shop,162 Bath Road,Reading,,RG30 2HA,5,22 April 2025,Reading,0,0,0,-1.02072954,51.4443665
Greggs,Retailers - other,10 Queen Victoria Street,Reading,,RG1 1TG,5,26 May 2026,Reading,0,5,0,-0.9718672,51.4563942
Greggs,Takeaway/sandwich shop,203-205 Shinfield Road,Reading,,RG2 8HA,5,03 April 2026,Reading,0,5,5,-0.9455288,51.42831
Greggs - Eastbound,Takeaway/sandwich shop,Motorway Service Area,Burghfield,Reading,RG30 3UQ,5,14 October 2025,West Berkshire,0,0,0,-1.03690481,51.423748
Greggs - Westbound,Takeaway/sandwich shop,Motorway Service Area,Burghfield,Reading,RG30 3UQ,5,14 October 2025,West Berkshire,0,0,0,-1.03690481,51.423748
Greggs at Broad St Mall,Retailers - other,Broad Street,Reading,,RG1 7QE,5,25 October 2024,Reading,0,5,0,,
Greggs Plc,Retailers - other,117 Reading Road,Yateley,Hampshire,GU46 7LR,5,09 June 2025,Hart,0,0,5,-0.828334,51.3419724
Greggs PLC at Sainsburys,Retailers - other,Savacentre Bath Road,Calcot,Reading,RG31 7SA,5,20 July 2026,West Berkshire,5,0,0,-1.06152284,51.4429855
Gressenhall Reading Room,Other catering premises,Reading Room The Green,,Gressenhall,NR20 4DT,5,09 August 2024,Breckland,0,5,5,0.9077874,52.71086
Grill Masters,Mobile caterer,26 Abingdon Drive Caversham,Reading,,RG4 6SE,5,12 May 2025,Reading,5,0,5,-0.9607734,51.4841728
Grilla Kitchen,Restaurant/Cafe/Canteen,41 Whitley Street Reading,Reading,,RG2 0EG,AwaitingInspection,N/A,Reading,,,,-0.965236,51.44541
Grim's Dyke Hotel,Hotel/bed & breakfast/guest house,Grimsdyke Hotel,Old Redding,,HA3 6SH,5,29 April 2026,Harrow,5,5,5,-0.344263,51.61937
Grip UK,Restaurant/Cafe/Canteen,Stadium Way,Tilehurst,Reading,RG30 6BX,5,19 January 2025,Reading,5,5,5,,
Grocery Asia,Retailers - supermarkets/hypermarkets,19-20 Meadway Precinct,Reading,,RG30 4AA,4,27 April 2026,Reading,5,10,5,-1.01744986,51.44969
Grosvenor Casino,Restaurant/Cafe/Canteen,Rose Kiln Lane,Reading,Berkshire,RG2 0SN,5,19 September 2025,Reading,5,5,5,,
Grosvenor Casino,Restaurant/Cafe/Canteen,1 Queens Road,Reading,,RG1 4SY,5,24 January 2025,Reading,0,0,0,-0.9680835,51.45377
Gulab Dining,Other catering premises,130-134 Wokingham Road,Reading,,RG6 1JL,4,28 April 2026,Reading,5,10,5,-0.938483,51.4493179
Gun Street Garden,Pub/bar/nightclub,5-6 Gun Street,Reading,,RG1 2JR,4,12 December 2025,Reading,5,10,5,-0.9730762,51.4538231
Gurungs,Retailers - other,191-193 London Road,Reading,,RG1 3NU,5,05 August 2025,Reading,5,5,5,-0.9493609,51.45311
GX Club Brightons,School/college/university,,Westquarter And Redding Cricket Club Pavilion,Sunnyside Road,FK2 0RN,Pass,20 February 2025,Falkirk,,,,,
Gymfinity Kids Reading,Restaurant/Cafe/Canteen,Gillette Way,Reading,,RG2 0BS,5,15 August 2025,Reading,0,5,0,-0.969414234,51.4319153
H.K. Stores,Retailers - other,47 Hemdean Road,Caversham,Reading,RG4 7SY,3,20 March 2025,Reading,10,10,10,-0.9737426,51.4690552
H20 Watersports Hi5 Ski Lake,Mobile caterer,The Reading Lake Hotel Pingewood,Burghfield,Reading,RG30 3UN,5,30 May 2022,West Berkshire,0,0,0,-1.00681424,51.4238129
Hala Lebanese,Restaurant/Cafe/Canteen,133 Wokingham Road,Reading,,RG6 1LW,5,04 September 2025,Reading,5,5,5,-0.9352807,51.4471741
Halfords Ltd,Retailers - other,,612 Reading Road,Winnersh,RG41 5HE,Exempt,N/A,Wokingham,,,,-0.8928125,51.4354
Hao Chi Oriental,Takeaway/sandwich shop,115 Wokingham Road,Reading,,RG6 1LH,5,28 May 2026,Reading,5,5,5,-0.9363058,51.44826
Happy Faces Playgroup,Caring Premises,Sherfield On Loddon Village Hall,Reading Road,Sherfield-on-Loddon,RG27 0EZ,Exempt,N/A,Basingstoke and Deane,,,,-1.026479,51.316082
Happy Health Nutrition Club,Restaurant/Cafe/Canteen,7 Harris Arcade,Reading,,RG1 1DN,4,26 September 2024,Reading,5,10,5,-0.9716049,51.4571838
Happy Panda Café,Restaurant/Cafe/Canteen,80 Christchurch Road,Reading,,RG2 7AZ,5,09 July 2026,Reading,5,5,0,-0.9551977,51.44267
Harper’s Candylicious Sweets,Importers/Exporters,82 Belmont Road,Reading,,RG30 2UU,5,16 July 2024,Reading,0,0,5,-0.9972528,51.455246
Harput Kebab,Takeaway/sandwich shop,139 Oxford Road,Reading,,RG1 7UU,5,06 August 2026,Reading,5,5,5,-0.9821065,51.45483
Harrison Catering at The Willink School,School/college/university,The Willink School School Lane,Burghfield Common,Reading,RG7 3XJ,5,07 November 2024,West Berkshire,0,5,0,,
Harrison Catering at Westwood Farm Infant School,School/college/university,Westwood Farm Infant School Fullbrook Crescent,Tilehurst,Reading,RG31 6RY,5,07 July 2026,West Berkshire,0,5,5,-1.04322,51.4728
Harrison Catering Services at Blessed Hugh Faringdon School,School/college/university,Fawley Road,Reading,,RG30 3EP,5,07 January 2026,Reading,5,5,5,-1.005687,51.44549
Harrison Catering Services at Long Lane Primary School,School/college/university,Long Lane Primary School Long Lane,Tilehurst,Reading,RG31 6YG,4,15 June 2026,West Berkshire,10,5,5,,
Harrison Catering Services at The Heights Primary School,School/college/university,129 Upper Woodcote Road,Caversham,Reading,RG4 7LB,5,20 November 2024,Reading,5,5,5,-0.9962644,51.476944
Harrison Catering Services Limited at Denefield School,School/college/university,Denefield School Long Lane,Tilehurst,Reading,RG31 6XY,5,18 December 2024,West Berkshire,0,0,0,-1.05502641,51.4711227
Harrison Catering Services Limited at The Wren School,School/college/university,61-63 Bath Road,Reading,,RG30 2BB,4,09 September 2025,Reading,10,5,5,-0.9992605,51.4463539
Harrogate Rugby Union Football Club,Other catering premises,Harrogate Rugby Union Football Club Rudding Lane,,,HG3 1DQ,5,05 February 2025,North Yorkshire,0,0,0,,
Harry's Coffee Shop,Restaurant/Cafe/Canteen,Glendale House Reading Road,Burghfield Common,Reading,RG7 3BL,4,25 February 2026,West Berkshire,5,0,10,-1.05353248,51.40073
Harwood Golf Club,Restaurant/Cafe/Canteen,,Roading Brook Road,Bolton,BL2 4JD,5,14 May 2025,Bolton,5,0,5,-2.367962,53.6043549
Hatch Gate Inn,Pub/bar/nightclub,Hatch Gate Inn The Hatch,Burghfield,Reading,RG30 3TH,4,13 March 2026,West Berkshire,10,5,5,-1.04165566,51.4118462
Haute Dolci,Restaurant/Cafe/Canteen,Unit 15 A Riverside The Oracle,Reading,,RG1 2AG,AwaitingInspection,N/A,Reading,,,,-0.9708972,51.4534454
Hawkeye Pizza,Takeaway/sandwich shop,186 Reading Road South,Fleet,Hampshire,GU52 6AE,5,20 August 2025,Hart,5,5,5,-0.82906,51.26443
Haydock Reading Rooms,Pub/bar/nightclub,Haydock Reading Rooms And Debating Society Social Club,86-88 Church Road,Haydock,WA11 0TH,4,30 July 2025,St Helens,5,10,5,-2.66347051,53.46679
Haywards Farm School,School/college/university,Haywards Farm School Station Road,Theale,Reading,RG7 4AS,5,19 November 2024,West Berkshire,0,0,5,-1.074737,51.4317055
Heatherside Infant School-Stir Food,School/college/university,Heatherside Infant School,Reading Road South,Fleet,GU52 7TH,4,11 December 2025,Hart,0,5,10,,
Heatherside Junior School-Stir Food,School/college/university,Heatherside Junior School,Reading Road South,Fleet,GU52 7TH,5,11 December 2025,Hart,0,0,0,,
Helmdon Community Larder,Retailers - other,The Reading Room,20 Church Street,Helmdon,NN13 5QJ,5,17 October 2025,West Northamptonshire,5,0,0,-1.142097,52.0864944
Hempen Cooperative,Retailers - other,Path Hill Farm Path Hill,Goring Heath,Reading,RG8 7RE,4,16 March 2021,South Oxfordshire,5,5,10,-1.05864632,51.5000076
Henley Business School Cafe,Restaurant/Cafe/Canteen,University Of Reading,Whiteknights Road,Earley,RG6 6BY,5,19 September 2024,Wokingham,0,5,0,-0.9354083,51.44147
Henley food & wine,Retailers - other,49 Reading Road,Henley-On-Thames,Oxon,RG9 1AB,3,14 April 2025,South Oxfordshire,5,10,10,-0.90288,51.53514
Henley Hockey Club,Restaurant/Cafe/Canteen,353 Reading Road,Henley-On-Thames,Oxon,RG9 4HA,4,21 February 2025,South Oxfordshire,10,0,10,-0.8942181,51.52668
Henley Mini Market,Retailers - other,11 Reading Road,Henley-On-Thames,Oxon,RG9 1AB,4,15 April 2025,South Oxfordshire,5,10,5,-0.9032512,51.5358925
Henley Post Office Convenience Store,Retailers - other,22 Reading Road,Henley-On-Thames,Oxon,RG9 1AG,3,05 November 2025,South Oxfordshire,10,10,10,-0.9036258,51.5356064
Hennerton Golf Club,Restaurant/Cafe/Canteen,,Crazies Hill Road Wargrave,Reading,RG10 8LT,3,23 August 2025,Wokingham,10,5,10,,
Herbal Green at Broad St Mall,Retailers - other,Broad Street,Reading,,RG1 7QE,Exempt,N/A,Reading,,,,,
Herbies Pizza/Tasty Bun,Takeaway/sandwich shop,18 Hildens Drive,Tilehurst,Reading,RG31 5HU,5,17 February 2026,West Berkshire,0,0,0,-1.04962754,51.45526
Heron Manor Care Home,Caring Premises,Reading Road North,Fleet,,GU51 4AR,AwaitingInspection,N/A,Hart,,,,-0.8503774,51.2809677
Hevs Premier,Retailers - other,733 Oxford Road,Reading,,RG30 1JA,AwaitingInspection,N/A,Reading,,,,-1.01375592,51.4621849
Hewad Store,Retailers - other,774 Oxford Road,Reading,,RG30 1EL,2,25 February 2026,Reading,10,15,10,-1.009742,51.46075
Hexham Road Pantry,Other catering premises,Hexham Road Community Centre 1a Bamburg Close,Reading,,RG2 7UD,5,13 August 2025,Reading,0,5,0,-0.9590591,51.43737
Hey Coffee,Restaurant/Cafe/Canteen,Liebenrood Road,Reading,,RG30 2ND,4,27 April 2025,Reading,10,5,5,-1.0063324,51.4504051
High Rise Fish Bar,Takeaway/sandwich shop,3 The Colonnade Overdown Road,Tilehurst,Reading,RG31 6PR,5,30 April 2025,West Berkshire,5,5,5,-1.04449,51.4697037
Hill End House Stays,Hotel/bed & breakfast/guest house,Hill End House,Warren Row Road,Warren Row,RG10 8QS,AwaitingInspection,N/A,Windsor and Maidenhead,,,,-0.8323957,51.5203247
Hill Farm Shop Ltd,Retailers - other,Hill Farm Shop Mans Hill,Burghfield Common,Reading,RG7 3BD,5,12 May 2009,West Berkshire,5,0,0,-1.05064654,51.4000931
Hillier Nurseries Ltd,Restaurant/Cafe/Canteen,Rosebourne Station Road,Aldermaston,Reading,RG7 4LD,5,08 July 2025,West Berkshire,0,5,0,-1.15470779,51.38523
Hilton Reading,Hotel/bed & breakfast/guest house,Drake Way,Reading,,RG2 0GH,5,25 April 2025,Reading,0,5,5,-0.9767254,51.4318657
Himalayan Hot Spot,Restaurant/Cafe/Canteen,1 School Road,Tilehurst,Reading,RG31 5AR,2,09 October 2025,Reading,10,15,10,-1.03615367,51.4608421
Hinds Head,Hotel/bed & breakfast/guest house,Hinds Head Hotel Wasing Lane,Aldermaston,Reading,RG7 4LX,5,27 August 2024,West Berkshire,0,0,0,-1.15354681,51.38412
Hlth Kitchen Ltd,Manufacturers/packers,Harrogate Rugby Union Football Club Rudding Lane,,,HG3 1DQ,5,05 February 2025,North Yorkshire,0,0,5,,
HMV at The Oracle,Retailers - other,Bridge Street,Reading,,RG1 2AH,Exempt,N/A,Reading,,,,,
Holbeach Community Cafe,Restaurant/Cafe/Canteen,Church Street The Reading Rooms,Holbeach,Spalding,PE12 7LL,5,04 October 2024,South Holland,0,0,5,,
Holbeach Community Larder,Retailers - other,The Reading Rooms Church Street,Holbeach,Spalding,PE12 7LL,5,04 October 2024,South Holland,0,5,0,,
Holiday Inn Reading South,Hotel/bed & breakfast/guest house,500 Basingstoke Road,Reading,,RG2 0QN,5,04 August 2025,Reading,0,5,5,,
Holiday Inn Reading West,Hotel/bed & breakfast/guest house,Holiday Inn Reading West Bath Road,Padworth,Reading,RG7 5HT,2,06 August 2025,West Berkshire,10,15,10,-1.12998366,51.4058876
Holland & Barrett at Broad St Mall,Retailers - other,Broad Street,Reading,,RG1 7QE,Exempt,N/A,Reading,,,,,
Holland & Barrett at The Oracle,Retailers - other,Bridge Street,Reading,,RG1 2AH,5,12 August 2025,Reading,0,0,0,,
Holland and Barrett at Tesco Extra,Retailers - other,Napier Road,Reading,,RG1 8DF,5,16 July 2025,Reading,0,0,0,-0.956581831,51.4597168
Hollywood Bowl,Restaurant/Cafe/Canteen,Riverside Level,Oracle Shopping Centre,Reading,RG1 2AG,5,30 March 2026,Reading,0,5,0,-0.9708313,51.45381
Holroyd Howe at Abbey Gardens,School/college/university,12 Christchurch Gardens,Reading,,RG2 7AH,5,04 December 2024,Reading,0,5,0,-0.9628617,51.4428825
Holroyd Howe at Abbey Junior School,School/college/university,30 Christchurch Road,Reading,IGHT,RG2 7AR,5,15 May 2026,Reading,0,0,5,-0.9611165,51.4437027
Holroyd Howe at Elstree School,School/college/university,Elstree School Woolhampton Hill,Upper Woolhampton,Reading,RG7 5TD,5,13 January 2026,West Berkshire,0,5,0,-1.172131,51.4038277
Holroyd Howe at The Abbey Senior School,School/college/university,17 Kendrick Road,Reading,Unit R50 Bridge Street,RG1 5DZ,5,14 April 2026,Reading,5,5,5,-0.9627183,51.4485626
Home Bargains,Retailers - supermarkets/hypermarkets,Units 4 & 5 Brunel Retail Park,Reading,,RG2 0HS,5,14 April 2025,Reading,5,5,0,,
Home Bargains at Reading Link Retail Park,Retailers - other,Rose Kiln Lane,Reading,Berkshire,RG2 0SN,5,11 April 2023,Reading,0,0,5,,
Home Cooking,Takeaway/sandwich shop,2 Highgrove Street,Reading,,RG1 5EN,3,29 January 2026,Reading,5,10,10,-0.9658028,51.44643
Home Group Limited,Caring Premises,1 Flagstaff Road,Reading,,RG2 6AR,AwaitingInspection,N/A,Reading,,,,-0.9960362,51.4253654
Homesense,Retailers - other,Forbury Road,Reading,Berkshire,RG1 3JD,Exempt,N/A,Reading,,,,,
Homie's,Takeaway/sandwich shop,2 Cholsey House Moulsford Mews,Reading,,RG30 1AP,5,31 March 2026,Reading,5,5,5,-0.9986204,51.4578667
Honest Burgers,Restaurant/Cafe/Canteen,Unit 2 1-5 King Street,Reading,,RG1 2HE,5,18 December 2025,Reading,0,5,0,,
Honesty Group,Restaurant/Cafe/Canteen,2 Napier Road,Reading,,,5,30 October 2025,Reading,5,5,5,-0.959419,51.4595032
Honey & Ghee,Retailers - other,232 Shinfield Road,Reading,,RG2 8EX,4,06 May 2026,Reading,5,5,10,-0.9463056,51.42831
Honey Bee Day Care at Tilia House,Caring Premises,London Road,Reading,,RG1 3PA,5,16 October 2025,Reading,5,5,5,,
Hong Kong City,Takeaway/sandwich shop,50 Erleigh Road,Reading,,RG1 5NA,3,18 February 2026,Reading,10,10,5,-0.9497758,51.4494553
Hoops and Jockeys,Other catering premises,ARC RACING LEISURE GROUP,Uttoxeter Racecourse,Wood Lane,ST14 8BD,5,15 March 2025,East Staffordshire,0,5,5,-1.85585,52.89365
Hope & Bear,Pub/bar/nightclub,153 London Road,Reading,Berkshire,RG1 5DE,5,01 June 2025,Reading,5,5,5,-0.9507188,51.45289
Hot Gossip,Restaurant/Cafe/Canteen,15 Reading Road,Henley-On-Thames,Oxon,RG9 1AB,5,03 March 2025,South Oxfordshire,5,5,5,-0.9032263,51.53573
Hot Stuff,Takeaway/sandwich shop,421 Oxford Road,Reading,,RG30 1HA,4,17 October 2024,Reading,5,10,5,-0.9966429,51.4568062
Hot Wok,Takeaway/sandwich shop,23A Wood Lane,Sonning Common,Reading,RG4 9SJ,3,27 May 2026,South Oxfordshire,10,10,10,-0.9816698,51.51681
Hotel Chocolat at The Oracle,Retailers - other,Bridge Street,Reading,,RG1 2AH,Exempt,N/A,Reading,,,,,
House of Flavours,Restaurant/Cafe/Canteen,34-36 Kings Road,Reading,,RG1 3AA,5,13 November 2025,Reading,0,5,0,-0.967026,51.4547157
Hungry Birds,Takeaway/sandwich shop,256 Kentwood Hill,Tilehurst,Reading,RG31 6DR,5,29 June 2026,Reading,5,5,5,-1.029519,51.4689331
Ibis Reading Centre,Restaurant/Cafe/Canteen,25A Friar Street,Reading,,RG1 1DP,5,24 October 2025,Reading,0,0,0,-0.9727917,51.4569626
Iceland,Retailers - supermarkets/hypermarkets,39 Church Street,Caversham,Reading,RG4 8BA,5,07 February 2025,Reading,0,5,5,-0.9746661,51.46703
Iceland,Retailers - supermarkets/hypermarkets,47 Oxford Road,Reading,,RG1 7QG,5,13 February 2025,Reading,0,0,5,-0.9772255,51.4549141
ICMA Centre Cafe Bar 2 University Of Reading,Restaurant/Cafe/Canteen,Whiteknights Campus PO Box 242,Reading,Berkshire,RG6 6BA,5,05 April 2024,Reading,0,0,5,,
ICollege Alternative Education,School/college/university,22 High View,Calcot,Reading,RG31 4XD,5,31 October 2011,West Berkshire,5,5,5,-1.05359018,51.44459
IFoods UK,Other catering premises,Jigsaw Racing Services,Unit G,Harlow House,NN17 5XH,5,04 July 2025,North Northamptonshire,5,0,0,-0.6591254,52.5074
IKEA Ltd,Retailers - other,Ikea Store Pincents Kiln,Calcot,Reading,RG31 7SD,5,12 August 2026,West Berkshire,0,5,0,,
illy Coffee Shop,Restaurant/Cafe/Canteen,Illy Coffee Shop,Silverstone Motor Racing Circuit,Silverstone Circuit,NN12 8TL,5,13 April 2026,West Northamptonshire,5,0,0,-1.02214575,52.072876
Impact Food Group @ Aldryngton Primary,School/college/university,,Silverdale Road Earley,Reading,RG6 7HR,5,19 September 2025,Wokingham,5,5,0,-0.9252437,51.4361267
Impact Food Group @ Lambs Lane Primary School,School/college/university,,Back Lane,Spencer Wood,RG7 1PW,5,10 September 2025,Wokingham,0,5,5,,
Impact Food Group @ Little Reddings Primary School,School/college/university,Little Reddings Primary School,Reddings Avenue,Bushey,WD23 3PR,5,16 October 2024,Hertsmere,0,5,0,-0.355258,51.64768
Impact Food Group @ Loddon Primary School,School/college/university,,Hillside Rd,Earley,RG6 7LR,5,19 September 2025,Wokingham,5,5,5,-0.912817359,51.43604
Impact Food Group @ Shinfield St Mary's C of E Junior School,School/college/university,,Chestnut Cres,Shinfield,RG2 9EJ,5,16 July 2026,Wokingham,0,5,5,,
Impact Food Group @ St Dominic Savio Catholic Primary School,School/college/university,,Western Ave,Woodley,RG5 3BH,5,10 September 2025,Wokingham,0,5,5,-0.9092892,51.45713
Impact Food Group @ St Edward's Prep,School/college/university,64 Tilehurst Road,Reading,,RG30 2JH,5,18 May 2026,Reading,0,5,0,-0.9939098,51.4521446
Impact Food Group t/a Dolce at Aldermaston Primary School,School/college/university,Aldermaston C. E. Primary School Wasing Lane,Aldermaston,Reading,RG7 4LX,AwaitingInspection,N/A,West Berkshire,,,,-1.163888,51.3828278
In2care at Purley Cof E Primary School,Caring Premises,Purley Church Of England Primary School Purley Village,Purley On Thames,Reading,RG8 8AF,4,20 April 2026,West Berkshire,10,5,0,,
In2Care at Streatley C of E Primary School,Caring Premises,Streatley Church Of England Voluntary Controlled School The Coombe,Streatley,Reading,RG8 9QL,5,19 May 2026,West Berkshire,5,0,0,,
Indian Community Centre,Restaurant/Cafe/Canteen,2 Norris Road,Reading,,RG6 1NJ,4,19 November 2025,Reading,5,5,10,-0.9368299,51.4492378
Indian Corner/ Kebab Corner,Takeaway/sandwich shop,745 Oxford Road,Reading,,RG30 1JA,3,16 July 2026,Reading,10,10,5,-1.01425648,51.4623337
Intoku Bowls Sushi Bar,Restaurant/Cafe/Canteen,30a Chain Street,Reading,,RG1 2HX,3,23 December 2025,Reading,10,10,10,-0.973015,51.4552727
IQ Health,Distributors/Transporters,15 Emmens Close,Checkendon,Reading,RG8 0TU,Exempt,N/A,South Oxfordshire,,,,-1.03901255,51.543293
Iro Sushi,Takeaway/sandwich shop,155 Friar Street,Reading,,RG1 1HE,3,07 October 2025,Reading,5,10,10,-0.9715316,51.4565964
Iron House Scotland,Retailers - other,,Grange Community Centre,Redding Road,FK2 0AA,Exempt,29 April 2026,Falkirk,,,,-3.727176,55.9836845
Island Bohemian Bowls Club,Pub/bar/nightclub,Thames Side,Reading,,RG1 8DG,5,25 June 2025,Reading,5,0,5,,
ISS Facility Services Education at Beechwood and Arbour Vale Schools,School/college/university,BEECHWOOD SECONDAY SCHOOL LONG READINGS LANE,,SLOUGH,SL2 1QE,5,30 April 2025,Slough,5,5,5,-0.6216856,51.5366364
ISS Mediclean at Prospect Park Hospital,Caring Premises,Honey End Lane,Reading,,RG30 4EJ,5,09 March 2026,Reading,5,5,0,,
Istanbul Food Centre,Retailers - other,282-284 Oxford Road,Reading,,RG30 1AD,3,14 October 2025,Reading,10,10,10,-0.993972,51.4565239
Istanbul Grill,Takeaway/sandwich shop,77 Wokingham Road,Reading,,RG6 1LH,4,11 December 2025,Reading,5,10,5,-0.9370989,51.44881
Istanbul Mangal,Takeaway/sandwich shop,15 The Triangle Tilehurst,Reading,,RG30 4RN,3,14 April 2026,Reading,10,10,10,-1.040492,51.45783
Itsu,Restaurant/Cafe/Canteen,31 Queen Victoria Street,Reading,,RG1 1SY,5,14 April 2026,Reading,5,5,5,-0.9722672,51.4558868
J Guris,Retailers - other,53 Wokingham Road,Reading,,RG6 1LH,4,14 November 2024,Reading,5,10,5,-0.9375359,51.4492
J's Food & Wine,Retailers - other,102 Royal Avenue,Calcot,Reading,RG31 4UT,4,22 October 2013,West Berkshire,10,5,5,-1.04658067,51.44261
Jadacooksss,Takeaway/sandwich shop,211 Caversham Road,Reading,,RG1 8BB,4,21 March 2025,Reading,5,10,5,-0.9773357,51.4641647
Jaffa Street / Puree,Takeaway/sandwich shop,Unit B1 Great Knollys Street,Reading,,RG1 7HN,5,22 September 2024,Reading,5,5,5,-0.9793973,51.4582138
Jamaica Blue Coffee Shop South Block at Royal Berkshire Hospital,Restaurant/Cafe/Canteen,Craven Road,Reading,,RG1 5AW,4,06 February 2025,Reading,0,10,5,-0.957622945,51.4510078
Java Cafe Ltd,Restaurant/Cafe/Canteen,,398 Reading Road,Winnersh,RG41 5EP,3,21 May 2025,Wokingham,10,10,5,-0.879239,51.4293327
Jays News (Tilehurst) Ltd,Retailers - other,27 Hildens Drive,Tilehurst,Reading,RG31 5HY,5,01 March 2013,West Berkshire,0,0,0,-1.05015612,51.455452
Jazz Cafe at Madejski Stadium,Restaurant/Cafe/Canteen,Shooters Way,Reading,,RG2 0FL,5,29 May 2026,Reading,5,5,5,,
JCS Gourmet Kitchen,Pub/bar/nightclub,69 Westwood Glen,Reading,,RG31 5NW,5,24 April 2026,Reading,5,5,5,-1.04887307,51.46109
Jessica Food & Wine,Retailers - other,18 Farnham Drive,Caversham,Reading,RG4 6NY,4,15 November 2024,Reading,5,10,5,-0.9462711,51.4785461
Jessicas Coffee Truck,Mobile caterer,Unit 10 Church Farm Reading Road,Woodcote,Reading,RG8 0QX,5,13 March 2025,South Oxfordshire,0,0,0,-1.07056868,51.5345764
JFC,Takeaway/sandwich shop,54 Wensley Road,Reading,,RG1 6DJ,4,01 March 2025,Reading,5,5,10,-0.9854769,51.4456139
JieLi Restaurant,Other catering premises,19-23 Kings Street,Reading,,RG1 2HG,0,27 May 2026,Reading,20,20,20,,
Jigsaw Creative Care Services,Caring Premises,77 Russell Street,Reading,,RG1 7XG,3,27 March 2025,Reading,5,10,10,-0.9830083,51.4518051
JK Stores,Retailers - other,435 Basingstoke Road,Reading,,RG2 0JF,5,04 May 2019,Reading,0,5,5,-0.9695726,51.4272575
Joe & The Juice UK,Restaurant/Cafe/Canteen,U02 Bridge Street The Oracle Centre,Reading,,RG1 2AQ,5,25 March 2026,Reading,5,5,0,-0.9708313,51.45381
John Lewis Partnership Plc,Restaurant/Cafe/Canteen,108-113 Broad Street,Reading,,RG1 2BB,5,22 September 2025,Reading,0,5,5,-0.9720641,51.45532
JoLi,Restaurant/Cafe/Canteen,JoLi The Old Reading Room Main Street Longniddry East Lothian,,,EH32 0ND,Pass,06 August 2019,East Lothian,,,,-2.896026,55.9739
Jollibee,Other catering premises,81 Broad Street,Reading,,RG1 2AP,5,21 November 2024,Reading,5,5,5,-0.9746832,51.45533
Jollof Isle,Takeaway/sandwich shop,24 Goldsmid Road,Reading,,RG1 7YB,AwaitingInspection,N/A,Reading,,,,-0.9845512,51.45492
Journey to the West,Manufacturers/packers,15 Boulton Road,Reading,,RG2 0NF,AwaitingInspection,N/A,Reading,,,,,
Jubilee Day Nursery,Caring Premises,Paddock View Rectory Road,Padworth Common,Reading,,5,05 August 2026,West Berkshire,5,5,5,-1.11248648,51.38809
Junior Adventures Group at Battle Primary Academy,School/college/university,Battle Primary Academy Cranbury Road,Reading,,RG30 2TD,5,11 February 2026,Reading,0,5,5,,
Junior Adventures Group at Goring CofE Primary School,School/college/university,Goring Cofe Primary School Wallingford Road,Goring,Reading,RG8 0BG,5,15 January 2025,South Oxfordshire,5,5,5,,
Junior Adventures Group at Micklands Primary School,School/college/university,Micklands Road,Caversham,Reading,RG4 6LU,5,24 February 2026,Reading,0,5,5,,
Junior Adventures Group Moorlands Primary,School/college/university,Church End Lane,Tilehurst,Reading,RG30 4UN,5,18 July 2024,Reading,5,5,5,,
Junior Adventures Group Parklane Primary,School/college/university,130 School Road,Tilehurst,Reading,RG31 5BD,2,10 June 2026,Reading,10,15,10,-1.04351258,51.4572334
Junior Adventures Group Wilson Primary,School/college/university,Wilson Road,Reading,,RG30 2RW,5,05 March 2026,Reading,5,5,0,-1.004223,51.4547272
Juniper House School,School/college/university,Juniper House School Englefield Road,Theale,Reading,RG7 5DZ,AwaitingInspection,N/A,West Berkshire,,,,,
Just Fresh,Retailers - other,16 West Street,Reading,,RG1 1TT,1,16 October 2024,Reading,20,15,10,-0.975363,51.455822
Just Momo,Other catering premises,4 Kings Road,Reading,,RG1 3AA,5,14 November 2024,Reading,5,5,5,-0.9686176,51.4548569
K B Superstores,Retailers - other,337-339 Oxford Road,Reading,,RG30 1AY,3,23 April 2026,Reading,10,10,10,-0.9935919,51.4561348
Kamal's Kitchen,Restaurant/Cafe/Canteen,141 Caversham Road,Reading,,RG1 8AU,4,30 October 2024,Reading,5,5,10,-0.9759076,51.4627838
Karak Chaii Reading,Restaurant/Cafe/Canteen,254 Oxford Road,Reading,,RG30 1AD,5,03 August 2026,Reading,5,5,0,-0.992969,51.4563179
Kashmir Halal Butchers at Exotic Superstore,Retailers - other,730 Oxford Road,Reading,,RG30 1EH,1,31 October 2025,Reading,15,15,20,-1.00791526,51.460022
Kathmandu Cuisine,Takeaway/sandwich shop,Honey End Lane,Reading,,RG30 4AA,4,02 February 2026,Reading,10,5,5,,
Kaya Fast Food,Restaurant/Cafe/Canteen,40 - 42 High Street,Theale,Reading,RG7 5AN,5,18 November 2024,West Berkshire,0,5,0,-1.07462835,51.43763
Kebabist,Mobile caterer,Pitch 1 Meadway Precinct Honey End Lane,Reading,,,5,20 May 2025,Reading,5,5,5,-1.017291,51.4497147
Kennet Corner Store,Retailers - other,101a Cholmeley Road,Reading,,RG1 3LY,5,02 December 2017,Reading,5,0,5,-0.9488704,51.4563
Kennet Valley Club,Pub/bar/nightclub,Holybrook Community Centre Carters Rise,Calcot,Reading,RG31 7YT,5,23 October 2017,West Berkshire,0,0,5,,
Kenya Butchers,Retailers - other,20 West Street,Reading,,RG1 1TT,1,20 March 2026,Reading,10,15,20,-0.9752513,51.45567
KFC,Takeaway/sandwich shop,207 Shinfield Road,Reading,,RG2 8HA,5,21 November 2025,Reading,5,0,5,-0.9457764,51.42818
KFC,Takeaway/sandwich shop,73-74 Broad Street,Reading,,RG1 2AF,5,08 June 2025,Reading,5,5,5,-0.9750786,51.4556656
KFC @ Moto Services Westbound,Restaurant/Cafe/Canteen,Motorway Service Area,Burghfield,Reading,RG30 3UQ,5,23 February 2026,West Berkshire,0,0,0,-1.03690481,51.423748
KFC at Forbury Retail Park,Takeaway/sandwich shop,Forbury Road,Reading,,RG1 3JD,4,23 April 2026,Reading,5,10,5,,
KFC at Moto Services Eastbound,Restaurant/Cafe/Canteen,Motorway Service Area,Burghfield,Reading,RG30 3UQ,5,30 December 2024,West Berkshire,0,0,0,-1.03690481,51.423748
KFC at Reading Gate Retail Park,Takeaway/sandwich shop,,Reading,,RG2 0QG,5,05 April 2025,Reading,5,5,5,,
KFC at Reading Retail Park,Takeaway/sandwich shop,Oxford Road,Reading,,RG30 1PR,5,01 August 2025,Reading,0,5,0,,
KFC Reading Road,Restaurant/Cafe/Canteen,K F C,115 Reading Road,Yateley,GU46 7LR,5,24 June 2024,Hart,5,5,5,-0.8292702,51.3418922
Kicking Goat Cider,Distributors/Transporters,Unit A Church Farm Reading Road,Woodcote,Reading,RG8 0QX,Exempt,N/A,South Oxfordshire,,,,-1.07056868,51.5345764
King Wok,Takeaway/sandwich shop,21 High Street,Theale,Reading,RG7 5AH,5,13 May 2025,West Berkshire,5,5,5,-1.07566214,51.4375229
Kingdom Coffee,Distributors/Transporters,1 Bridgewater Close,Reading,,RG30 1JT,5,19 March 2025,Reading,5,5,5,-1.00562918,51.4612274
Kingdom Family,Retailers - supermarkets/hypermarkets,Unit 55 Milford Road,Reading,,RG1 8LG,AwaitingInspection,N/A,Reading,,,,-0.9818826,51.46232
Kingfisher Kindergarten,Caring Premises,Chiltern Edge School Reades Lane,Sonning Common,Reading,RG4 9LN,5,09 January 2019,South Oxfordshire,5,5,5,-0.990322,51.5136642
Kings academy Prospect,School/college/university,Cockney Hill,Tilehurst,Reading,RG30 4EX,5,23 August 2022,Reading,5,5,5,,
Kings Chef,Takeaway/sandwich shop,19 London Road,Reading,,RG1 5BJ,2,14 July 2026,Reading,15,15,10,-0.9663103,51.4507179
Kings Food and Wine,Retailers - other,91-93 Kings Road,Reading,,RG1 3DD,0,27 February 2026,Reading,15,20,20,-0.9635201,51.4550972
Kings Grill,Takeaway/sandwich shop,16 Kings Road,Reading,,RG1 3AA,4,15 May 2025,Reading,5,5,10,-0.9679599,51.4547844
Kings Road News & Off Licence,Retailers - other,83 Kings Road,Reading,,RG1 3DD,4,07 December 2024,Reading,10,0,10,-0.9638237,51.4550362
Kites Kitchen at Sonning Common Primary School,School/college/university,Grove Road,Sonning Common,Reading,RG4 9RJ,5,10 December 2025,South Oxfordshire,0,5,5,,
Knockhill - The Paddock,Restaurant/Cafe/Canteen,Knockhill Racing Circuit Saline Fife,,,KY12 9TF,Pass,18 May 2026,Fife,,,,-3.509009,56.1313972
Kobeda Palace,Restaurant/Cafe/Canteen,409 Oxford Road,Reading,,RG30 1HA,3,17 June 2025,Reading,10,10,10,-0.9962997,51.4567032
Kokoro,Takeaway/sandwich shop,29 Queen Victoria Street,Reading,,RG1 1SY,3,13 October 2025,Reading,10,10,10,-0.9722662,51.45593
"KOOSA Kids Breakfast, After School and Holiday Club at The Heights Primary School, Caversham",School/college/university,129 Upper Woodcote Road Caversham,Reading,,RG4 7LB,5,31 March 2026,Reading,5,0,5,-0.9962644,51.476944
Krinfio Co. Ltd,Retailers - other,142-143 Friar Street,Reading,,RG1 1EX,AwaitingInspection,N/A,Reading,,,,-0.9728429,51.4565277
Krispy Kreme,Takeaway/sandwich shop,Station Approach,Reading,,RG1 1LT,5,30 July 2025,Reading,0,0,0,-0.972663939,51.45874
Krispy Kreme Doughnuts at The Oracle,Takeaway/sandwich shop,Bridge Street,Reading,,RG1 2AG,5,10 December 2024,Reading,0,0,0,,
Kungfu Kitchen,Restaurant/Cafe/Canteen,62 Christchurch Road,Reading,,RG2 7AZ,3,10 November 2025,Reading,10,10,10,-0.9558559,51.44283
Kyaneez,Restaurant/Cafe/Canteen,103 Basingstoke Road,Reading,,RG2 0HA,5,01 April 2026,Reading,5,5,5,-0.967304,51.4385757
L2H Seasonings,Manufacturers/packers,Flat 204 Skylark House Drake Way,Reading,,RG2 0PA,4,14 March 2025,Reading,5,5,10,-0.9770278,51.4328537
La Baguetterie,Takeaway/sandwich shop,5 The Clock House 22 - 24 High Street,Theale,Reading,RG7 5AW,5,10 January 2025,West Berkshire,5,5,5,-1.07555187,51.43728
La Bella Café,Restaurant/Cafe/Canteen,33 Prospect Street Caversham,Reading,,RG4 8JB,4,07 May 2025,Reading,10,5,5,-0.9714449,51.4685135
La Mamaia,Retailers - other,479 Oxford Road,Reading,,RG30 1HF,5,15 August 2024,Reading,5,5,5,-0.9991081,51.4572868
Ladbroke Racing Ltd,Restaurant/Cafe/Canteen,Ladbroke Racing Ltd,31 Titchfield Street,Kilmarnock,KA1 1QW,Exempt,01 September 2017,East Ayrshire,,,,-4.497641,55.6066628
Laddu Box,Restaurant/Cafe/Canteen,19-23 Kings Walk King Street,Reading,,RG1 2HG,3,19 January 2026,Reading,10,10,10,-0.9696329,51.45463
Laithwaite's Wine,Retailers - other,1 Waterside Drive,Theale,Reading,RG7 4SW,5,24 February 2015,West Berkshire,0,0,0,-1.06955743,51.4364624
Lakeside Care Home,Caring Premises,25 Whiteknights Road,Reading,Berkshire,RG6 7BY,5,12 May 2026,Reading,5,5,5,-0.9396057,51.4455757
Lakhe,Retailers - other,55 St Marys Butts,Reading,,RG1 2LG,AwaitingInspection,N/A,Reading,,,,-0.9743673,51.4546547
Las Iguanas at The Oracle,Pub/bar/nightclub,Bridge Street,Reading,,RG1 2AG,5,10 April 2026,Reading,5,5,5,,
Laura's Cookies,Other catering premises,Unit 3 Paddock Road Caversham,Reading,,RG4 5BY,5,23 July 2025,Reading,5,0,0,-0.9558868,51.4647
Laz Tadim,Takeaway/sandwich shop,,2A Hudson Road,Woodley,RG5 4EW,5,14 August 2025,Wokingham,5,5,5,-0.893251,51.4470367
Lazaro Store Limited,Retailers - other,7 Whitley Street,Reading,,RG2 0EG,4,01 September 2024,Reading,5,5,10,-0.9656221,51.44615
Le Caffe Aroma @ Westcoast Ltd,Restaurant/Cafe/Canteen,Arrowhead Park Arrowhead Road,Theale,Reading,RG7 4AH,5,28 October 2025,West Berkshire,0,0,0,-1.07076561,51.4325066
League of Friends Store Maternity Ward at Royal Berkshire Hospital,Takeaway/sandwich shop,London Road,Reading,,RG1 5AN,5,01 November 2019,Reading,0,0,0,-0.9561154,51.4519424
Leander Service Station,Retailers - other,Motor Fuel Bath Road,Padworth,Reading,RG7 5HT,4,20 June 2016,West Berkshire,10,5,0,,
Lebanese Village Reading,Restaurant/Cafe/Canteen,6 Bridge Street Caversham,Reading,,RG4 8AA,5,24 September 2025,Reading,5,5,0,-0.9771378,51.4665833
Lee's Garden,Takeaway/sandwich shop,Honey End Lane,Reading,,RG30 4AA,3,03 October 2024,Reading,10,10,5,,
Let's Eat Trading Limited T/as The Avenue Deli,Restaurant/Cafe/Canteen,100 Royal Avenue,Calcot,Reading,RG31 4UT,5,10 June 2026,West Berkshire,5,5,5,-1.04663646,51.44269
Library Cafe,Restaurant/Cafe/Canteen,Library Building University Of Reading,Whiteknights,PO Box 219,RG6 6AE,5,12 March 2025,Wokingham,5,0,5,-0.945634,51.4576263
Lidl,Retailers - supermarkets/hypermarkets,Unit 2 & 6 Reading Retail Park Oxford Road,Reading,,RG30 1PR,5,01 March 2026,Reading,0,0,0,-1.0124284,51.4609947
Lidl,Retailers - supermarkets/hypermarkets,565-575 Basingstoke Road,Reading,,RG2 0SJ,4,13 February 2025,Reading,5,10,5,-0.9681059,51.4216881
Lidl Great Britain Limited,Retailers - supermarkets/hypermarkets,Lidl Bath Road,Calcot,Reading,RG30 2HB,5,03 April 2018,West Berkshire,0,0,0,,
Lidl Great Britain Ltd,Retailers - supermarkets/hypermarkets,289-291 Oxford Road,Reading,,RG30 1AS,5,01 March 2024,Reading,0,0,0,-0.9911518,51.4551773
Life & Space Limited,Mobile caterer,84 Longships way,Reading,,RG2 0FZ,AwaitingInspection,N/A,Reading,,,,-0.9730417,51.4309921
Life Care Corporation,Caring Premises,31 Cressingham Road,Reading,,RG2 7RU,5,22 October 2025,Reading,0,0,5,-0.9534906,51.4323845
Lina Tandoori,Takeaway/sandwich shop,16 Whitchurch Road,Pangbourne,Reading,RG8 7BP,3,23 September 2025,West Berkshire,10,10,10,-1.086075,51.4845238
Lincoln Coffee House,Restaurant/Cafe/Canteen,10-12 King Street,Reading,,RG1 2HF,5,07 May 2026,Reading,5,5,5,-0.9702218,51.45468
Lincoln Coffee House,Takeaway/sandwich shop,60 Kings Road,Reading,,RG1 3AA,5,08 November 2024,Reading,0,5,5,-0.9659626,51.4546432
Liquor & Vape Shop,Retailers - other,27 School Road,Reading,,RG31 5AR,4,17 March 2026,Reading,5,5,10,-1.03688335,51.4603729
Little Acorns,Caring Premises,Moulton Community Centre,Reedings,Moulton,NN3 7AX,5,10 September 2025,West Northamptonshire,5,5,0,-0.8419196,52.29013
Little Apron,Restaurant/Cafe/Canteen,6 Crown Colonade London Road,Reading,,RG1 5BA,5,03 September 2025,Reading,5,5,5,,
Little Badgers Pre-School,School/college/university,Armour Hill,Tilehurst,Reading,RG31 6JH,5,25 October 2019,Reading,0,0,0,-1.03278458,51.46481
Little Birches Nursery & Preschool,Caring Premises,Horsepond Road,Gallowstree Common,Reading,RG4 9BT,5,25 February 2026,South Oxfordshire,5,5,5,,
Little Dragons Nursery,Caring Premises,57-59 Bath Road,Reading,,RG30 2BA,5,11 March 2026,Reading,5,5,5,-0.9981517,51.4470444
Little Gems Day Nursery,Caring Premises,Red Cross Centre 1 Readon Close,,Petersfield,GU31 4BN,5,25 March 2025,East Hampshire,0,0,5,-0.9298574,51.00743
Little Learners Nursery,Caring Premises,Building 196 Whiteknights House University Of Reading,Shinfield Road,Reading,RG6 6UR,5,14 April 2026,Wokingham,5,5,5,-0.947044,51.44061
Little Oaks,Caring Premises,Mortimer St. John's C.e. Infant School The Street,Mortimer Common,Reading,RG7 3RD,5,16 January 2025,West Berkshire,0,0,0,,
Little Petals Day Nursery,Caring Premises,23C Wood Lane,Sonning Common,Reading,RG4 9SJ,5,02 April 2025,South Oxfordshire,5,5,5,-0.9817715,51.5167274
Little Tots Montessori Nursery,Caring Premises,59 Prince Of Wales Avenue,Reading,,RG30 2UJ,5,27 January 2026,Reading,0,5,0,-0.9937369,51.45412
Local Xpress,Retailers - other,29 Hildens Drive,Tilehurst,Reading,RG31 5HY,Exempt,N/A,West Berkshire,,,,-1.05002224,51.4554749
Loddon Brewery,Manufacturers/packers,Dunsden Green Farm Church Lane,Dunsden,Reading,RG4 9QD,3,04 March 2026,South Oxfordshire,5,10,10,-0.9413434,51.4893265
Lois Afro Shop,Retailers - other,273 Oxford Road,Reading,,RG1 7PY,1,24 September 2025,Reading,10,15,20,-0.9894165,51.4555473
Lola Lo's,Restaurant/Cafe/Canteen,126 Friar Street,Reading,,RG1 1EP,4,16 April 2025,Reading,10,10,0,-0.9739372,51.4565125
Londis,Retailers - other,28 - 30 Reading Road,Pangbourne,Reading,RG8 7LY,5,11 September 2025,West Berkshire,5,5,5,-1.08413625,51.48353
Londis,Retailers - other,286 Gosbrook Road,Caversham,Reading,RG4 8EB,5,17 December 2024,Reading,0,0,5,-0.9633339,51.46587
Londis,Retailers - supermarkets/hypermarkets,526-528 Northumberland Avenue,Reading,,RG2 8NY,2,28 October 2025,Reading,15,5,10,-0.9593615,51.4196053
Londis - Leander,Retailers - supermarkets/hypermarkets,182-184 Henley Road,Reading,,RG4 5DL,5,23 July 2025,Reading,5,5,5,-0.9533924,51.471283
Londis Kennet Island,Retailers - other,Whale Avenue,Reading,,RG2 0GX,4,12 August 2025,Reading,0,5,10,,
Londis Reading Rose Kiln,Retailers - other,Rajan Service Station Rose Kiln Lane,Reading,,RG2 0HP,AwaitingInspection,N/A,Reading,,,,,
Longbridge Mill,Pub/bar/nightclub,The Longbridge Mill,Reading Road,Sherfield-on-Loddon,RG27 0DL,5,17 June 2025,Basingstoke and Deane,5,5,0,-1.021216,51.3186531
Loon Tin,Takeaway/sandwich shop,14 West End Road,Mortimer Common,Reading,RG7 3SY,5,23 September 2025,West Berkshire,5,5,5,-1.06319189,51.376152
Love by Lucy and Liam Ltd,Restaurant/Cafe/Canteen,Merlin House Commerce Park Brunel Road,Theale,Reading,RG7 4AB,5,06 February 2024,West Berkshire,0,0,0,-1.07407165,51.4343529
Low Moor Club,Pub/bar/nightclub,Low Moor Reading Room And Club,St Pauls Street,Clitheroe,BB7 2LS,4,23 November 2022,Ribble Valley,5,5,10,-2.410597,53.870533
LuvMuffin,Mobile caterer,7 Winton Road,Reading,,RG2 8HH,AwaitingInspection,N/A,Reading,,,,-0.953334,51.42285
Lyndhurst Arms,Pub/bar/nightclub,88 Queens Road,Reading,,RG1 4DG,4,17 March 2026,Reading,5,10,5,-0.9613512,51.45364
Lyndhurst Rest Home,Caring Premises,Lyndhurst Road,Goring,Reading,RG8 9BL,5,16 June 2026,South Oxfordshire,5,5,5,,
M & A Convenience Store,Retailers - other,2 Duke Street,Reading,,RG1 4RU,5,19 August 2025,Reading,0,0,0,-0.9692391,51.45486
M & M Food and Wine,Retailers - other,55-57 Wokingham Road,Reading,,RG6 1LH,1,10 December 2025,Reading,10,15,20,-0.9374934,51.449173
M's Smokehouse,Restaurant/Cafe/Canteen,93 Basingstoke Road,Reading,,RG2 0HA,4,16 February 2026,Reading,5,5,10,-0.9675016,51.43893
Mac's Coffee,Restaurant/Cafe/Canteen,33 Castle Street,Reading,,RG1 7SB,3,27 July 2026,Reading,10,10,10,-0.975339,51.4530334
Mac's Deli - Reading,Takeaway/sandwich shop,Blue Collar Corner 15 Hosier Street,Reading,,RG17QL,3,26 March 2026,Reading,10,10,10,,
Mac’s Deli,Restaurant/Cafe/Canteen,22 Theale Lakes Business Park Moulden Way,Sulhamstead,Reading,RG7 4GB,4,02 October 2025,West Berkshire,10,5,5,-1.069791,51.42554
Mad Hatters Pottery Painting Cafe,Restaurant/Cafe/Canteen,114-116 School Road,Tilehurst,Reading,RG31 5AX,5,12 February 2025,Reading,5,5,5,-1.04266953,51.45763
Madni Halal Meat Reading,Retailers - other,232 Shinfield Road,Reading,,RG2 8EX,4,07 July 2024,Reading,10,5,5,-0.9463056,51.42831
Madoo,Restaurant/Cafe/Canteen,10-12 Duke Street,Reading,,RG1 4RU,4,13 January 2026,Reading,10,5,5,-0.9690299,51.4545631
Madras Flavours,Restaurant/Cafe/Canteen,11-13 Kings Road,Reading,,RG1 3AR,2,29 June 2026,Reading,15,15,10,-0.9684282,51.45508
Mai Sushi,Retailers - other,Marks & Spencers 12 Broad Street,Reading,,RG1 2BH,5,26 November 2025,Reading,0,5,5,-0.9707529,51.4560242
Maiden Erlegh Chiltern Edge School,School/college/university,Chiltern Edge Secondary School Reades Lane,Sonning Common,Reading,RG4 9LN,5,18 September 2025,South Oxfordshire,5,0,5,-0.990322,51.5136642
Maiden Erlegh Trust at Hamilton School,School/college/university,135 Bulmershe Road,Reading,,RG1 5SG,5,28 November 2024,Reading,5,0,5,-0.9396912,51.4462357
Maiden Erleigh School Reading,School/college/university,81 Crescent Road,Reading,,RG1 5SL,4,17 March 2026,Reading,10,5,5,-0.9404898,51.44779
Majestic Wine,Retailers - other,Caversham Road,Reading,,RG1 8AL,Exempt,N/A,Reading,,,,,
Majid & Sons,Retailers - other,Basildon Service Station Reading Road,Lower Basildon,Reading,RG8 9NL,5,21 February 2017,West Berkshire,5,5,5,-1.12276638,51.5040627
Makan Malaysia UK LLP,Takeaway/sandwich shop,Milford Road,Reading,,RG1 8LG,5,20 May 2025,Reading,5,5,5,-0.9811278,51.4623871
Mal'va,Restaurant/Cafe/Canteen,21 Sidmouth Street,Reading,,RG1 4QZ,5,14 May 2025,Reading,5,5,5,-0.963387,51.452076
Malacca,Restaurant/Cafe/Canteen,94 Reading Road,Farnborough,Hampshire,GU14 6NL,5,24 February 2026,Rushmoor,5,0,0,-0.744599,51.2805977
Malaysia Chef,Takeaway/sandwich shop,14 Hildens Drive,Tilehurst,Reading,RG31 5HU,5,30 April 2025,West Berkshire,5,5,5,-1.049744,51.4552
Malik Brothers Halal Meat at Best Foods,Retailers - other,129-131 Oxford Road,Reading,,RG1 7UU,4,12 May 2026,Reading,5,5,10,-0.9817197,51.4547462
Malinka Cash & Carry,Distributors/Transporters,Unit 2 Little Johns Lane,Reading,,RG30 1RA,4,06 January 2025,Reading,5,5,10,-1.00140727,51.4620819
Mallu Nest,Takeaway/sandwich shop,124 London Road,Reading,,RG1 5AY,1,13 June 2025,Reading,15,15,20,-0.9487367,51.4527168
Malmaison Hotel,Hotel/bed & breakfast/guest house,18-20 Station Road,Reading,Berkshire,RG1 1JX,5,25 October 2024,Reading,0,5,0,-0.9719403,51.4576263
Mama Daniela Pizzeria,Restaurant/Cafe/Canteen,521 Oxford Road,Reading,,RG30 1HF,AwaitingInspection,N/A,Reading,,,,-1.00055373,51.4576569
Mama's Way,Restaurant/Cafe/Canteen,10-12 Duke Street,Reading,,RG1 4RU,5,15 October 2025,Reading,5,5,0,-0.9690299,51.4545631
Mamafrika Tropic Food,Retailers - other,385 Oxford Road,Reading,,RG30 1HA,4,19 March 2026,Reading,0,10,10,-0.9951678,51.45647
Mandy’s Food & Wine,Retailers - other,Unit 22 Meadway Shopping Centre Meadway Precinct Honey End Lane,Reading,,RG30 4AA,4,19 March 2026,Reading,5,10,5,-1.017291,51.4497147
Mangiare,Takeaway/sandwich shop,6 Kings Road,Reading,,RG4 8DT,5,09 May 2026,Reading,5,5,5,-0.9657927,51.46536
Manzano's Peri Peri,Restaurant/Cafe/Canteen,41 Oxford Road,Reading,,RG1 7QG,4,16 October 2025,Reading,10,5,5,,
MAP Food and Wine,Retailers - other,255 London Road,Reading,,RG1 3NY,4,19 September 2025,Reading,5,5,10,-0.9464236,51.453804
Market House,Hotel/bed & breakfast/guest house,1-2 Market Place,Reading,,RG1 2EQ,5,07 November 2025,Reading,5,5,0,-0.9689392,51.4554
Marks & Spencer,Retailers - supermarkets/hypermarkets,12 Broad Street,Reading,,RG1 2BH,5,24 July 2025,Reading,0,5,5,-0.9707529,51.4560242
Marks & Spencer Simply Foods Eastbound,Retailers - other,Marks & Spencer Foodhall,Burghfield,Reading,RG30 3UQ,5,27 August 2013,West Berkshire,0,5,0,,
Marks & Spencer Simply Foods Level 2 Main Ent Royal Berkshire Hospital,Retailers - other,London Road,Reading,,RG1 5AN,5,30 October 2024,Reading,0,5,0,-0.9561154,51.4519424
Marks & Spencer Simply Foods Westbound,Retailers - other,Marks & Spencer Foodhall,Burghfield,Reading,RG30 3UQ,5,14 October 2024,West Berkshire,5,5,5,,
Marks And Spencer,Restaurant/Cafe/Canteen,Marks And Spencer Unit 5,Roaring Meg Retail Park,London Road,SG1 1XN,5,27 March 2025,Stevenage,0,0,0,-0.1982014,51.8913422
Marloe Watch Company,Retailers - other,Blounts Farm Blounts Court Road,Sonning Common,Reading,RG4 9PA,Exempt,N/A,South Oxfordshire,,,,-0.9698511,51.5197525
Marmaris Kebabs,Mobile caterer,169 Caversham Road,Reading,,RG1 8BB,4,25 March 2026,Reading,5,5,10,-0.9765322,51.4634056
Marugame,Restaurant/Cafe/Canteen,Unit R2 The Riverside The Oracle,Reading,,RG1 2AG,5,03 May 2025,Reading,5,5,5,,
Mary Seacole Day Nursery at MAPP Centre,Caring Premises,22-24 Mount Pleasant,Reading,,RG1 2TD,5,11 June 2025,Reading,5,5,5,-0.9668203,51.4478874
Mary Stores,Retailers - other,27 St Georges Terrace,Reading,,RG30 2QN,5,25 February 2025,Reading,5,5,5,-1.00875962,51.45825
Masakali,Other catering premises,93-97 Caversham Road,Reading,,RG1 8AN,4,14 July 2025,Reading,5,10,5,-0.9752902,51.46166
Masala Magik,Takeaway/sandwich shop,375 Oxford Road,Reading,,RG30 1HA,AwaitingInspection,N/A,Reading,,,,-0.9948676,51.45638
Masonic Hall,Pub/bar/nightclub,,7 Reading Road,Wokingham,RG41 1EG,4,10 December 2025,Wokingham,5,10,5,-0.840949,51.4139175
Masooms,Restaurant/Cafe/Canteen,High Street,Goring,Reading,RG8 9AT,5,23 October 2025,South Oxfordshire,5,5,5,,
Master Fryer at Milestone Way Precinct,Takeaway/sandwich shop,7a Cavendish Road,Emmer Green,Reading,RG4 8XU,5,25 June 2025,Reading,0,5,5,-0.9623245,51.48315
Matchasty London,Retailers - other,260-262 Kentwood Hill,Reading,,RG31 6DR,4,24 July 2026,Reading,5,10,5,-1.02935839,51.46904
Maurice's Ice Cream,Restaurant/Cafe/Canteen,The Forbury,Reading,,,3,28 July 2026,Reading,10,10,10,-0.967952132,51.45638
Mavis Food and Wine at Reading Rail Station Concourse,Retailers - other,Station Approach,Reading,,RG1 1LT,5,26 September 2017,Reading,0,0,5,-0.972663939,51.45874
McCafferty's,Pub/bar/nightclub,13-14 Friar Street,Reading,,RG1 1DB,4,11 August 2025,Reading,5,5,10,-0.9713675,51.4568558
McDonalds,Restaurant/Cafe/Canteen,287 Oxford Road,Reading,,RG30 1AS,5,15 May 2025,Reading,5,5,5,-0.9905087,51.45562
McDonalds (Franchise),Restaurant/Cafe/Canteen,128-129 Friar Street,Reading,Berkshire,RG1 1EP,5,30 July 2025,Reading,0,0,0,-0.9737787,51.45652
McDonalds at Forbury Retail Park,Restaurant/Cafe/Canteen,Kenavon Drive,Reading,,RG1 3HS,5,26 September 2025,Reading,0,5,5,-0.96113354,51.4573174
McDonalds at Reading Gate Retail Park,Restaurant/Cafe/Canteen,,Reading,,RG2 0QG,5,04 August 2025,Reading,0,0,5,,
McDonalds at The Oracle,Restaurant/Cafe/Canteen,Bridge Street,Reading,,RG1 2AG,5,07 August 2026,Reading,0,0,0,,
McDonalds Restaurant,Restaurant/Cafe/Canteen,Mcdonald's Savacentre Bath Road,Calcot,Reading,RG31 7SA,5,16 September 2025,West Berkshire,0,0,0,-1.06152284,51.4429855
Me Kong,Restaurant/Cafe/Canteen,St Lawrence House Abbey Square,Reading,,RG1 3AG,5,03 February 2026,Reading,5,5,5,-0.9670817,51.4554367
Meadway News,Retailers - other,151 The Meadway,Tilehurst,Reading,RG30 4AP,5,04 April 2025,Reading,0,5,5,-1.02451539,51.4512978
Meat Wala,Retailers - other,Unit 19-20 Meadway Shopping Centre,Tilehurst,Reading,RG30 4AA,4,14 April 2025,Reading,0,10,10,,
Meat Wala,Retailers - other,61 St Mary's Butts,Reading,,RG1 2LG,3,03 March 2026,Reading,10,10,5,-0.9744754,51.4549675
Memory of Sichuan,Restaurant/Cafe/Canteen,109 Friar Street,Reading,,RG1 1EP,4,07 April 2026,Reading,5,5,10,-0.9745715,51.4564629
Mendes Catering,Mobile caterer,35 Donnington Gardens,Reading,,RG1 5LY,AwaitingInspection,N/A,Reading,,,,-0.9506731,51.44861
Menkind Ltd,Retailers - other,L17 The Lower Mall The Oracle Bridge Street,Reading,,RG1 2AQ,Exempt,N/A,Reading,,,,,
Mercure Newbury West Grange Hotel,Hotel/bed & breakfast/guest house,West Grange Hotel Coxs Lane,Midgham,Reading,RG7 5UP,5,01 September 2025,West Berkshire,5,5,5,,
Merkur Slots,Other catering premises,104 - 105 Friar Street,Reading,,RG1 1EP,5,17 July 2024,Reading,5,0,0,-0.9751948,51.4564362
Mezzo La Strada,Mobile caterer,Sunnyside Reading Road,Burghfield Common,Reading,RG7 3EG,AwaitingInspection,N/A,West Berkshire,,,,-1.06576109,51.39463
Mezzo La Strada Mobile Van,Mobile caterer,Broad Street,Reading,Berkshire,,5,24 June 2019,Reading,0,0,0,-0.971294761,51.45551
MFG Shinfield Service Station,Retailers - other,211 Shinfield Road,Reading,,RG2 8HA,5,14 September 2024,Reading,5,5,5,-0.945974,51.427578
Miah's of Pangbourne,Restaurant/Cafe/Canteen,26 Reading Road,Pangbourne,Reading,RG8 7LY,3,30 September 2025,West Berkshire,10,10,10,-1.08430815,51.4835739
Micklands Pre-School,Caring Premises,Micklands Road,Caversham,Reading,RG4 6LU,5,20 March 2026,Reading,0,0,0,,
Mighty Allstars at Downsway Primary School,Caring Premises,Downsway Primary School Warbreck Drive,Tilehurst,Reading,RG31 6FE,5,10 March 2026,West Berkshire,5,0,5,-1.05049992,51.470787
Mighty Allstars at Long Lane Primary School,Caring Premises,Long Lane Primary School Long Lane,Tilehurst,Reading,RG31 6YG,5,01 December 2025,West Berkshire,0,0,0,,
Milanoz King Pizza,Takeaway/sandwich shop,136 Wokingham Road,Reading,,RG6 1JL,3,08 June 2026,Reading,10,10,10,-0.9383545,51.4492722
Milk Bar Reading,Pub/bar/nightclub,8 Merchants Place,Reading,Berkshire,RG1 1DT,5,19 March 2025,Reading,0,0,0,-0.9734715,51.45738
Miller & Carter at The Oracle,Restaurant/Cafe/Canteen,Bridge Street,Reading,,RG1 2AG,5,18 March 2026,Reading,0,5,5,,
Miller & Carter Caversham,Pub/bar/nightclub,109 Kidmore Road,Caversham,Reading,RG4 7NH,5,16 October 2025,Reading,5,5,5,-0.9855472,51.4801369
Miller & Carter Stevenage,Restaurant/Cafe/Canteen,Miller & Carter Stevenage Unit 13,Roaring Meg Retail Park,London Road,SG1 1XH,4,07 January 2025,Stevenage,0,10,5,,
Millie's Cookies The Oracle,Retailers - other,Bridge Street,Reading,,RG1 2AH,4,23 October 2025,Reading,5,10,5,,
Mini Market,Retailers - other,29 Whitley Street,Reading,,RG2 0EG,AwaitingInspection,N/A,Reading,,,,-0.9654033,51.4456444
Mini Mo’z Kebabs,Takeaway/sandwich shop,27 Prospect Street Caversham,Reading,,RG4 8JB,AwaitingInspection,N/A,Reading,,,,-0.9715831,51.4684143
Mini Oaks Preschool,Caring Premises,St Marys Church Church Lane,Burghfield,Reading,RG30 3TG,5,04 June 2025,West Berkshire,0,0,0,-1.03665459,51.41079
Miniso,Retailers - other,11 Broad Street,Reading,,RG1 2BH,Exempt,N/A,Reading,,,,-0.9707038,51.4556465
Ministry Of Drinks,Retailers - other,6B High Street,Pangbourne,Reading,RG8 7AB,5,20 July 2022,West Berkshire,0,5,5,-1.08723152,51.4836769
Miquill,Other catering premises,New Town Primary School School Terrace,Reading,,RG1 3LS,AwaitingInspection,N/A,Reading,,,,,
Miquill Catering at Kidmore End CE Primary School,School/college/university,Chalkhouse Green Road,Kidmore End,Reading,RG4 9AU,AwaitingInspection,N/A,South Oxfordshire,,,,,
MJ Butequim,Other catering premises,1a Buckland Road,Reading,,RG2 7SP,4,29 October 2025,Reading,10,5,5,-0.9679163,51.433754
MK Food & Wine,Retailers - other,598-602 Oxford Road,Reading,,RG30 1EG,3,03 May 2026,Reading,10,10,10,-1.00474,51.4590874
Mleczko Delikatesy,Retailers - other,30 West Street,Reading,,RG1 1TZ,5,29 January 2025,Reading,0,5,5,-0.9758825,51.4557648
MNKY Lounge,Pub/bar/nightclub,30 Erleigh Road,Reading,,RG1 5NA,4,14 November 2025,Reading,5,5,10,-0.951,51.44949
Mo Mo 2 Go,Other catering premises,172 Oxford Road,Reading,,RG1 7PL,3,13 July 2026,Reading,10,10,10,-0.988634,51.4557838
Mo's Kebab,Mobile caterer,20-22 Richfield Avenue,Reading,,RG1 8EQ,3,19 May 2026,Reading,5,10,10,-0.9823905,51.464077
Mojo's Bar,Pub/bar/nightclub,Reading University Students' Union,Pepper Lane,Earley,RG6 6EH,5,14 May 2026,Wokingham,5,5,5,-0.9430103,51.440834
Momo Bros,Other catering premises,101 Northumberland Avenue,Reading,,RG2 7PT,5,12 May 2026,Reading,5,5,5,-0.9623216,51.4381447
Momo House,Other catering premises,28 Farnham Drive,Caversham,Reading,RG4 6NY,5,27 February 2025,Reading,5,5,5,-0.946685,51.4780846
Momo Nepal,Restaurant/Cafe/Canteen,13 West Street,Reading,,RG1 1TT,4,10 February 2026,Reading,5,10,5,-0.9754607,51.45596
Mon Cheri,Restaurant/Cafe/Canteen,18 West Street,Reading,,RG1 1TT,5,14 December 2024,Reading,0,5,5,-0.9752929,51.45574
Monkey's Cafe,Restaurant/Cafe/Canteen,9 Greyfriars Road,Reading,,RG1 1NU,3,11 December 2025,Reading,10,10,10,-0.9759526,51.45778
Monkeymoos Highdown,Other catering premises,The Pavillion Surley Row,Reading,,RG4 8LP,3,13 August 2025,Reading,10,10,10,,
MonkeyMoos Huntley Wharf,Other catering premises,Huntley Wharf 2 Kenavon Drive,Reading,,RG1 3DH,3,27 June 2025,Reading,10,10,10,-0.96222,51.45708
Monty's Café,Restaurant/Cafe/Canteen,41 Addington Road,Reading,,RG1 5PZ,5,07 May 2026,Reading,5,0,5,-0.9499289,51.44843
Mooboo Bubble Tea,Takeaway/sandwich shop,39-41 Oxford Road,Reading,,RG1 7QG,5,23 October 2025,Reading,5,5,5,-0.9770197,51.45511
Moogles,Mobile caterer,67 Chichester Road,Reading,,RG30 4XJ,AwaitingInspection,N/A,Reading,,,,-1.03060138,51.45794
Moorlands Rest Home,Caring Premises,987 Oxford Road,Tilehurst,Reading,RG31 6TN,5,07 August 2025,Reading,5,5,5,-1.03052545,51.47104
Morrisons,Retailers - supermarkets/hypermarkets,Basingstoke Road,Reading,,RG2 0HB,5,06 July 2025,Reading,5,5,5,,
Morrisons Daily,Retailers - other,Milestone Way,Caversham,Reading,RG4 8XW,5,19 October 2024,Reading,5,5,5,,
Morrisons Daily,Retailers - other,24 Coronation Square,Reading,,RG30 3QN,5,13 August 2026,Reading,5,5,5,-1.01053381,51.4420776
Morrisons Daily,Retailers - other,10 West End Road,Mortimer Common,Reading,RG7 3SY,4,03 October 2024,West Berkshire,0,5,10,-1.06293845,51.3761559
Morrisons Daily,Retailers - other,56-58 Wensley Road,Reading,,RG1 6DJ,4,23 July 2025,Reading,10,0,10,-0.9855496,51.44558
Morrisons Petrol,Retailers - other,Basingstoke Road,Reading,,RG2 0HB,5,27 July 2024,Reading,0,5,5,,
Mortimer Bistro,Restaurant/Cafe/Canteen,6 Victoria Road,Mortimer Common,Reading,RG7 3SE,5,09 June 2025,West Berkshire,0,0,0,-1.0627774,51.37675
Mortimer Brewing Company,Manufacturers/packers,Butlers Lands Farm,Mortimer,Reading,RG7 2AG,AwaitingInspection,N/A,West Berkshire,,,,-1.04332626,51.3595467
Mortimer Cafe,Restaurant/Cafe/Canteen,38 Victoria Road,Mortimer Common,Reading,RG7 3SE,5,02 March 2026,West Berkshire,0,5,0,-1.065543,51.3771133
Mortimer Community College,School/college/university,Mortimer Community College. Mortimer,Reading Road,South Shields,NE33 4UG,5,09 September 2025,South Tyneside,5,5,0,,
Mortimer West End Chapel,Restaurant/Cafe/Canteen,Chapel Of The Countess Of Huntingdons,Chapel Lane,Padworth Common,RG7 4QE,5,28 January 2025,Basingstoke and Deane,0,0,5,-1.11560535,51.3731575
Mosaic's Peri Peri,Takeaway/sandwich shop,51 Wokingham Road,Reading,,RG6 1LH,2,18 March 2026,Reading,15,5,10,-0.9376669,51.4492
Mother Kellys Fish And Chips,Takeaway/sandwich shop,Mother Kellys Fish & Chips,44 The Parade,Reading Road,GU46 7UN,4,14 May 2026,Hart,,,,,
Moulsford PFS,Retailers - other,47 Reading Road,Cholsey,Wallingford Oxon,OX10 9HW,5,02 July 2026,South Oxfordshire,5,5,5,-1.14635408,51.5638466
Moulsford Service Station,Retailers - other,Gibbs Garage Reading Road,Moulsford,Wallingford Oxon,OX10 9HP,4,14 October 2025,South Oxfordshire,5,10,5,,
Mr Cod,Takeaway/sandwich shop,225 Shinfield Road,Reading,,RG2 8HD,5,21 July 2026,Reading,5,5,5,-0.9462326,51.4271049
Mr Cod,Takeaway/sandwich shop,155-161 Caversham Road,Reading,,RG1 8BB,5,17 September 2025,Reading,5,5,5,-0.9762498,51.4631577
Mr Cod,Takeaway/sandwich shop,211 London Road,Reading,,RG1 3NU,5,19 May 2026,Reading,5,5,0,-0.9486384,51.45324
Mr Cod,Takeaway/sandwich shop,65 Whitley Street,Reading,,RG2 0EG,5,07 January 2025,Reading,5,5,5,-0.9649175,51.44486
Mr Cod,Takeaway/sandwich shop,543 Oxford Road,Reading,,RG30 1HJ,2,15 December 2025,Reading,10,15,10,-1.00146961,51.4579
Mr Cod,Takeaway/sandwich shop,176 Oxford Road,Reading,,RG1 7PL,1,13 May 2026,Reading,10,10,20,-0.9887632,51.4558029
Mr Flame Peri Peri,Takeaway/sandwich shop,439 Basingstoke Road,Reading,,RG2 0JF,4,17 February 2026,Reading,5,10,5,-0.9696321,51.42717
Mr Q Chinese Take Away,Takeaway/sandwich shop,38 The Parade,Reading Road,Yateley,GU46 7UN,5,19 December 2024,Hart,5,5,5,-0.8191719,51.34098
Mr Simms,Retailers - other,68 Broad Street,Reading,,RG1 2AF,3,09 April 2026,Reading,5,10,10,-0.9748338,51.4556732
Mr T's Reading,Restaurant/Cafe/Canteen,43-45 Oxford Road,Reading,,RG1 7QE,4,15 July 2026,Reading,5,10,5,-0.9772255,51.4549141
Mr Yucel Timur Mobile Van - DU14 PJJ,Mobile caterer,The Triangle,Tilehurst,Reading Berkshire,,5,11 February 2026,Reading,5,0,5,,
Mrs Bland's Infant & Nursery School,School/college/university,Mrs Blands Infant School Jordans Lane,Burghfield Common,Reading,RG7 3LP,5,07 November 2024,West Berkshire,0,0,0,,
Mrs Peri Peri Kitchen,Takeaway/sandwich shop,549 Oxford Road,Reading,,RG30 1HJ,5,01 October 2025,Reading,5,5,5,-1.00164127,51.4579468
Ms Susan Jane Hubbard,Other catering premises,161 Kidmore Road,Caversham,Reading,RG4 7NJ,5,12 February 2019,Reading,0,0,0,-0.988002,51.4824333
Muffin Break Reading,Restaurant/Cafe/Canteen,Broad Street Mall 213-217 Broad Street,Reading,,RG1 7QH,4,09 February 2026,Reading,10,5,5,-0.9762878,51.4550133
Mulberry Care Home,Caring Premises,155a Wokingham Road,Reading,,RG6 1LP,5,18 February 2026,Reading,5,0,0,-0.9329037,51.4454346
Munchees,Restaurant/Cafe/Canteen,2-3 Butter Market,Reading,,RG1 2DP,4,21 December 2024,Reading,5,10,5,-0.9701349,51.4553452
Munchies Express,Retailers - supermarkets/hypermarkets,7 Royal Avenue,Calcot,Reading,RG31 4UP,5,29 June 2022,West Berkshire,0,0,0,-1.05577755,51.4417877
Munchiies,Restaurant/Cafe/Canteen,65 Wokingham Road,Reading,,RG6 1LH,5,19 June 2021,Reading,5,5,0,-0.9373827,51.4489822
Museum of English Rural Life,Other catering premises,6 Redlands Road,Reading,,RG1 5EX,5,09 January 2026,Reading,0,0,5,-0.95983,51.44904
Mustang kitchen,Takeaway/sandwich shop,18 Lincoln Road,Reading,,RG2 0EX,AwaitingInspection,N/A,Reading,,,,-0.9652639,51.43909
My Cup Of HK Tea,Takeaway/sandwich shop,77-79 Kings Road,Reading,,RG1 3DD,4,12 September 2024,Reading,10,5,5,-0.9640253,51.45503
My Fruit Marketplace,Retailers - other,Blue Collar Corner 15 Hosier Street,Reading,,RG1 7QL,4,08 April 2026,Reading,10,0,0,,
Mywok Chowout,Takeaway/sandwich shop,89 Friar Street,Reading,,RG1 1EL,4,04 March 2026,Reading,5,10,5,-0.9764872,51.456398
M’s Bakes,Other catering premises,Victoria Arms 54 Victoria Road,Mortimer Common,Reading,RG7 3SE,AwaitingInspection,N/A,West Berkshire,,,,-1.06657255,51.3773537
N Family Club,Caring Premises,3-5 Craven Road,Reading,,RG1 5LF,5,20 November 2025,Reading,5,5,5,-0.9571614,51.45056
N K Food and Wine,Retailers - other,Hardwick Road,Tilehurst,Reading,RG30 4LP,5,06 January 2025,Reading,0,0,0,,
Naaz Foods,Takeaway/sandwich shop,113 Kingsbridge Road,Reading,,RG2 7RG,AwaitingInspection,N/A,Reading,,,,-0.9641561,51.4301872
Namak Mirch,Takeaway/sandwich shop,251 London Road,Reading,,RG1 3NY,3,11 March 2026,Reading,10,10,10,-0.946727,51.45375
Namaste Kitchen at Hook & Tackle,Pub/bar/nightclub,Katesgrove Lane,Reading,,RG1 2ND,3,11 September 2025,Reading,10,10,10,-0.973006845,51.450676
Nando's,Restaurant/Cafe/Canteen,30-31 Friar Street,Reading,,RG1 1AH,5,11 March 2026,Reading,5,5,5,,
Nando's,Restaurant/Cafe/Canteen,Unit B,Reading Gateway,Imperial Way,RG2 0GG,5,21 April 2026,Reading,0,5,0,,
Nando's,Restaurant/Cafe/Canteen,Nando's Unit 8,Roaring Meg Retail Park,London Road,SG1 1XN,5,12 March 2025,Stevenage,0,0,0,-0.1982014,51.8913422
Nando's Chickenland at The Oracle,Restaurant/Cafe/Canteen,Bridge Street,Reading,,RG1 2AG,5,29 June 2026,Reading,5,5,0,,
Nathan's Nibbles,Restaurant/Cafe/Canteen,4 Prospect Street,Caversham,Reading,RG4 8JG,5,22 January 2026,Reading,5,5,0,-0.9729372,51.4677353
Natural Steps After School Club at the Globe,Caring Premises,12 Portman Road,Reading,,RG30 1EA,5,12 August 2025,Reading,0,0,5,-0.9934546,51.4604225
Navara Lodge Residential Rest Home,Caring Premises,1009 Oxford Road,Tilehurst,Reading,RG31 6TL,5,05 June 2025,Reading,0,0,5,-1.03234875,51.471962
Neferititi Market,Retailers - supermarkets/hypermarkets,61 St Marys Butts,Reading,,RG1 2LG,3,03 February 2026,Reading,10,10,10,-0.9744754,51.4549675
Neko Kitchen,Restaurant/Cafe/Canteen,19-23 Kings Walk  King Street,Reading,,RG1 2HG,4,09 April 2026,Reading,10,5,5,-0.9696329,51.45463
Nenthead Community Shop & P O,Retailers - other,The Reading Room,,Nenthead,CA9 3PL,5,26 November 2022,Westmorland and Furness,0,0,0,-2.342317,54.7886658
Neville Hall,Other catering premises,Milley Road,Waltham St Lawrence,Reading,RG10 0JP,Exempt,N/A,Windsor and Maidenhead,,,,,
New Beginnings Reading at Queens Arms,Restaurant/Cafe/Canteen,24 Great Knollys Street,Reading,,RG1 7HL,5,26 June 2025,Reading,5,5,5,-0.9805555,51.4584122
New Bridge Nursery School,Other catering premises,Montague Street Caversham,Reading,,RG4 5AU,5,28 January 2026,Reading,5,0,5,,
New City Fish Bar,Takeaway/sandwich shop,52 Buckland Road,Reading,,RG2 7SW,4,25 February 2025,Reading,0,10,10,-0.96775,51.4334755
New Directions,Other catering premises,330 Northumberland Avenue,Reading,,RG2 8DH,5,05 May 2026,Reading,5,5,5,-0.9616969,51.42762
New Directions at Cedar Court,Restaurant/Cafe/Canteen,30 Whitley Rise,Reading,,RG2 0NS,5,07 March 2025,Reading,0,5,5,-0.9645521,51.4406662
New Happy Garden,Takeaway/sandwich shop,81 Wokingham Road,Reading,,RG6 1LH,1,12 March 2026,Reading,15,15,20,-0.9370285,51.4487457
New Look at The Oracle,Retailers - other,Bridge Street,Reading,,RG1 2AH,Exempt,N/A,Reading,,,,,
New Town Primary School Breakfast Club,Other catering premises,School Terrace,Reading,,RG1 3LS,5,03 July 2025,Reading,0,0,0,,
Newsmasters,Retailers - other,112 Northumberland Avenue,Reading,,RG2 7PP,4,30 January 2026,Reading,0,10,5,-0.9628719,51.43799
Next Thing Education Camps,Other catering premises,110 Ashampstead Road,Reading,,RG30 3LJ,5,04 April 2024,Reading,0,5,5,-1.01595283,51.4417839
Next Thing Education Camps,Other catering premises,St Michaels Primary School Dee Road,Tilehurst,Reading,RG30 4AS,4,31 March 2026,Reading,5,10,5,,
Nibsy's,Mobile caterer,Reading Station North Pitch 1 Trooper Potts Way,Reading,,,5,28 October 2025,Reading,5,5,0,,
Niki Convenience Store,Retailers - other,177-179 Whitley Wood Lane,Reading,Berkshire,RG2 8PW,0,16 October 2025,Reading,20,20,20,-0.96367,51.41711
NineSix,Distributors/Transporters,20-22 Richfield Avenue,Reading,,RG1 8EQ,4,17 October 2024,Reading,5,5,10,-0.9823905,51.464077
Nino's Italian Deli,Retailers - other,10 Reading Road,Pangbourne,Reading,RG8 7LY,5,17 September 2025,West Berkshire,5,5,5,-1.08554459,51.4836731
Nirai,Restaurant/Cafe/Canteen,64 St Marys Butts,Reading,,RG1 2LG,5,19 May 2026,Reading,5,5,5,-0.9747663,51.4550323
Nisa,Retailers - other,1 Recreation Road,Burghfield Common,Reading,RG7 3EN,5,09 March 2016,West Berkshire,0,5,5,-1.06436431,51.39546
Nisa,Retailers - supermarkets/hypermarkets,163-165 Caversham Road,Reading,,RG1 8BB,3,17 May 2025,Reading,10,10,10,-0.9764627,51.463295
Nisa Local,Retailers - supermarkets/hypermarkets,89-91 Basingstoke Road,Reading,,RG2 0HA,3,02 August 2026,Reading,10,10,5,-0.9672929,51.43907
Nisbets PLC,Retailers - other,62 Friar Street,Reading,,RG1 1DX,Exempt,N/A,Reading,,,,-0.9755584,51.45674
Nisha Food & Wine,Retailers - other,106 Queens Road,Reading,,RG1 4DG,5,12 July 2025,Reading,5,5,5,-0.960501,51.4536858
Niyis Ltd,Retailers - other,Sentinel End,Reading,,RG2 0BF,3,22 May 2026,Reading,10,10,10,-0.9718867,51.418026
No 1 Convenience Store,Retailers - other,1 Elgar Road,Reading,c,RG2 0BH,3,19 October 2024,Reading,10,10,10,-0.9727017,51.4480667
No 11 Bistro,Restaurant/Cafe/Canteen,11 Reading Road,Pangbourne,Reading,RG8 7LR,AwaitingInspection,N/A,West Berkshire,,,,-1.08568323,51.4839439
Noa's,Restaurant/Cafe/Canteen,Abbey House 1650 Arlington Business Park,Theale,Reading,RG7 4SA,1,29 April 2026,West Berkshire,10,5,20,-1.06636381,51.43561
Noon Sweet and Savouries,Takeaway/sandwich shop,429 Oxford Road,Reading,,RG30 1HD,4,01 October 2025,Reading,5,10,5,-0.9970439,51.4569
Norcot Food & Wine,Retailers - other,22 Norcot Road,Tilehurst,Reading,RG30 6BU,3,05 November 2025,Reading,10,10,10,-1.03483009,51.46013
Norcot Food Pantry,Restaurant/Cafe/Canteen,Brockley Close,Tilehurst,Reading,RG30 4YP,5,01 August 2025,Reading,0,0,0,,
Norcot Service Station,Retailers - other,856 Oxford Road,Reading,,RG30 1EL,5,22 June 2023,Reading,0,0,0,-1.01296985,51.4625931
Northcourt Lodge Nursing Home,Caring Premises,65 Northcourt Avenue,Reading,,RG2 7HF,5,24 April 2025,Reading,0,5,5,-0.9522019,51.4384079
Northcourt News,Retailers - other,159 Northcourt Avenue,Reading,,RG2 7HG,5,24 April 2025,Reading,0,5,0,-0.9502022,51.43402
Northumberland Day Nursery,Caring Premises,14 Northumberland Avenue,Reading,,RG2 7PW,5,06 June 2025,Reading,0,5,5,-0.9627571,51.4417839
Northumberland Food & Wine,Retailers - other,467 Northumberland Avenue,Reading,,RG2 8LZ,4,06 May 2026,Reading,10,10,0,-0.9591518,51.4231453
Norton Tea Room,Restaurant/Cafe/Canteen,Reading Rooms,Great Street,Norton Sub Hamdon,TA14 6SG,AwaitingInspection,N/A,Somerset,,,,-2.755765,50.9399223
Nosh @,Takeaway/sandwich shop,48a Buckland Road,Reading,,RG2 7SW,2,19 May 2025,Reading,10,15,5,-0.967908,51.4334831
Notes Coffee,Restaurant/Cafe/Canteen,3 Station Hill Square,Reading,,RG1 1LN,5,25 September 2025,Reading,5,5,0,-0.9735346,51.45812
Novotel,Hotel/bed & breakfast/guest house,25b Friar Street,Reading,,RG1 1DP,5,13 May 2025,Reading,5,5,5,-0.9727917,51.4569626
NSSport MJ at Churchend School,School/college/university,Usk Road,Tilehurst,Reading,RG30 4HP,5,27 July 2026,Reading,5,0,5,-1.02783716,51.4503365
NSSport MJ at St Michaels Primary School,School/college/university,Dee Road,Tilehurst,Reading,RG30 4AS,5,28 January 2026,Reading,5,0,5,,
Nutriseed,Manufacturers/packers,119 Loverock Road,Reading,,RG30 1DZ,5,20 February 2026,Reading,5,5,0,-1.00574338,51.4625931
O'Anna's,Restaurant/Cafe/Canteen,Flat 1 1A London Road,Reading,,RG1 5BJ,3,15 April 2026,Reading,10,10,10,-0.9668742,51.4505959
O'Neills,Pub/bar/nightclub,4 Friar Street,Reading,Berkshire,RG1 1DB,5,03 April 2025,Reading,0,5,0,-0.9703916,51.4567337
Oakford Social Club,Pub/bar/nightclub,53 Blagrave Street,Reading,Berkshire,RG1 1PZ,5,06 August 2025,Reading,0,5,5,-0.9716082,51.4576759
Oakhouse Foods Thames Valley,Retailers - other,5 Arkwright Road,Reading,Berkshire,RG2 0LU,4,21 January 2025,Reading,5,10,5,-0.9694441,51.4374542
Ocean Garden,Takeaway/sandwich shop,24 Hildens Drive,Tilehurst,Reading,RG31 5HU,4,05 February 2026,West Berkshire,5,5,10,-1.0493958,51.45533
OCS at Beechwood Grove,Caring Premises,Albert Road,Caversham,Reading,RG4 7AN,5,27 May 2026,Reading,5,5,5,,
OCS Food Co at Thames Water,Restaurant/Cafe/Canteen,Vastern Road,Reading,,RG1 8DB,5,24 April 2025,Reading,5,5,0,,
OCS Food Company @ Tesco Reading,Restaurant/Cafe/Canteen,Imperial Way,Reading,,RG2 0RS,5,19 June 2026,Reading,0,0,0,,
OCS Food Company @ Thames Water,Restaurant/Cafe/Canteen,550 South Oak Way,Reading,,RG2 6AD,3,22 June 2026,Reading,10,5,10,-0.9905839,51.42084
Office Point,Distributors/Transporters,Unit 5-6 Caxton Close Loverock Road Trading Estate,Reading,,RG30 1DZ,AwaitingInspection,N/A,Reading,,,,,
Ohayo Sushi & Wok,Takeaway/sandwich shop,936 Oxford Road,Tilehurst,Reading,RG30 6TJ,5,14 January 2026,Reading,0,5,0,-1.01848531,51.4651756
Oishi,Takeaway/sandwich shop,314 Oxford Roas,Reading,,RG30 1AD,4,25 March 2026,Reading,5,5,10,-0.9949606,51.45673
Old Reading Room Tea-Rooms,Restaurant/Cafe/Canteen,Old Reading Room Gallery,The Street,Kelling,NR25 7EL,5,11 March 2025,North Norfolk,5,5,0,1.11444044,52.9424133
Olive Catering at Hibu Staff Canteen,Restaurant/Cafe/Canteen,23 Forbury Road,Reading,,RG1 3JH,5,03 September 2025,Reading,5,5,5,-0.9676819,51.4581833
Olive Catering Services Ltd @ Cafe 10,Restaurant/Cafe/Canteen,1410 Arlington Business Park,Theale,Reading,RG7 4SA,5,29 November 2024,West Berkshire,0,0,0,-1.06033516,51.43618
Oliver’s Pure Oil,Retailers - other,Flat 10 154 Coley Avenue,Reading,,RG1 6FL,AwaitingInspection,N/A,Reading,,,,,
One Beyond,Retailers - supermarkets/hypermarkets,Unit 1 Vastern Court Caversham Road,Reading,,RG1 8AL,4,28 November 2025,Reading,5,10,5,-0.9735381,51.4608345
One School Global,School/college/university,The Quad 14 Arkwright Road,Reading,,RG2 0LU,AwaitingInspection,N/A,Reading,,,,-0.9706839,51.4367
One Stop,Retailers - other,115A Reading Road,YATELEY,Hampshire,GU46 7LR,5,24 September 2025,Hart,0,5,0,-0.828335,51.3419724
One Stop,Retailers - other,115A Reading Road,YATELEY,Hampshire,GU46 7LR,5,24 September 2025,Hart,0,5,0,-0.828335,51.3419724
One Stop (T&S) Stores,Retailers - other,29 High Street,Theale,Reading,RG7 5AH,5,15 January 2013,West Berkshire,0,0,0,-1.075372,51.4376373
One Stop Shop,Retailers - other,83 Northumberland Avenue,Reading,,RG2 7PT,3,19 September 2025,Reading,10,10,10,-0.9621765,51.43884
OPAC (Older Peoples Activities in Caversham),Restaurant/Cafe/Canteen,Northbrook Road,Caversham,Reading Berkshire,RG4 6PF,5,21 August 2025,Reading,0,5,0,,
Operation Friendship,Other catering premises,15 Elm Court,Sonning Common,Reading,RG4 9ND,Exempt,N/A,South Oxfordshire,,,,-0.9777612,51.5140648
Orchard View Honey,Farmers/growers,Bradfield College Common Hill,Bradfield,Reading,RG7 6AU,5,04 March 2025,West Berkshire,0,0,0,-1.12654674,51.44817
Ori Caffe at John Lewis,Restaurant/Cafe/Canteen,108-113 Broad Street,Reading,,RG1 2BB,5,22 September 2025,Reading,0,5,0,-0.9720641,51.45532
Oriental Express,Takeaway/sandwich shop,20 Farnham Drive,Caversham,Reading,RG4 6NY,3,05 February 2026,Reading,10,10,5,-0.9464445,51.4785233
Oriental Gourmet Chinese,Takeaway/sandwich shop,15 School Road,Tilehurst,Reading,RG31 5AR,4,17 June 2025,Reading,5,10,5,-1.03660631,51.46054
Osaka at the Oracle,Restaurant/Cafe/Canteen,Bridge Street,Reading,,RG1 2AG,5,07 October 2024,Reading,5,5,5,,
Our Coop Little Pioneers,Other catering premises,The Hospitium Valp Street,Reading,,RG1 1AR,AwaitingInspection,N/A,Reading,,,,,
Outdoor Academy,Restaurant/Cafe/Canteen,Unit 4c Grange Lane,Beenham,Reading,RG7 5PP,5,26 May 2021,West Berkshire,0,0,0,-1.146123,51.40506
Overbridge WHSmiths at Reading Rail Station,Retailers - other,Station Approach,Reading,,,Exempt,N/A,Reading,,,,,
Oxfam,Retailers - other,5 The Square,Pangbourne,Reading,RG8 7AG,Exempt,N/A,West Berkshire,,,,-1.086333,51.48386
Oxford Health Wallingford Community Hospital,Caring Premises,Reading Road,Wallingford,Oxon,OX10 9DU,5,22 September 2025,South Oxfordshire,5,0,5,-1.12614751,51.5945435
Oxford Road Community School After School Club,Other catering premises,146 Oxford Road,Reading,,RG1 7PJ,5,18 September 2025,Reading,5,5,5,-0.9868648,51.4557343
Oxford Road Primary School,School/college/university,146 Oxford Road,Reading,,RG1 7PJ,5,06 October 2023,Reading,0,0,0,-0.9868648,51.4557343
Oxford Road Service Station,Retailers - other,150 Oxford Road,Reading,,RG1 7PJ,5,06 January 2025,Reading,0,0,0,-0.987211,51.4557
Oxford Road Store,Retailers - other,512 Oxford Road,Reading,,RG30 1EG,5,02 October 2021,Reading,5,5,5,-1.00202072,51.458374
Oxford Sweet Shop,Retailers - other,462 Oxford Road,Reading,,RG30 1EE,Exempt,N/A,Reading,,,,-1.00030279,51.457943
Oxygen ActivePlay Reading,Restaurant/Cafe/Canteen,8 Bridgewater Close,Reading,,RG30 1JT,5,14 November 2024,Reading,5,5,5,-1.00668585,51.4602928
OYE Paitu’s Kitchen,Takeaway/sandwich shop,308 Oxford Road,Reading,,RG30 1AD,3,30 June 2026,Reading,5,10,10,-0.9947601,51.4566841
PadelHub,Retailers - other,4b Kenavon Drive,Reading,,RG1 3HS,5,09 September 2025,Reading,0,0,5,-0.961521,51.4571228
"Paesinos Italian Pizzeria, Roast and Roots, Tokyo Burger",Restaurant/Cafe/Canteen,Unit 4 2 Kings Road,Reading,,RG1 3AA,5,19 March 2025,Reading,5,5,5,-0.9687359,51.4548378
Palace Village Pizza & Peri Peri,Takeaway/sandwich shop,254 Kentwood Hill Tilehurst,Reading,,RG31 6DP,3,19 June 2026,Reading,10,10,10,-1.02962089,51.46888
Palmer Tavern,Pub/bar/nightclub,128 Wokingham Road,Reading,,RG6 1JL,5,09 August 2024,Reading,0,5,5,-0.9386248,51.44941
Pangbourne And Dist Bowls Club,Pub/bar/nightclub,Recreation Ground Thames Avenue,Pangbourne,Reading,,5,29 March 2017,West Berkshire,5,5,5,,
Pangbourne Cafe,Restaurant/Cafe/Canteen,14 Whitchurch Road,Pangbourne,Reading,RG8 7BP,5,13 February 2025,West Berkshire,5,5,5,-1.08606172,51.48446
Pangbourne Day Nursery,Caring Premises,21D Reading Road,Pangbourne,Reading,RG8 7LR,5,10 June 2026,West Berkshire,0,5,5,-1.08454335,51.48405
Pangbourne Valley Playgroup,Caring Premises,Pangbourne Primary School Kennedy Drive,Pangbourne,Reading,RG8 7LB,5,23 July 2012,West Berkshire,5,0,5,-1.07818186,51.48171
Pangbourne Working Mens Club,Pub/bar/nightclub,1 Whitchurch Road,Pangbourne,Reading,RG8 7BS,5,09 September 2013,West Berkshire,0,0,0,-1.086973,51.4850655
Papa Gee,Restaurant/Cafe/Canteen,5 Prospect Street,Caversham,Reading,RG4 8JB,4,29 October 2024,Reading,5,5,10,-0.972299,51.4679451
Papa Johns,Takeaway/sandwich shop,223 Shinfield Road,Reading,,RG2 8HD,5,05 August 2025,Reading,5,5,5,-0.9461599,51.42714
Papa Johns,Takeaway/sandwich shop,Moulsford Mews,Reading,,RG30 1AP,5,04 February 2025,Reading,5,5,5,-0.99777,51.4597168
Paprika Indian Takeaway,Takeaway/sandwich shop,167 Caversham Road,Reading,,RG1 8BB,4,22 October 2024,Reading,5,10,5,-0.9765045,51.46336
Park Day Nursery,Caring Premises,8 College Road,Reading,,RG6 1QB,4,25 November 2025,Reading,10,5,5,-0.9423448,51.45095
Park Eat at University of Reading,Restaurant/Cafe/Canteen,Upper Redlands Road,Reading,,RG1 5JL,5,07 July 2026,Reading,5,5,5,,
Park Lane Off Licence,Retailers - other,154 Park Lane,Tilehurst,Reading,RG31 4DU,2,22 June 2026,Reading,5,15,10,-1.04705691,51.4508438
Parkside House,Caring Premises,Parkside Road,Reading,HAI,RG30 2DB,5,14 July 2025,Reading,0,5,0,,
Parkside International Hotel,Hotel/bed & breakfast/guest house,72 Bath Road,Reading,,RG30 2BE,2,17 December 2025,Reading,15,15,10,-0.9993325,51.4476662
Parthian Climbing,Restaurant/Cafe/Canteen,Britten Road,Reading,,RG2 0AU,5,13 August 2026,Reading,5,5,5,-0.97000134,51.4426537
Pasibrzueszek Polish Cousin Restaurant,Restaurant/Cafe/Canteen,49 Hemdean Road,Caversham,Reading,RG4 7SS,5,24 February 2023,Reading,0,5,0,-0.9737248,51.4692078
Pasta Evangelists,Takeaway/sandwich shop,Milford Road,Reading,,RG1 8LG,5,20 May 2025,Reading,5,5,5,-0.9811278,51.4623871
Pasty Shop at Reading Train station,Takeaway/sandwich shop,Station Approach,Reading,,RG1 1LZ,5,03 April 2025,Reading,0,0,0,-0.972663939,51.45874
Path Hill Outdoors,Restaurant/Cafe/Canteen,The Old Dairy Path Hill,Goring Heath,Reading,RG8 7RE,5,07 November 2024,South Oxfordshire,0,0,5,-1.05900741,51.5002327
Pathaans,Restaurant/Cafe/Canteen,2 Bridge Street Caversham,Reading,,RG4 8AA,1,29 June 2026,Reading,15,15,20,-0.9771832,51.4664841
Pau Brasil,Retailers - other,89-91 Mount Pleasant,Reading,,RG1 2TF,3,22 October 2025,Reading,10,5,10,-0.9658658,51.4468269
Paul Patisserie,Restaurant/Cafe/Canteen,70-72 Broad Street,Reading,,RG1 2AF,5,15 October 2025,Reading,5,5,5,-0.9749931,51.45563
Pausa Coffee Shop At Dunelm Mill,Restaurant/Cafe/Canteen,Dunelm Mill Pincents Kiln,Calcot,Reading,RG31 7SD,5,20 July 2026,West Berkshire,5,5,5,,
Pavillion Pantry,Other catering premises,143-145 Oxford Road,Reading,,RG1 7UY,5,07 May 2025,Reading,5,5,0,-0.9826119,51.4547539
Paya/Korean Krispy,Takeaway/sandwich shop,84 London Street,Reading,,RG1 4SJ,1,17 June 2026,Reading,15,20,10,-0.9680315,51.4516029
Peach's Stores,Retailers - other,Peachs Stores Long Grove,Upper Bucklebury,Reading,RG7 6QU,4,04 March 2013,West Berkshire,5,10,0,,
Pearls Bubble Tea,Restaurant/Cafe/Canteen,University Of Reading Students Union,Whiteknights Road,Earley,RG6 6AZ,4,17 January 2023,Wokingham,10,5,0,-0.945634,51.4576263
Pembroke Lodge,Caring Premises,32 Alexandra Road,Reading,EADING fOOD cENTRE,RG1 5PF,4,28 April 2026,Reading,5,5,10,-0.9526029,51.4491653
Penta Hotel Reading,Hotel/bed & breakfast/guest house,Oxford Road,Reading,Berkshire,RG1 7RH,5,29 October 2025,Reading,5,5,5,,
Pepe's Piri Piri,Takeaway/sandwich shop,109b Oxford Road,Reading,,RG1 7UD,4,24 May 2025,Reading,5,10,5,-0.9803807,51.45477
Perfect Fried Chicken,Takeaway/sandwich shop,158 Oxford Road,Reading,,RG1 7PJ,3,27 May 2025,Reading,10,10,10,-0.9881743,51.4557457
Perfect Parties,Other catering premises,64 Victoria Road,Mortimer Common,Reading,RG7 3SG,AwaitingInspection,N/A,West Berkshire,,,,-1.06750882,51.3772469
Peri Peri Chicken Hut,Takeaway/sandwich shop,37 Whitley Street,Reading,,RG2 0EG,5,17 March 2025,Reading,0,0,0,-0.9652627,51.4455
Perk Café,Restaurant/Cafe/Canteen,100 Brook Drive,Reading,,RG2 6UJ,5,23 June 2026,Reading,5,5,5,-0.9849655,51.425827
Perry's Carribbean Food,Restaurant/Cafe/Canteen,7 High Street,Reading,,RG1 2EA,3,14 April 2026,Reading,10,10,10,-0.9690014,51.4551926
Phantom Brewing Co,Pub/bar/nightclub,Meadow Road,Reading,,RG1 8LB,5,28 February 2020,Reading,5,5,5,,
Pho 86,Restaurant/Cafe/Canteen,35-37 St Marys Butts,Reading,,RG1 2LS,2,03 June 2026,Reading,15,10,10,-0.9741688,51.45388
Pho at Kings Walk,Restaurant/Cafe/Canteen,King Street,Reading,,RG1 2HG,5,12 June 2026,Reading,5,5,0,-0.9691883,51.4549866
Phoenix the Village Shop Limited,Retailers - other,The Village Shop Bath Road,Woolhampton,Reading,RG7 5RT,1,21 April 2026,West Berkshire,5,10,20,-1.1777035,51.3976135
Picnic Foods,Restaurant/Cafe/Canteen,5 Butter Market,Reading,,RG1 2DP,5,18 September 2025,Reading,5,5,5,-0.9698198,51.45528
Pierre's Baguettes,Takeaway/sandwich shop,58a St Marys Butts,Reading,,RG1 2LG,5,17 February 2025,Reading,5,0,0,-0.9744796,51.45478
Pierre's Baguettes,Takeaway/sandwich shop,16-17 Harris Arcade,Reading,,RG1 1DN,5,01 July 2025,Reading,5,5,5,-0.9718479,51.4572563
Pierreponts Cafe,Restaurant/Cafe/Canteen,1 High Street,Goring,Reading,RG8 9AB,4,23 April 2025,South Oxfordshire,5,10,5,-1.136224,51.5225945
Pierreponts Cafe at The Herb Farm,Restaurant/Cafe/Canteen,The Herb Farm Peppard Road,,Sonning Common Reading,RG4 9NJ,5,11 December 2024,South Oxfordshire,5,5,5,-0.9759609,51.51209
Pine Croft 1 Monks Barn,Caring Premises,Cressingham Road,Reading,Berkshire,,5,19 August 2019,Reading,5,0,5,-0.9611505,51.43352
Pine Rivers Day Nursery,Caring Premises,5 Western Elms Avenue,Reading,,RG30 2AL,5,27 August 2025,Reading,5,5,0,-0.9920065,51.45492
Pit Stop Cafe,Restaurant/Cafe/Canteen,Silverstone Motor Racing Circuit,Silverstone Circuit,Silverstone,NN12 8TL,5,28 March 2024,West Northamptonshire,0,0,0,-1.02188289,52.0728951
PitStop Cafe @ Gridline Racing,Restaurant/Cafe/Canteen,Gridline Racing,Dunford Road,Lincoln,LN5 8HF,5,17 June 2026,Lincoln City,0,0,0,,
Piwnica Pub,Pub/bar/nightclub,81 London Road,Reading,,RG1 5BY,5,19 May 2025,Reading,5,5,0,-0.9560142,51.45228
Pizza 2 Night,Takeaway/sandwich shop,155-157 Southampton Street,Reading,,RG1 2QZ,5,22 April 2026,Reading,5,5,5,-0.9675532,51.44793
Pizza Cottage Reading,Takeaway/sandwich shop,383 Oxford Road,Reading,,RG30 1HA,4,23 April 2025,Reading,5,10,5,-0.995111,51.4564323
Pizza Express at The Oracle,Restaurant/Cafe/Canteen,Bridge Street,Reading,,RG1 2AG,5,25 July 2025,Reading,5,5,0,,
Pizza Go Go,Takeaway/sandwich shop,49 Basingstoke Road,Reading,,RG2 0ER,4,05 April 2025,Reading,5,10,5,-0.9663339,51.4401245
Pizza House,Takeaway/sandwich shop,80 Oxford Road,Reading,,RG1 7LJ,1,17 April 2026,Reading,15,15,20,-0.9794643,51.4552
Pizza Hut,Takeaway/sandwich shop,231a Shinfield Road,Reading,,RG2 8HD,5,20 August 2024,Reading,0,5,0,-0.9463092,51.4269
Pizza Hut,Takeaway/sandwich shop,529 Oxford Road,Reading,,RG30 1HJ,5,18 April 2026,Reading,5,5,5,-1.00081158,51.4577141
Pizza Hut Delivery,Takeaway/sandwich shop,6 The Parade,34 Reading Road,Yateley,GU46 7UN,5,09 June 2025,Hart,0,0,0,-0.8187862,51.3409042
Pizza Press,Mobile caterer,370 Tilehurst Road,Reading,,RG30 2NG,5,28 January 2026,Reading,5,5,5,-1.01344585,51.45185
Pizza Presto,Takeaway/sandwich shop,53 Whitley Street,Reading,,RG2 0EG,5,07 January 2025,Reading,5,5,5,-0.9650832,51.4451675
Platter (by Benugo at John Lewis),Takeaway/sandwich shop,108-113 Broad Street,Reading,,RG1 2BB,5,22 July 2026,Reading,5,0,0,-0.9720641,51.45532
Playday,Caring Premises,100 Hemdean Road,Caversham,Reading,RG4 7SD,5,29 January 2026,Reading,5,5,0,-0.974091649,51.47131
Playlist Live / Live Investments,Pub/bar/nightclub,108 Friar Street,Reading,,RG1 1EP,4,06 February 2026,Reading,5,10,5,-0.97494,51.45641
Playtime at The Oracle,Mobile caterer,Bridge Street,Reading,,RG1 2AG,5,21 April 2024,Reading,5,5,5,,
PMK Supermarket,Retailers - other,536-540 Northumberland Avenue,Reading,,RG2 8NY,3,09 June 2024,Reading,10,10,10,-0.9594229,51.4194336
Pokhara Delight,Restaurant/Cafe/Canteen,21 Reading Road,Henley-On-Thames,Oxon,RG9 1AB,3,03 December 2025,South Oxfordshire,5,10,10,-0.903157,51.53561
Police Rehabilitation Centre,Caring Premises,Flint House Reading Road,Goring,Reading,RG8 0LL,5,04 December 2024,South Oxfordshire,0,5,0,-1.09743249,51.5197945
Polmont Playgroup,School/college/university,,Polmont Playgroup,Redding Road,FK2 0AA,Pass,11 September 2025,Falkirk,,,,,
Polski Sklep Smaczek Reading Ltd,Retailers - other,23-25 Oxford Road,Reading,,RG1 7QG,5,29 January 2025,Reading,5,5,5,-0.9763416,51.4551849
Popeyes,Restaurant/Cafe/Canteen,107 Broad Street,Reading,,RG1 2AX,5,26 January 2025,Reading,5,5,5,-0.9724942,51.4553757
Popeyes Louisiana Chicken,Restaurant/Cafe/Canteen,Unit 3a Proctor End North,Reading,,RG2 0GG,4,26 August 2025,Reading,5,5,10,-0.9743579,51.4177856
Popworld/ Sub 89,Pub/bar/nightclub,110-117 Friar Street,Reading,,RG1 1EP,5,26 August 2025,Reading,5,5,5,-0.9743697,51.45648
Poundland at Broad Street Mall,Retailers - other,Broad Street,Reading,,,5,23 October 2025,Reading,0,5,5,-0.972172558,51.4556465
Prablin Store,Retailers - supermarkets/hypermarkets,5-6 Friar Street,Reading,,RG1 1DB,AwaitingInspection,N/A,Reading,,,,-0.9705349,51.45676
Premier,Retailers - other,72 Christchurch Road,Reading,,RG2 7AZ,5,28 August 2025,Reading,5,5,0,-0.9554591,51.44272
Premier,Retailers - other,72 Christchurch Road,Reading,,RG2 7AZ,5,28 August 2025,Reading,5,5,0,-0.9554591,51.44272
Premier,Retailers - other,26 Coronation Square,Reading,,RG30 3QN,3,22 April 2025,Reading,5,10,10,-1.01054716,51.4421234
Premier Addington Local,Retailers - other,80 Addington Road,Reading,,RG1 5PX,5,11 February 2025,Reading,0,5,5,-0.9478709,51.44844
Premier Berkeley Stores,Retailers - other,39a Berkeley Avenue,Reading,,RG1 6JS,1,12 May 2026,Reading,15,15,20,-0.9806087,51.4477577
Premier Education Holiday Camp @ New Christ Church Primary School,Other catering premises,Milman Road,Reading,,RG2 0AY,4,07 May 2025,Reading,5,10,5,-0.968276262,51.44355
Premier Inn,Hotel/bed & breakfast/guest house,Richfield Avenue,Reading,Berkshire,RG1 8BQ,5,28 December 2024,Reading,5,5,5,,
Premier Inn Reading Central,Hotel/bed & breakfast/guest house,Letcombe Street,Reading,Berkshire,RG1 2HN,5,06 June 2025,Reading,0,5,0,,
Premier Park Lane,Retailers - other,4 Park Lane,Tilehurst,Reading,RG31 5DL,5,13 January 2026,Reading,5,5,5,-1.04434454,51.4566841
Premier Plus Events,Mobile caterer,Green Gables Tidmarsh Lane,Tidmarsh,Reading,RG8 8HG,AwaitingInspection,N/A,West Berkshire,,,,-1.1087575,51.4660568
"Premier Stores ""Earley Express""",Retailers - other,125 Wokingham Road,Reading,,RG6 1LH,4,29 June 2026,Reading,0,10,10,-0.9358805,51.44799
Premier Stores Theale Convenience,Retailers - other,12 High Street,Theale,Reading,RG7 5AN,4,05 September 2013,West Berkshire,0,0,10,-1.07604325,51.4371643
Pret  A Manger,Restaurant/Cafe/Canteen,211 Shinfield Road,Reading,,RG2 8HA,5,19 September 2024,Reading,5,5,5,-0.945974,51.427578
Pret a Manger at Moto Hospitality West,Restaurant/Cafe/Canteen,Motorway Service Area,Burghfield,Reading,RG30 3UQ,5,23 June 2025,West Berkshire,0,5,0,-1.03690481,51.423748
Pret a Manger At Reading Eastbound,Restaurant/Cafe/Canteen,Motorway Service Area,Burghfield,Reading,RG30 3UQ,5,24 October 2024,West Berkshire,0,0,0,-1.03690481,51.423748
Pret a Manger at Thames Tower,Restaurant/Cafe/Canteen,37-45 Station Road,Reading,,RG1 1LX,5,04 December 2025,Reading,0,0,0,-0.972243,51.4577522
Pret a Manger at The Oracle,Restaurant/Cafe/Canteen,Bridge Street,Reading,,RG1 2AQ,5,22 June 2026,Reading,5,5,5,-0.9723654,51.4524765
Prezzo,Restaurant/Cafe/Canteen,10-12 King Street,Reading,,RG1 2HF,5,28 June 2024,Reading,5,5,5,-0.9702218,51.45468
Prime Seven Mart,Retailers - other,10-12 Oxford Road,Reading,,RG1 7LA,4,31 July 2026,Reading,5,5,10,-0.9760731,51.4556046
Prince Of Wales Public House,Pub/bar/nightclub,77 Reading Road South,Fleet,,GU52 7SY,5,03 December 2025,Hart,0,5,5,-0.837912,51.2732162
Proper Takeout,Restaurant/Cafe/Canteen,Dunsden Green Farmhouse Church Lane,Dunsden,Reading Oxon,RG4 9QD,5,28 January 2025,South Oxfordshire,5,5,0,-0.9413434,51.4893265
Prospect Bowling Club,Pub/bar/nightclub,Honey End Lane,Reading,Berkshire,,5,18 April 2024,Reading,5,0,5,,
Providence Chapel,Other catering premises,103 Oxford Road,Reading,,RG1 7UD,5,24 May 2025,Reading,0,5,0,-0.9796732,51.4548721
Pudd n Parcel,Other catering premises,24 Peppard Road Emmer Green,Reading,,RG4 8NG,5,01 August 2026,Reading,0,0,0,-0.958719,51.4788933
Punjab Foods,Retailers - other,42 Erleigh Road,Reading,,RG1 5NA,3,07 October 2025,Reading,10,5,10,-0.9504091,51.44945
Purdey at The Royal Berkshire Shooting School,Restaurant/Cafe/Canteen,Tomb Farm Hook End Lane,Ashampstead,Reading,RG8 8SD,5,14 February 2025,West Berkshire,5,5,5,-1.15079248,51.49944
Puree mobile van,Mobile caterer,Pitch 5 Broad Street,Reading,,RG1 2AA,5,18 September 2025,Reading,5,5,5,-0.9708528,51.4554176
PureGym,Retailers - other,350 Basingstoke Road,Reading,,RG2 0NT,Exempt,N/A,Reading,,,,-0.9693995,51.43305
PureGym,Retailers - other,69 Caversham Road,Reading,,RG1 8AD,Exempt,N/A,Reading,,,,-0.9761194,51.46062
Purley Park Social Club,Pub/bar/nightclub,82 - 84 Wintringham Way,Purley On Thames,Reading,RG8 8BG,4,09 November 2012,West Berkshire,10,5,5,-1.03849852,51.4821167
Purley Pre School,Caring Premises,Long Lane Primary School Long Lane,Tilehurst,Reading,RG31 6YG,5,15 January 2019,West Berkshire,0,0,0,,
Purley Sports & Social Club,Pub/bar/nightclub,The Purley Sports And Social Club Goosecroft Lane,Purley On Thames,Reading,RG8 8BW,4,20 March 2026,West Berkshire,5,10,5,,
Purple Turtle,Pub/bar/nightclub,9 Gun Street,Reading,,RG1 2JR,5,24 July 2025,Reading,0,5,0,-0.9728865,51.4539375
Quality Care Providers,Caring Premises,51a Circuit Lane,Southcote,Reading,RG30 3HB,4,06 June 2026,Reading,10,0,5,-1.00674236,51.44308
Quality Care Providers Limited,Caring Premises,88 Northumberland Avenue,Reading,,RG2 7PP,AwaitingInspection,N/A,Reading,,,,-0.9628092,51.43885
Quattro Restaurant,Restaurant/Cafe/Canteen,14 Prospect Street,Caversham,Reading,RG4 8JG,5,19 June 2026,Reading,5,5,5,-0.9728454,51.4679756
Qumin Takeaway,Takeaway/sandwich shop,116 Henley Road,Caversham,Reading,RG4 6DH,3,23 June 2025,Reading,10,10,10,-0.959102,51.47092
R D Catering at Henley Masonic Centre,Restaurant/Cafe/Canteen,Thames Lodge 61 Reading Road,Henley-On-Thames,Oxon,RG9 1AB,5,11 February 2025,South Oxfordshire,5,0,0,-0.9026106,51.5347824
Racing Club Warwick FC,Pub/bar/nightclub,Racing Club Fc,Hampton Road,,CV34 6JP,AwaitingInspection,N/A,Warwick,,,,-1.602393,52.27493
Radish Food Services at South Stoke Primary School,School/college/university,South Stoke Primary School The Street,South Stoke,Reading,RG8 0JS,5,10 October 2014,South Oxfordshire,5,5,5,,
Rafina Coffee Lounge,Restaurant/Cafe/Canteen,45 West Street,Reading,,RG1 1TZ,2,09 October 2025,Reading,15,15,10,-0.9763603,51.45628
Rahim Superstore,Retailers - other,59-61 Wokingham Road,Reading,,RG6 1LH,4,26 March 2025,Reading,10,10,0,-0.9374706,51.4490623
Rainbow Day Nursery,Caring Premises,19 Craven Road,Reading,,RG1 5LE,5,11 April 2025,Reading,0,5,5,-0.9563189,51.4490166
Rancheese,Restaurant/Cafe/Canteen,171 Caversham Road,Reading,,RG1 8BB,3,10 February 2026,Reading,10,5,10,-0.9765602,51.46344
Rap Café,Other catering premises,Regus 200 Brook Drive Green Park,Reading,,RG2 6UB,1,12 September 2025,Reading,15,10,20,-0.9879433,51.42515
Rarebreed Dinning At The Shurlock Inn,Restaurant/Cafe/Canteen,The Shurlock Inn,The Street,Shurlock Row,RG10 0PS,4,10 March 2026,Windsor and Maidenhead,10,5,5,-0.80277,51.46238
Rawcliffe Primary School,School/college/university,Ridding Lane,Rawcliffe,Goole,DN14 8RG,5,03 November 2025,East Riding of Yorkshire,,,,-0.961105,53.6952362
RCCG Victory at Reading,Other catering premises,553 Oxford Road,Reading,,RG30 1HJ,3,22 April 2025,Reading,10,10,10,-1.00095451,51.45776
Re-Charge Refectory,School/college/university,Kings Road,Reading,,RG1 4HJ,5,21 January 2025,Reading,5,5,5,,
Readifood,Retailers - other,33 Boulton Road,Reading,,RG2 0NH,Exempt,N/A,Reading,,,,-0.9738372,51.4365768
Reading & District Irish Association,Pub/bar/nightclub,96-104 Chatham Street,Reading,,RG1 7HT,4,02 February 2025,Reading,5,5,10,-0.9812919,51.4565125
Reading Abbey RFC Ltd,Pub/bar/nightclub,Peppard Road,Emmer Green,Reading,RG4 8XB,5,13 September 2024,South Oxfordshire,5,5,5,,
Reading Beach & Christmas Bar,Pub/bar/nightclub,Bridge Street,Reading,,,4,31 July 2017,Reading,5,5,10,,
Reading Biscuit Factory,Retailers - other,1a Queens Walk,Reading,,RG1 7QF,5,02 July 2024,Reading,5,5,5,-0.9775046,51.4550362
Reading Bowling Club,Pub/bar/nightclub,94 Kendrick Road,Reading,,RG1 5DW,3,19 June 2026,Reading,10,10,5,-0.9635822,51.4466362
Reading Express,Retailers - other,102 Oxford Road,Reading,,RG1 7LL,3,15 January 2025,Reading,10,10,10,-0.9803139,51.45518
Reading Food Centre,Retailers - other,75 Northumberland Avenue,Reading,,RG2 7PT,3,15 April 2026,Reading,10,10,10,-0.9623134,51.4391441
Reading Gateway Premier Inn,Pub/bar/nightclub,Reading Gateway,Imperial Way,Reading,RG2 0TA,5,09 May 2026,Reading,5,5,5,,
Reading Ghana Seventh-Day Adventist Church,Other catering premises,10 Cremyll Road,Reading,,RG1 8NQ,4,25 July 2026,Reading,5,5,10,-0.9815516,51.4636078
Reading Golders luncheon Group at Wesley Methodist Church,Restaurant/Cafe/Canteen,84 Queens Road,Reading,,RG1 4BW,5,03 February 2026,Reading,5,5,5,-0.9618457,51.45341
Reading Grill,Takeaway/sandwich shop,405 Oxford Road,Reading,,RG30 1HA,3,19 March 2026,Reading,10,10,10,-0.9959905,51.45666
Reading Hindu Temple,Other catering premises,112 Whitley Street,Reading,Berkshire,RG2 0EQ,5,25 July 2026,Reading,0,5,5,-0.9655,51.4442
Reading Local,Retailers - other,252-256 Kings Road,Reading,,RG1 4HP,3,19 March 2025,Reading,10,10,10,-0.9558026,51.4533577
Reading Mencap,Caring Premises,21 Alexandra Road,Reading,,RG1 5PE,Exempt,N/A,Reading,,,,-0.9525864,51.4505119
Reading Mini Mart,Retailers - other,302 Oxford Road,Reading,,RG30 1AD,1,24 March 2026,Reading,10,10,20,-0.9945594,51.456646
Reading Pharmacy,Retailers - other,105 Wokingham Road,Reading,,RG6 1LN,Exempt,N/A,Reading,,,,-0.936462,51.4483528
Reading Quality Fish,Retailers - other,7 West Street,Reading,,RG1 1TT,1,07 October 2025,Reading,20,10,20,-0.9755273,51.4562
Reading Railway Club,Pub/bar/nightclub,6a Station Hill,Reading,,RG1 1NB,5,31 July 2025,Reading,5,5,5,,
Reading Room,Restaurant/Cafe/Canteen,Reading Room Kemp Town Slopes,Madeira Drive,Brighton,BN2 1FY,5,23 January 2025,Brighton and Hove,0,0,0,-0.1115693,50.81504
Reading Room Day Spa,Restaurant/Cafe/Canteen,1 The Reading Room The Street,,Iford,BN7 3EJ,5,31 March 2025,Lewes,0,0,0,,
Reading School,School/college/university,Erleigh Road,Reading,,RG1 5LW,5,16 January 2025,Reading,5,5,5,-0.950434446,51.4496269
Reading Scientific Services Ltd,Other catering premises,,Reading Service Centre,Whiteknights Campus,RG6 6LA,5,01 August 2025,Wokingham,0,0,0,,
Reading Sea Cadets,Restaurant/Cafe/Canteen,Oxford Road,Reading,,RG30 1HW,5,23 July 2026,Reading,0,0,5,-1.0041666,51.45879
Reading Socialeyes,Restaurant/Cafe/Canteen,Redlands Parish Church & Hall St Luke's Church,Reading,,RG1 5LH,AwaitingInspection,N/A,Reading,,,,,
Reading Supermarket,Retailers - supermarkets/hypermarkets,437-439 Oxford Road,Reading,,RG30 1HD,4,30 September 2025,Reading,10,5,5,-0.9973589,51.456974
Reading Tandoori,Restaurant/Cafe/Canteen,262-264 Oxford Road,Reading,,RG30 1AD,4,07 April 2026,Reading,5,10,5,-0.9932554,51.4563828
Reading West SDA,Other catering premises,24 Portman Road,Reading,,RG30 1EA,5,21 August 2025,Reading,0,0,5,-0.9976038,51.4609146
Reading YMCA Football Club,Pub/bar/nightclub,Padworth Village Hall Padworth Lane,Lower Padworth,Reading,RG7 4HY,5,11 June 2025,West Berkshire,0,5,0,-1.12787986,51.40386
Ready Tasty Fish & Chips,Takeaway/sandwich shop,112 Henley Road,Caversham,Reading,RG4 6DH,1,19 February 2026,Reading,10,10,20,-0.9592891,51.47092
Recipe Hub,Restaurant/Cafe/Canteen,2-4 Kings Road,Reading,,RG1 3AA,AwaitingInspection,N/A,Reading,,,,-0.9687359,51.4548378
Red Balloon Learner Centre,School/college/university,220 Kings Road,Reading,,RG1 4JJ,5,05 February 2026,Reading,5,5,5,-0.9575966,51.45357
Red Onion Tandoori,Takeaway/sandwich shop,234c Shinfield Road,Reading,,RG2 8EX,5,27 March 2025,Reading,5,5,5,-0.9466941,51.4276733
Redding & Westquarter Unity Club,Pub/bar/nightclub,,Redding & Westquarter Unity Club,Redding Road,FK2 9TX,Pass,11 December 2023,Falkirk,,,,,
Redding Fish And Chips,Takeaway/sandwich shop,,22 Wholequarter Avenue,,FK2 9XX,Pass,18 March 2026,Falkirk,,,,-3.734209,55.98682
Reddings Primary School,School/college/university,Reddings Jmi School,Bennetts End Road,Hemel Hempstead,HP3 8DX,5,01 July 2025,Dacorum,0,5,5,-0.450151,51.7450943
Reedings Junior School,School/college/university,Reedings Jm School,Bullfields,Sawbridgeworth,CM21 9DD,5,05 July 2024,East Hertfordshire,0,0,0,0.152293,51.8172035
Reefah’s flavour,Hotel/bed & breakfast/guest house,Appleton house Alexandra Rd,Reading,,RG1 5PE,AwaitingInspection,N/A,Reading,,,,-0.9533317,51.4519043
Reeves Butchers,Retailers - other,70 - 72C Reading Road,Yateley,Hampshire,GU46 7UH,5,08 June 2026,Hart,0,0,5,-0.820745,51.34175
Regatta Food & Wine,Retailers - other,24 Reading Road,Henley-On-Thames,Oxon,RG9 1AG,4,08 September 2025,South Oxfordshire,0,10,10,-0.9035331,51.53556
Regatta Service Station,Retailers - other,Regatta Service Station Reading Road,Henley-On-Thames,Oxon,RG9 1DR,4,09 February 2026,South Oxfordshire,0,5,10,,
Revolucion De Cuba,Pub/bar/nightclub,138-141 Friar Street,Reading,,RG1 1EX,5,07 November 2025,Reading,0,5,0,-0.9730314,51.4564667
Richfields Deli and Grill,Restaurant/Cafe/Canteen,211 Caversham Road,Reading,,RG1 8BB,3,02 March 2026,Reading,10,10,10,-0.9773357,51.4641647
Rise Bakehouse,Other catering premises,4 Chatham Street,Reading,,RG1 7JF,4,10 May 2025,Reading,5,10,5,-0.9796026,51.4554558
Rising Sun Art Centre,Other catering premises,30 Silver Street,Reading,Berkshire,RG1 2ST,Exempt,N/A,Reading,,,,,
"River Academy, Maiden Erlegh Trust",School/college/university,7 Richfield Avenue,Reading,,RG1 8EQ,5,24 April 2026,Reading,5,5,5,-0.9879576,51.4646339
Rivermead Leisure Centre,Other catering premises,Richfield Avenue,Reading,,RG1 8EQ,5,27 August 2025,Reading,0,5,0,-0.9861097,51.46401
Riverspice Restaurant,Restaurant/Cafe/Canteen,206 Caversham Road,Reading,,RG1 8AZ,4,18 August 2026,Reading,5,10,5,-0.9767567,51.4649544
Rizouq,Takeaway/sandwich shop,117 Wokingham Road,Reading,,,3,16 May 2025,Reading,10,10,10,-0.9362489,51.4482346
RnK Stores (Londis),Retailers - other,Reading Road,Woodcote,Reading,RG8 0QX,5,11 September 2024,South Oxfordshire,5,5,5,,
RoamingBitesUK,Mobile caterer,Roaming Bites UK,5 Orion Business Centre,Surrey Canal Road,SE14 5RT,5,02 March 2026,Lewisham,0,5,5,-0.0483,51.4847
Roaring Donkey,Pub/bar/nightclub,Roaring Donkey PH,316 Holland Road,Clacton-on-Sea,CO15 6PD,5,24 September 2025,Tendring,5,5,5,1.180354,51.8029633
ROCFitness Gym Ltd,Restaurant/Cafe/Canteen,Unit H Bridge Farm,Reading Road,Arborfield,RG2 9HT,5,13 April 2023,Wokingham,0,5,0,-0.9232068,51.4009666
Rodeo Doughnuts,Manufacturers/packers,54 Britten Road Robert Cort Industrial Estate,Reading,,RG2 0AU,AwaitingInspection,N/A,Reading,,,,,
Rolling Bites,Mobile caterer,1 Whitchurch Road,Pangbourne,Reading,RG8 7BS,AwaitingInspection,N/A,West Berkshire,,,,-1.086973,51.4850655
Rontec Thatcham Service Station,Retailers - other,Woolhampton Service Station Bath Road,Woolhampton,Reading,RG7 5RT,5,10 December 2025,West Berkshire,0,5,0,-1.17233813,51.3971329
Rontec Watford Ltd,Retailers - other,Richfield Avenue,Reading,,RG1 8EQ,5,28 December 2024,Reading,0,5,5,-0.9861097,51.46401
Roosters Fried n Grill,Takeaway/sandwich shop,217 London Road,Reading,,RG1 3NY,2,28 October 2025,Reading,15,15,10,-0.9482197,51.4532967
Roosters Piri Piri,Takeaway/sandwich shop,11-12 West Street,Reading,,RG1 1TT,5,05 September 2025,Reading,5,5,5,-0.9755023,51.45603
Rosa's Thai,Restaurant/Cafe/Canteen,Unit 1 Jackson's Corner 1-9 Kings Road,Reading,,RG1 3EY,5,17 March 2025,Reading,0,5,5,-0.9687732,51.4551048
Rose Garden Early Years Centre,Caring Premises,5 Christchurch Gardens,Reading,,RG2 7AH,4,13 August 2019,Reading,5,10,5,-0.9644754,51.4434166
Rosebank House,Caring Premises,Lower Henley Road,Caversham,Reading,RG4 5LE,3,19 June 2025,Reading,10,10,10,,
Roselawn Hotel,Hotel/bed & breakfast/guest house,Roselawn Hotel Hermits Hill,Burghfield,Reading,RG30 3RU,4,05 March 2009,West Berkshire,5,10,5,,
Rosies Tea Room,Restaurant/Cafe/Canteen,Holdshott Farm,Reading Road,Heckfield,RG27 0JZ,5,14 February 2025,Hart,5,5,5,-0.939265,51.33732
Roti Joupa Reading,Takeaway/sandwich shop,16 North Street,Reading,,RG1 7DA,AwaitingInspection,N/A,Reading,,,,-0.9802267,51.4576836
Rougevin,Other catering premises,Unit 140 7 Bridgewater Close,Reading,,RG30 1JT,5,01 July 2024,Reading,0,5,5,-1.00596178,51.46049
Royal Berkshire Hospital Central Catering,Caring Premises,London Road,Reading,,RG1 5AN,5,19 February 2026,Reading,5,5,0,-0.9561154,51.4519424
Royal Chef,Takeaway/sandwich shop,261 Basingstoke Road,Reading,,RG2 0HY,5,09 October 2025,Reading,5,5,0,-0.9681809,51.4341431
Royal Dragon,Takeaway/sandwich shop,242 Northumberland Avenue,Reading,,RG2 7QA,4,16 October 2025,Reading,5,10,5,-0.96265,51.43255
Royal Halal Meat,Retailers - other,75 Northumberland Avenue,Reading,,RG2 7PT,3,16 April 2026,Reading,10,10,5,-0.9623134,51.4391441
Royal Tandoori / Bhel Phuri at Ibis Styles Hotel,Restaurant/Cafe/Canteen,4-8 Duke Street,Reading,,RG1 4RY,3,12 November 2025,Reading,10,10,10,-0.9691996,51.4546967
Royale Paradise,Takeaway/sandwich shop,250-250A Shinfield Road Reading,Reading,,RG2 8EY,AwaitingInspection,N/A,Reading,,,,-0.9471973,51.42643
Rudding Park Golf Clubhouse,Restaurant/Cafe/Canteen,Rudding Park Golf Rudding Lane,,,HG3 1DJ,5,08 April 2025,North Yorkshire,0,5,5,,
Rudding Park Hotel,Hotel/bed & breakfast/guest house,Rudding Park Hotel Follifoot,,,HG3 1JH,5,05 August 2026,North Yorkshire,0,0,5,,
S & D Catering Mobile Van at Reading Market,Mobile caterer,Hosier Street,Reading,Berkshire,RG1 7QL,3,29 July 2026,Reading,10,5,10,,
Sadaka at Fairview Youth & Community Centre,Other catering premises,90b Great knolly's Street,Reading,Berkshire,RG1 7HL,4,26 October 2024,Reading,5,5,10,-0.9824218,51.4581337
Saffron Alley,Distributors/Transporters,46-48 Portman Road,Reading,,RG30 1EA,3,22 October 2025,Reading,10,10,10,-1.00360036,51.46185
Sainsbury's,Retailers - supermarkets/hypermarkets,Savacentre Bath Road,Calcot,Reading,RG31 7SA,5,12 March 2024,West Berkshire,0,0,0,-1.06152284,51.4429855
Sainsbury's,Retailers - supermarkets/hypermarkets,7-8 Broad Street,Reading,,RG1 2BH,5,10 April 2025,Reading,0,5,0,-0.9705346,51.4554939
Sainsbury's,Retailers - supermarkets/hypermarkets,17-27 Station Road,Reading,,RG1 1LG,5,10 March 2025,Reading,0,0,0,-0.9724049,51.45745
Sainsbury's,Retailers - supermarkets/hypermarkets,52-55 Friar Street,Reading,,RG1 1DX,4,29 January 2025,Reading,0,10,5,-0.9751758,51.4571152
Sainsbury's Arborfield Superstore,Retailers - supermarkets/hypermarkets,,Remount Drive,Arborfield Green,RG2 9GB,5,06 November 2025,Wokingham,0,0,0,,
Salisbury Conservative Club,Pub/bar/nightclub,316 Kings Road,Reading,,RG1 4HX,5,18 May 2026,Reading,5,5,5,-0.9523124,51.4530563
Salt & Smash,Takeaway/sandwich shop,60 Christchurch Road,Reading,,RG2 7AZ,4,14 April 2026,Reading,5,10,5,-0.9559268,51.4428749
Sam 99p,Retailers - other,118-119 Friar Street,Reading,,RG1 1EP,3,10 April 2025,Reading,5,10,10,-0.9740555,51.4563675
Samba's Kitchen Ltd - Mr Massamba Thiam,Mobile caterer,173 Cardiff Road,Reading,,RG1 8HD,3,25 February 2025,Reading,10,5,10,-0.985444,51.4614029
Sambuca Off Licence,Retailers - other,87 Wokingham Road,Reading,,RG6 1LH,4,06 January 2025,Reading,0,5,10,-0.9369013,51.4486465
Sams Wraps Mobile Van,Mobile caterer,Broad Street,Reading,,,4,09 August 2025,Reading,10,5,5,-0.972172558,51.4556465
Sapana Home,Restaurant/Cafe/Canteen,8 Queen Victoria Street,Reading,,RG1 1TG,4,05 November 2025,Reading,10,5,5,-0.9718948,51.4564476
Savers,Retailers - other,4-5 St Marys Butts,Reading,,RG1 2LN,Exempt,N/A,Reading,,,,-0.9753815,51.4549942
SBA Trading Ltd T/a Today's Village Stores,Retailers - other,The Village Shop Colyton Way,Purley On Thames,Reading,RG8 8BL,5,16 September 2025,West Berkshire,5,5,5,,
Sea Masters Fish & Chips at Meadway Precinct,Takeaway/sandwich shop,Honey End Lane,Reading,,RG30 4AA,5,03 October 2024,Reading,5,5,5,,
Sear Events,Mobile caterer,Units 2 & 3 Withy Copse Horsepond Road,Kidmore End,Reading,RG4 9HN,5,06 March 2025,South Oxfordshire,5,5,5,-1.012841,51.5145721
Seasons Afro Caribbean,Takeaway/sandwich shop,375 Oxford Road,Reading,,RG30 1HA,5,13 July 2024,Reading,5,5,5,-0.9948676,51.45638
Seewoo (Reading),Retailers - supermarkets/hypermarkets,15 Craddock Road,Reading,,RG2 0JT,4,07 May 2025,Reading,5,5,10,-0.975005,51.4383926
Seixal Summer Club,Restaurant/Cafe/Canteen,Riverside The Oracle Shopping Centre,Reading,,RG1 2NG,AwaitingInspection,N/A,Reading,,,,,
Selekt Chicken,Takeaway/sandwich shop,221 London Road,Reading,,RG1 3NY,3,19 November 2025,Reading,10,10,10,-0.9480892,51.4533424
Seoul Plaza,Retailers - other,6-7 St Marys Butts,Reading,,RG1 2LN,5,13 June 2024,Reading,0,5,0,-0.9753815,51.4549942
Serdio Ibericos,Other catering premises,8 Prospect Street,Caversham,Reading,RG4 8JG,3,02 September 2025,Reading,10,10,10,-0.972906,51.4678421
Shahs halal food reading,Takeaway/sandwich shop,33 Oxford Road Reading,Reading,,RG1 7QG,AwaitingInspection,N/A,Reading,,,,-0.9763416,51.4551849
Shake Shack,Restaurant/Cafe/Canteen,121-122 Broad Street,Reading,,RG1 2BD,4,23 July 2026,Reading,10,5,5,-0.9712873,51.4553
Shapla Tandoori,Takeaway/sandwich shop,248c Shinfield Road,Reading,Berkshire,RG2 8EY,3,06 May 2026,Reading,10,10,10,-0.9470085,51.42651
Shawarma Reading,Takeaway/sandwich shop,13 West Street,Reading,,RG1 1TT,3,11 April 2025,Reading,10,10,10,-0.9754607,51.45596
Shed,Restaurant/Cafe/Canteen,8 Merchants Place,Reading,,RG1 1DT,5,07 November 2025,Reading,0,5,5,-0.9734715,51.45738
Shell Fairfield Service Station,Retailers - other,Basingstoke Road,Reading,,RG2 0TA,5,06 October 2025,Reading,0,0,0,-0.9731537,51.4166527
Shell Little Waitrose Winnersh,Retailers - other,Wokingham Service Station,Reading Road,Wokingham,RG41 1HB,5,11 April 2025,Wokingham,5,5,0,-0.853893,51.4178467
Shell Thames Valley Service Station,Retailers - other,George Street,Caversham,Reading,RG4 8DH,5,16 July 2025,Reading,5,5,5,,
Shellfish Cow,Restaurant/Cafe/Canteen,53-55 Reading Road,Henley-On-Thames,Oxon,RG9 1AB,5,28 February 2025,South Oxfordshire,5,5,5,-0.9028397,51.5350151
Sherfield Early Years Centre,School/college/university,Sherfield School,Reading Road,Sherfield-on-loddon,RG27 0HU,5,04 December 2025,Basingstoke and Deane,0,0,0,-1.02468669,51.3078651
Sherfield On Loddon Village Hall,Other catering premises,Reading Road,Sherfield-on-Loddon,Hook,RG27 0EZ,5,19 April 2025,Basingstoke and Deane,0,0,0,-1.026479,51.316082
Sherriff Boathouse,Other catering premises,Henley Road,Caversham,Reading,RG4 6LQ,5,08 July 2026,South Oxfordshire,5,0,0,,
Shinfield Local,Retailers - other,252 Shinfield Road,Reading,,RG2 8EY,4,27 November 2019,Reading,0,5,10,-0.9471986,51.4263763
Shinfield Players Theatre,Retailers - other,,Shinfield Park,Shinfield READING,RG2 9DF,3,21 November 2025,Wokingham,10,5,10,-0.951096,51.4170837
Shirdi Saibaba Temple & Community,Other catering premises,44 West Street,Reading,,RG1 1TZ,1,02 July 2026,Reading,10,15,20,-0.9762765,51.45616
Shoulder Of Mutton,Pub/bar/nightclub,Shoulder Of Mutton,Playhatch,Reading,RG4 9QU,5,04 March 2025,South Oxfordshire,5,5,5,,
Showcase Cinemas de Lux,Retailers - other,Showcase Cinema,Reading Road,Winnersh,RG41 5HG,4,18 February 2025,Wokingham,5,10,0,,
Signature at Caversham,Caring Premises,199-203 Henley Road,Caversham,Reading,RG4 6LB,5,07 January 2025,Reading,5,0,5,,
Silchester Farm,Other catering premises,Little London Road,Silchester,Reading,RG7 2PS,4,19 March 2026,Basingstoke and Deane,5,5,10,-1.10026407,51.34664
Silchester Village Market Cafe,Other catering premises,Village Hall,Whistlers Lane,Silchester,RG7 2NE,5,04 October 2025,Basingstoke and Deane,5,5,0,-1.099203,51.3539963
Simply Wines Direct,Retailers - other,4 High Street,Pangbourne,Reading,RG8 7AB,5,06 December 2021,West Berkshire,0,0,0,-1.0871861,51.4836845
Sip and Spin,Pub/bar/nightclub,19 Eldon Terrace,Reading,,RG1 4DX,4,10 September 2025,Reading,5,10,5,-0.9574099,51.4529228
Siren City Bars,Other catering premises,1 Friars Walk,Reading,,RG1 1HP,3,19 June 2025,Reading,10,10,10,-0.9744245,51.4569244
Siri Guru Singh Sabha Gurdwara,Other catering premises,30a Cumberland Road,Reading,,RG1 3LB,5,28 July 2026,Reading,5,5,5,-0.9490642,51.4541245
Sizzling Kebab,Restaurant/Cafe/Canteen,531 Oxford Road,Reading,,RG30 1HJ,5,28 April 2026,Reading,5,5,5,-1.00088274,51.4577522
Skipper's Fish and Chips,Takeaway/sandwich shop,579 Basingstoke Road,Reading,,RG2 0SJ,4,25 April 2025,Reading,5,5,10,-0.9689863,51.4206963
SKVP Reading,Other catering premises,97 Kings Road,Reading,,RG1 3DD,4,30 June 2026,Reading,5,0,10,-0.9633042,51.4550972
Slamburger,Restaurant/Cafe/Canteen,60 Christchurch Road,Reading,,RG2 7AZ,4,14 April 2026,Reading,5,10,5,-0.9559268,51.4428749
SLM Food and Beverage at Willink Leisure Centre,Restaurant/Cafe/Canteen,Willink Leisure Centre School Lane,Burghfield Common,Reading,RG7 3XP,5,10 March 2025,West Berkshire,0,0,0,,
SLM Food and Beverage/Everyone Active at Cotswold Sports Centre,Restaurant/Cafe/Canteen,Cotswold Sports Centre Downs Way,Tilehurst,Reading,RG31 6SL,5,10 March 2025,West Berkshire,0,0,0,,
Sloth Coffee Van - Selina Lee,Mobile caterer,23 Battle Place,Reading,,RG30 1AJ,5,04 April 2024,Reading,5,5,5,-0.9961832,51.4573479
Slug & Lettuce,Pub/bar/nightclub,7-9 Friar Street,Reading,,RG1 1DB,5,06 November 2025,Reading,0,0,5,-0.9708073,51.4568062
Slug & Lettuce Riverside Reading,Restaurant/Cafe/Canteen,Bridge Street,Reading,,RG1 2AG,5,18 February 2025,Reading,0,5,0,,
Smart Fish Bar,Takeaway/sandwich shop,138 Reading Road,Henley-On-Thames,Oxon,RG9 1EA,4,29 April 2025,South Oxfordshire,10,5,5,-0.899282,51.53009
SmashNGrill,Takeaway/sandwich shop,171 Caversham Road,Reading,,RG1 8BB,3,17 August 2024,Reading,10,10,10,-0.9765602,51.46344
Smelly Wellies,Restaurant/Cafe/Canteen,Chiltern Cottage South Stoke Road,Woodcote,Reading,RG8 0PL,4,16 February 2022,South Oxfordshire,5,10,5,-1.08026278,51.53645
Smiths Newsagency,Retailers - other,63 Gosbrook Road,Caversham,Reading,RG4 8BN,5,02 December 2017,Reading,0,0,5,-0.96967,51.46642
Smoke & Pepper,Restaurant/Cafe/Canteen,2-3 Buttermarket,Reading,,RG1 2DP,5,26 January 2026,Reading,5,5,5,-0.9701349,51.4553452
Smoked Oak,Restaurant/Cafe/Canteen,The Lyndhurst 88 Queesn Road,Reading,,RG1 4DG,4,29 April 2026,Reading,5,10,5,-0.9613512,51.45364
Smokeez Pizza & Grill,Takeaway/sandwich shop,357 Oxford Road,Reading,,RG30 1AY,1,10 April 2026,Reading,15,15,20,-0.994137,51.45622
Snack Shack,Mobile caterer,South West Banger Racing Club,Mullacott Cross Industrial Estate,Ilfracombe,EX34 8PL,5,02 August 2026,North Devon,0,0,5,-4.12593842,51.18042
Snack Shack at Lagoona Park,Restaurant/Cafe/Canteen,Kirtons Farm Water Ski Club Pingewood,Burghfield,Reading,,5,14 August 2019,West Berkshire,0,0,0,,
Snowflake Gelato,Restaurant/Cafe/Canteen,The Oracle Upper Level Kiosk,Reading,,RG1 2AG,AwaitingInspection,N/A,Reading,,,,-0.9708313,51.45381
Sodexo,Other catering premises,350 Brook Drive,Reading,,RG2 6UU,5,26 June 2025,Reading,0,0,0,-0.991022,51.42314
Sodexo at Gillette,Restaurant/Cafe/Canteen,452 Basingstoke Road,Reading,,RG2 0QE,5,14 March 2025,Reading,0,0,0,-0.9722401,51.42889
Sodexo at JM Sonning,Restaurant/Cafe/Canteen,Blounts Court Road Sonning Common,Reading,,RG4 9NH,5,29 July 2026,South Oxfordshire,5,5,0,,
Sonning Common Fish Bar,Takeaway/sandwich shop,2 Green Lane,Sonning Common,Reading,RG4 9NA,5,20 August 2025,South Oxfordshire,5,5,5,,
Sonning Common Food & Wine,Retailers - other,26 Peppard Road,Sonning Common,Reading,RG4 9SU,5,26 October 2021,South Oxfordshire,0,0,5,,
Sonning Common Primary School Breakfast/After School Club,School/college/university,Grove Road,Sonning Common,Reading,RG4 9RJ,5,17 October 2024,South Oxfordshire,5,0,5,,
Sorrento,Restaurant/Cafe/Canteen,33 Reading Road South,Fleet,Hampshire,GU52 7QP,4,11 March 2026,Hart,5,10,5,-0.8422851,51.27717
Soul Chill Café,Restaurant/Cafe/Canteen,67 London Street,Reading,,RG1 4QA,3,06 March 2026,Reading,10,10,10,-0.9677063,51.45199
Soul Taste,Mobile caterer,Wasing Place Wasing Park,Aldermaston,Reading,RG7 4NG,AwaitingInspection,N/A,West Berkshire,,,,,
Source Cafe @ Three Green Park,Restaurant/Cafe/Canteen,450 Longwater Avenue,Reading,,RG2 6GF,5,26 November 2024,Reading,0,5,5,-0.9944901,51.4226151
South Reading Over 50s Lunch Club,Other catering premises,28-35 Lexington Grove,Reading,,RG2 8UG,5,15 January 2025,Reading,0,5,5,-0.9626604,51.41323
South Stoke Community Shop,Retailers - other,South Stoke Community Shop Cross Keys Road,South Stoke,Reading,RG8 0JT,5,08 June 2022,South Oxfordshire,0,5,5,,
South Street Arts Centre Bar,Pub/bar/nightclub,21 South Street,Reading,,RG1 4QU,5,14 May 2025,Reading,0,5,5,-0.9662586,51.45237
South Whitley Superstore,Retailers - supermarkets/hypermarkets,238-240 Northumberland Avenue,Reading,,RG2 7QA,3,08 August 2025,Reading,10,10,10,-0.9627342,51.4326363
Southcote Newsagency,Retailers - other,6 Southcote Parade,Reading,,RG30 3DT,4,10 November 2025,Reading,0,0,10,-1.00039041,51.44271
Southcote Pantry,Other catering premises,280a Southcote Lane,Reading,,RG30 3BL,5,24 June 2025,Reading,5,5,5,-1.016487,51.44292
Southcote Pharmacy,Retailers - other,36 Coronation Square,Reading,Berkshire,RG30 3QN,Exempt,N/A,Reading,,,,-1.01060534,51.4421768
Spar,Retailers - other,12 Spey Road,Tilehurst,Reading,RG30 4DG,3,08 October 2024,Reading,10,10,10,-1.01609325,51.4559021
Spice Lounge,Restaurant/Cafe/Canteen,20 High Street,Theale,Reading,RG7 5AN,1,23 January 2026,West Berkshire,15,15,20,-1.07572508,51.437252
Spice Master,Restaurant/Cafe/Canteen,22 Hildens Drive,Tilehurst,Reading,RG31 5HU,5,29 July 2026,West Berkshire,,,,-1.04949665,51.45533
Spicy CHULLA Punjabi Restaurant,Restaurant/Cafe/Canteen,109 Wokingham Road,Reading,,RG6 1LH,4,13 May 2026,Reading,5,5,10,-0.9363338,51.4483
Spicy Chutney,Mobile caterer,51 Silverthorne Drive Caversham,Reading,,RG4 7NR,5,10 December 2025,Reading,0,0,0,-0.9916908,51.4843
Spill Bar,Pub/bar/nightclub,29 Church Street,Caversham,Reading,RG4 8BA,4,20 March 2025,Reading,0,10,5,-0.9747996,51.4675
Spinners,Pub/bar/nightclub,1a Queens Walk,Reading,,RG1 7QF,5,06 July 2024,Reading,5,5,5,-0.9775046,51.4550362
Spire Dunedin Hospital,Caring Premises,16 Bath Road,Reading,,RG1 6NS,5,10 July 2026,Reading,0,5,0,-0.9857868,51.4504623
Spitiko Greek Restaurant,Restaurant/Cafe/Canteen,6 Prospect Street,Caversham,Reading,RG4 8JG,3,25 June 2025,Reading,10,10,10,-0.9729646,51.4677963
Spoons,Mobile caterer,,Redding Industrial Estate,,FK2 9TT,Pass,12 February 2026,Falkirk,,,,-3.74485469,55.98389
Spoons Coffee Shop,Restaurant/Cafe/Canteen,7 The Colonnade Overdown Road,Tilehurst,Reading,RG31 6PR,5,28 October 2025,West Berkshire,0,5,0,-1.04427087,51.4698563
Sports Direct,Retailers - other,Unit 2 Savacentre Bath Road,Calcot,Reading,RG31 7SA,5,07 March 2025,West Berkshire,0,0,0,-1.06152284,51.4429855
Sports Direct,Retailers - other,61-64 Broad Street,Reading,,RG1 2AJ,Exempt,N/A,Reading,,,,-0.9745446,51.4557343
Sportsdirect.com,Retailers - other,Unit 2 Savacentre Bath Road,Calcot,Reading,RG31 7SA,Exempt,N/A,West Berkshire,,,,-1.06152284,51.4429855
Springwater Foodbank,Retailers - other,The Church Of Christ The King Sedgewell Road,Sonning Common,Reading,RG4 9TA,AwaitingInspection,N/A,South Oxfordshire,,,,,
Spud Kingz,Mobile caterer,Unit 5 Reading Gate Retail Park,Reading,,RG2 0QG,3,14 January 2026,Reading,10,10,5,-0.9800929,51.42244
Spudski,Mobile caterer,2-4 Wokingham Road,Reading,,RG6 1JG,5,29 April 2025,Reading,5,0,0,-0.94855,51.45278
Square Deal Cafe,Restaurant/Cafe/Canteen,Square Deal,Bath Road,Knowl Hill,RG10 9UR,5,09 July 2026,Windsor and Maidenhead,,,,-0.816516,51.5080338
SRI Sadguru Seva,Restaurant/Cafe/Canteen,56 Nightingale Way Reading,Reading,,RG30 1FF,5,06 August 2026,Reading,0,5,0,-0.9941339,51.4590836
St Andrews Church Hall,Other catering premises,St Andrews Church,Reading Street,Broadstairs,CT10 3AZ,5,21 July 2025,Thanet,0,0,0,1.431551,51.3743057
St Anthony Store,Retailers - other,7 Whitley Street,Reading,,RG2 0EG,4,11 September 2025,Reading,5,5,10,-0.9656221,51.44615
St Bernards Catholic High School,School/college/university,St Bernards Roman Catholic School,Rating Lane,Barrow-In-Furness,LA13 9LE,4,13 October 2025,Westmorland and Furness,5,10,5,-3.200219,54.129612
St Catherine's Cafe,Restaurant/Cafe/Canteen,Church Of St Catherine Wittenham Avenue,Tilehurst,Reading,,5,03 March 2026,West Berkshire,0,0,0,,
St Johns CE Primary School,School/college/university,121-147 Orts Road,Reading,,RG1 3JN,5,26 February 2025,Reading,5,5,5,-0.9526988,51.4550362
St Leonards Church,Other catering premises,Reading Road,Church End,Sherfield-on-Loddon,RG27 0JB,5,26 November 2025,Basingstoke and Deane,0,0,0,-1.036664,51.30526
St Lukes & The Oaks Residential Home,Caring Premises,Marshland Square,Emmer Green,Reading,RG4 8RP,5,12 December 2025,Reading,0,5,5,,
St Matthews Church,Other catering premises,205 Southcote Lane,Reading,,RG30 3AX,5,03 August 2023,Reading,5,5,0,-1.01136422,51.4409332
St Paul's Stars Breakfast & After School Club,Caring Premises,St Pauls Catholic Primary School City Road,Tilehurst,Reading,RG31 4SZ,5,08 July 2024,West Berkshire,0,0,0,,
Stableside,Hotel/bed & breakfast/guest house,York Racing Stables,Tadcaster Road,Dringhouses,YO24 1QE,5,15 August 2025,York,0,0,0,-1.11463,53.9347458
Staple,Restaurant/Cafe/Canteen,Village Stores,30A Reading Street,Broadstairs,CT10 3AZ,5,06 September 2024,Thanet,0,5,0,1.431551,51.3743057
Starbucks at Reading Rail Station Concourse,Restaurant/Cafe/Canteen,Station Approach,Reading,,,5,03 April 2025,Reading,0,5,0,,
Starbucks Coffee Co At Sainsburys,Restaurant/Cafe/Canteen,Savacentre Bath Road,Calcot,Reading,RG31 7SA,5,28 July 2010,West Berkshire,5,5,5,-1.06152284,51.4429855
Starbucks Coffee Company,Restaurant/Cafe/Canteen,Unit 5 Reading Link Retail Park,Rose Kiln Lane,Reading,RG2 0SN,5,12 March 2026,Reading,0,5,0,-0.9779641,51.4436035
Starbucks Coffee Shop,Restaurant/Cafe/Canteen,6 King Street,Reading,,RG1 2HB,5,11 August 2026,Reading,0,5,0,-0.9698076,51.45518
Starbucks Kiosk at Reading Station,Takeaway/sandwich shop,Station Approach,Reading,,RG1 1LY,5,25 September 2025,Reading,0,5,0,-0.972663939,51.45874
Station Spuds and Grill,Mobile caterer,Reading Train Station,Entrance 2,Trooper Potts Way,RG1 8AC,5,14 August 2026,Reading,5,5,5,,
Steak and Smash,Mobile caterer,Flat 20 Cadogan House Rose Kiln Lane,Reading,,RG2 0HP,5,21 March 2025,Reading,5,0,5,-0.9758951,51.4449
Stepping Stones Preschool,Caring Premises,1 Dunsfold Road,Tilehurst,Reading,RG30 2NP,5,23 October 2025,Reading,5,5,5,-1.0285753,51.45303
Stir Food at Beenham Primary School,School/college/university,Beenham Primary School,Beenham,Reading,RG7 5NN,5,20 May 2026,West Berkshire,0,5,5,,
Stir Food at Englefield C.E. Primary School,School/college/university,Englefield Church Of England Primary School The Street,Englefield,Reading,RG7 5ER,5,21 May 2026,West Berkshire,5,5,5,-1.1004951,51.4433174
Stir Food at The Avenue Special School,School/college/university,Conwy Close,Tilehurst,Reading,RG30 4BZ,5,12 May 2026,Reading,0,5,5,,
Stir Food at Woolhampton C.E. Primary School,School/college/university,Woolhampton Church Of England Primary School Woolhampton Hill,Upper Woolhampton,Reading,RG7 5TB,5,19 May 2026,West Berkshire,5,5,5,,
Stir Fry Caversham,Takeaway/sandwich shop,36a Church Street,Caversham,Reading,RG4 8AU,2,16 March 2026,Reading,10,15,10,-0.9736729,51.4676666
Stokrotka,Retailers - other,43 Whitley Street,Reading,,RG2 0EG,4,06 May 2024,Reading,10,5,5,-0.9651936,51.4453735
Stoneham Grove Care Home,Caring Premises,Stoneham Grove Care Home Long Lane,Tilehurst,Reading,RG31 5UG,5,12 August 2026,West Berkshire,0,5,0,,
Stop and Taste,Restaurant/Cafe/Canteen,3 Cavendish Road,Reading,,RG4 8XU,3,28 November 2025,Reading,10,5,10,,
Stratfield Saye Preservation Trust Cafe,Restaurant/Cafe/Canteen,Stratfield Saye House,The Copse,Stratfield Saye,RG7 2BZ,4,14 August 2025,Basingstoke and Deane,10,0,10,-0.99859,51.34947
Streatley Hill Pre-School,Caring Premises,Streatley Church Of England Voluntary Controlled School The Coombe,Streatley,Reading,RG8 9QL,Exempt,N/A,West Berkshire,,,,,
Street Food Shack,Restaurant/Cafe/Canteen,33A - 33B High Street,Theale,Reading,RG7 5AH,5,25 February 2025,West Berkshire,0,5,0,-1.0750109,51.437706
Stroke Care For Newbury,Other catering premises,Woolhampton Village Hall Bath Road,Woolhampton,Reading,RG7 5RE,5,18 March 2025,West Berkshire,0,0,0,,
Subway,Takeaway/sandwich shop,,Unit 1 Lower Earley,Chalfront Way,RG6 5HJ,5,12 August 2025,Wokingham,0,5,0,-0.9342,51.42349
Subway,Takeaway/sandwich shop,146 Wokingham Road,Reading,,RG6 1JL,5,24 June 2025,Reading,5,5,5,-0.9380453,51.44895
Subway,Takeaway/sandwich shop,21 Oxford Road,Reading,,RG1 7QG,5,17 May 2025,Reading,5,5,5,-0.9763416,51.4551849
Subway,Takeaway/sandwich shop,146 Wokingham Road,Reading,,RG6 1JL,5,24 June 2025,Reading,5,5,5,-0.9380453,51.44895
Subway,Restaurant/Cafe/Canteen,Unit 10 Brunel Retail Park Rose Kiln Lane,Reading,,RG2 0HS,5,16 January 2025,Reading,0,0,5,-0.973436,51.4352226
Subway,Takeaway/sandwich shop,Moulsford Mews,Reading,,RG30 1AP,5,25 March 2026,Reading,5,5,5,-0.99777,51.4597168
Subway,Takeaway/sandwich shop,7 Gun Street,Reading,,RG1 2JR,5,09 July 2024,Reading,0,5,5,-0.9730168,51.4539032
Subway,Restaurant/Cafe/Canteen,,420 Reading Road,Winnersh,RG41 5EP,5,02 January 2025,Wokingham,0,5,5,-0.879239,51.4293327
Subway,Takeaway/sandwich shop,234a Shinfield Road,Reading,,RG2 8EX,4,10 February 2026,Reading,10,5,5,-0.9466479,51.42781
Sue Ryder,Retailers - other,6-8 Oxford Road,Reading,Berkshire,RG1 7LA,Exempt,N/A,Reading,,,,-0.9759722,51.4556122
Sue Ryder Care,Caring Premises,22 Liebenrood Road,Reading,,RG30 2DX,5,30 June 2026,Reading,5,0,5,-1.00184274,51.44936
Sue Ryder Shop,Retailers - other,119 Wokingham Road,Reading,,RG6 1LH,Exempt,N/A,Reading,,,,-0.9361632,51.4482079
Sugar Land Sweets UK,Retailers - other,Paddock Road,Caversham,Reading,RG4 5BY,4,19 July 2024,Reading,5,0,10,,
Sulhamstead & Ufton Cricket Club,Pub/bar/nightclub,Sulhamstead Cricket Club Bath Road,Sulhamstead,Reading,,5,30 January 2013,West Berkshire,0,0,5,,
Sultan Halal,Retailers - other,403 Oxford Road,Reading,,RG30 1HA,4,21 May 2025,Reading,5,5,10,-0.9959411,51.45665
Sultan Halal Meats,Retailers - other,80 Tean House Havergate Way,Reading,,RG2 0GU,5,03 March 2026,Reading,5,5,0,-0.9753665,51.43059
Sume,Restaurant/Cafe/Canteen,3 Broad Street,Reading,,RG1 2BH,4,28 April 2026,Reading,10,5,5,-0.9702942,51.4553
Sunshine Chinese Takeaway,Takeaway/sandwich shop,893 Oxford Road,Reading,,RG30 6TR,3,24 February 2026,Reading,10,10,10,-1.0225637,51.4669876
Super Convenience,Retailers - other,125 Friar Street,Reading,,RG1 1EP,AwaitingInspection,N/A,Reading,,,,-0.9740237,51.4565
Super Delight,Retailers - other,125 Friar Street,Reading,,RG1 1EP,5,01 December 2025,Reading,5,5,0,-0.9740237,51.4565
Super Fire Gym,Other catering premises,19 Boulton Road,Reading,,RG2 0NH,5,26 April 2024,Reading,0,5,5,-0.9728116,51.4367638
Super Striker Fundraisers at Katesgrove Primary School,School/college/university,Dorothy Street,Reading,,RG1 2NL,4,27 February 2026,Reading,5,5,10,-0.971625149,51.44965
Superdrug Stores,Retailers - other,47-49 Church Street,Caversham,Reading,RG4 8BA,Exempt,N/A,Reading,,,,-0.9740539,51.4673653
Superdrug Stores,Retailers - other,55-59 Broad Street,Reading,,RG1 2AF,Exempt,N/A,Reading,,,,-0.9741979,51.4557953
Superdrug Stores at Broad St Mall,Retailers - other,Broad Street,Reading,,RG1 7QE,Exempt,N/A,Reading,,,,,
Superdrug Stores Plc,Retailers - other,Roaring Meg Retail Park,London Road,Stevenage,SG1 1XN,Exempt,N/A,Stevenage,,,,-0.198948,51.8919945
Supersave Convenience,Retailers - other,234 Northumberland Avenue,Reading,,RG2 7QA,4,08 August 2025,Reading,5,5,10,-0.9627028,51.4327545
Supreme Facilites,Other catering premises,648-654 Oxford Road,Reading,,RG30 1EH,4,10 November 2025,Reading,0,10,5,-1.00679421,51.45994
Sure Hotel by Best Western Reading,Hotel/bed & breakfast/guest house,39 Christchurch Road,Reading,,RG2 7AN,5,05 March 2025,Reading,0,0,5,-0.96159,51.44439
Sure Start Whitley Nursery,Caring Premises,252-260 Northumberland Avenue,Reading,,RG2 7QA,5,19 June 2026,Reading,0,0,5,-0.9630604,51.43221
Surpal Food and Wine,Retailers - other,225A London Road,Reading,,,5,11 May 2026,Reading,5,0,5,,
Sushi Daily at Waitrose,Retailers - other,51 Church Street,Caversham,Reading,RG4 8AY,5,18 March 2026,Reading,0,0,0,-0.9736245,51.4672546
Sushi Daily at Waitrose,Retailers - other,980 Oxford Road,Tilehurst,Reading,RG30 6WR,5,29 October 2025,Reading,5,0,0,-1.01912117,51.46573
Sushi Gourmet at Sainsburys,Retailers - other,Savacentre Bath Road,Calcot,Reading,RG31 7SA,5,13 May 2026,West Berkshire,5,0,0,-1.06152284,51.4429855
Sushi Mania,Restaurant/Cafe/Canteen,9 Queens Walk,Reading,,RG1 7QF,4,13 May 2026,Reading,5,10,5,-0.9763454,51.4543648
Suzi’s Sweet Treats,Mobile caterer,2 Tay Road,Reading,,RG30 4DR,5,11 August 2026,Reading,0,0,5,-1.02018178,51.4565277
Swaadish Fried Chicken by The Bowler Gourmet Balls,Mobile caterer,Blue Collar Corner 15 Hosier Street,Reading,,RG1 7QL,5,30 April 2026,Reading,0,5,0,,
Swan Public House,Pub/bar/nightclub,The Swan Hotel Shooters Hill,Pangbourne,Reading,RG8 7DU,5,21 August 2025,West Berkshire,0,0,0,-1.09039056,51.48621
Sweeney & Todd,Restaurant/Cafe/Canteen,10 Castle Street,Reading,,RG1 7RD,5,19 November 2024,Reading,5,5,5,-0.9744883,51.4537468
Sweet Cloud Cakery,Other catering premises,50 Corwen Road,Tilehurst,Reading,RG30 4SJ,5,09 March 2021,Reading,0,0,0,-1.03358054,51.4545441
Sweet Shak,Retailers - other,Arena Racing Southwell Ltd,Southwell Racecourse,Station Road,NG25 0TS,AwaitingInspection,N/A,Newark and Sherwood,,,,-0.9036588,53.06671
Taco Bell,Restaurant/Cafe/Canteen,207-211 Broad Street,Reading,,RG1 7QH,4,30 June 2026,Reading,5,10,5,-0.9753815,51.4549942
Tadley Rugby Club,Pub/bar/nightclub,Frank Jose Park Red Lane,Aldermaston,Reading,RG7 4PA,5,15 July 2025,West Berkshire,0,0,0,-1.12391186,51.3722763
Take Your Time,Restaurant/Cafe/Canteen,Unit 5A First Floor The Village 19-23 King Street,Reading,,RG1 2HG,3,18 November 2025,Reading,10,10,10,-0.96969,51.45479
Tanatan,Restaurant/Cafe/Canteen,45 London Street,Reading,,RG1 4PS,4,15 April 2026,Reading,5,10,5,-0.9680235,51.4526024
Tandoori Connoisseur,Restaurant/Cafe/Canteen,21 Wood Lane,Sonning Common,Reading,RG4 9SJ,3,28 August 2025,South Oxfordshire,10,10,10,-0.9813989,51.51702
Tariq Halal Meats Reading,Retailers - other,477 Oxford Road,Reading,,RG30 1HF,5,20 August 2025,Reading,5,0,5,-0.9990215,51.4572945
Taste Of China,Takeaway/sandwich shop,35A High Street,Theale,Reading,RG7 5AH,5,21 August 2024,West Berkshire,5,5,5,-1.07486641,51.43774
Taste Of Tandoori Ltd,Restaurant/Cafe/Canteen,33 Hildens Drive,Tilehurst,Reading,RG31 5HY,4,09 January 2025,West Berkshire,5,5,10,-1.04985106,51.4555855
Taste5,Retailers - supermarkets/hypermarkets,132 Friar Street,Reading,,RG1 1EP,5,10 June 2026,Reading,5,5,5,-0.973547,51.45658
Tasty Bun/Herbies Pizza,Restaurant/Cafe/Canteen,Civil Service Club James Lane,Burghfield,Reading,RG30 3RS,AwaitingInspection,N/A,West Berkshire,,,,,
Tasty Greek Souvlaki,Restaurant/Cafe/Canteen,20 Market Place,Reading,,RG1 2EG,5,26 January 2025,Reading,5,5,5,-0.9691692,51.4560471
Tasty States,Mobile caterer,Flat 3 Forbury House,Reading,,RG30 2QU,AwaitingInspection,N/A,Reading,,,,,
Tea People,Retailers - other,115 Loverock Road,Reading,,RG30 1DZ,1,25 March 2026,Reading,15,15,20,-1.004569,51.4623146
Tea Rooms Aldermaston Wharf,Restaurant/Cafe/Canteen,Aldermaston Wharf Wharf Side,Padworth,Reading,RG7 4JS,5,10 June 2025,West Berkshire,0,0,0,,
Teamsport Cambuslang,Restaurant/Cafe/Canteen,Scotkart Indoor Racing,Westburn Road,Cambuslang,G72 7UD,Pass,13 August 2019,South Lanarkshire,,,,,
TeamSport Indoor Karting,Restaurant/Cafe/Canteen,Cradock Road,Reading,,RG2 0EE,5,26 June 2025,Reading,5,5,0,-0.9688563,51.4381065
Tech & Treats,Retailers - other,551 Oxford Road,Reading,,RG30 1HJ,AwaitingInspection,N/A,Reading,,,,-1.00166965,51.4579659
Teng Hui,Takeaway/sandwich shop,343 Oxford Road,Reading,,RG30 1AY,5,08 October 2025,Reading,5,5,0,-0.9937356,51.4561424
Tenterden Garden Centre,Retailers - other,Tollgate Nursery Reading Street,,Tenterden,TN30 7HT,5,10 November 2025,Ashford,0,5,0,,
Tequila Off Licence,Retailers - other,256-258 Oxford Road,Reading,,RG30 1AD,2,28 June 2024,Reading,15,10,10,-0.9930404,51.4563446
Terry's Takeaway,Takeaway/sandwich shop,437 Basingstoke Road,Reading,,RG2 0JF,4,23 March 2026,Reading,5,5,10,-0.9696024,51.42721
Tesco,Retailers - supermarkets/hypermarkets,Buckingham Drive,Emmer Green,Reading,RG4 8RZ,5,09 February 2025,Reading,5,5,5,,
Tesco,Retailers - supermarkets/hypermarkets,Buckingham Drive,Emmer Green,Reading,RG4 8RZ,5,09 February 2025,Reading,5,5,5,,
Tesco,Retailers - supermarkets/hypermarkets,Unit 3 The Parade Knowsley Road,Tilehurst,Reading,RG31 6FA,5,26 February 2013,West Berkshire,0,0,0,-1.04956484,51.4735222
Tesco,Retailers - supermarkets/hypermarkets,28-34 Oxford Road,Reading,Berkshire,RG1 7LA,5,29 January 2025,Reading,0,0,5,-0.9768092,51.455513
Tesco,Retailers - supermarkets/hypermarkets,12 Tilehurst Road,Reading,,RG1 7TN,5,09 February 2025,Reading,5,5,5,-0.9852097,51.45248
Tesco,Retailers - supermarkets/hypermarkets,211 Oxford Road,Reading,Berkshire,RG1 7PX,5,30 January 2025,Reading,5,0,5,-0.9862428,51.45542
Tesco,Retailers - supermarkets/hypermarkets,4 Market Place,Reading,,RG1 2EG,5,29 January 2025,Reading,0,5,0,-0.9690085,51.455513
Tesco,Retailers - supermarkets/hypermarkets,55 Whitley Street,Reading,,RG2 0EG,5,31 January 2025,Reading,0,5,5,-0.96504,51.44506
Tesco,Retailers - supermarkets/hypermarkets,Napier Road,Reading,,RG1 8DF,5,17 September 2019,Reading,5,5,0,-0.956581831,51.4597168
Tesco,Retailers - supermarkets/hypermarkets,6-8 Crown Street,Reading,,,5,02 March 2025,Reading,5,5,5,,
Tesco,Retailers - supermarkets/hypermarkets,108 Bath Road,Reading,,RG30 2EU,5,19 August 2025,Reading,5,5,5,-1.01748526,51.4446831
Tesco,Retailers - supermarkets/hypermarkets,Portman Road,Reading,,RG30 1AW,5,31 October 2025,Reading,0,5,5,-0.9929584,51.4597855
Tesco,Retailers - supermarkets/hypermarkets,Tesco Express Reading Road,Burghfield Common,Reading,RG7 3QA,4,26 July 2016,West Berkshire,0,10,5,-1.0665493,51.3933334
Tesco at Crown Collonade,Retailers - supermarkets/hypermarkets,London Road,Reading,,RG1 5BA,5,29 October 2025,Reading,5,5,0,,
Tesco Express,Retailers - supermarkets/hypermarkets,Tesco Reading Road,Goring-On-Thames,Reading,RG8 0ER,5,18 June 2018,South Oxfordshire,0,0,0,,
Tesco Express,Retailers - supermarkets/hypermarkets,18-20 Church Street,Caversham,Reading,RG4 8AU,5,09 February 2025,Reading,5,5,5,-0.9752085,51.46788
Tesco Express,Retailers - supermarkets/hypermarkets,203-205 Shinfield Road,Reading,,RG2 8HA,5,11 February 2025,Reading,5,5,5,-0.9455288,51.42831
Tesco Express-Yateley,Retailers - other,Tesco Stores Ltd,Reading Road,Yateley,GU46 7UH,5,24 September 2025,Hart,0,5,0,,
Tesco Family Dining at Tesco Customer Cafe,Restaurant/Cafe/Canteen,Napier Road,Reading,,RG1 8DF,5,02 December 2025,Reading,5,5,5,-0.956581831,51.4597168
Tesco Family Dining Ltd - Cafe,Restaurant/Cafe/Canteen,,Tesco Stores Ltd,Colliery Road,FK2 9RA,Pass,25 September 2025,Falkirk,,,,-3.73787,55.98445
Tesco Petrol station,Retailers - other,Portman Road,Reading,,RG30 1AW,5,09 February 2025,Reading,5,5,5,-0.9929584,51.4597855
Tesco Petrol Station,Retailers - other,Napier Road,Reading,,RG1 8DF,5,02 March 2025,Reading,5,5,5,-0.956581831,51.4597168
Tesco Reading Green Park Express,Retailers - supermarkets/hypermarkets,51b Flagstaff Road,Reading,,RG2 6BW,5,31 January 2025,Reading,0,0,0,-1.00063515,51.42703
Tesco Stores,Retailers - supermarkets/hypermarkets,1 Palmer Street,Reading,,RG1 3GX,5,23 June 2025,Reading,0,0,0,-0.9621466,51.45699
Tesco Stores Ltd,Retailers - supermarkets/hypermarkets,,Tesco Stores Ltd,Colliery Road,FK2 9RA,Pass,12 November 2025,Falkirk,,,,-3.73787,55.98445
Tesco Superstore,Retailers - supermarkets/hypermarkets,359 Reading Road,Henley-On-Thames,Oxon,RG9 4HA,5,24 February 2026,South Oxfordshire,5,0,5,-0.8935832,51.5273
TG Jones,Retailers - other,39 Broad Street,Reading,,RG1 2AD,4,07 July 2025,Reading,5,10,5,-0.972613,51.45587
Thai Corner,Restaurant/Cafe/Canteen,47 West Street,Reading,,RG1 1TT,3,04 December 2025,Reading,10,10,10,-0.9762717,51.45638
Thai Lotus,Takeaway/sandwich shop,3 The Arcade High Street,Goring,Reading,RG8 9AY,5,15 January 2025,South Oxfordshire,5,5,5,-1.13640022,51.5223351
Thai Table,Restaurant/Cafe/Canteen,8 Church Road,Caversham,Reading,RG4 7AD,5,19 May 2026,Reading,5,5,0,-0.9771369,51.4672661
ThaiGrr!,Restaurant/Cafe/Canteen,1d Queens Walk,Reading,,RG1 7QF,5,09 June 2026,Reading,5,5,5,-0.9773467,51.4547768
Thames Hospice Cafe - Reading,Restaurant/Cafe/Canteen,16a -16b Richfield Avenue,Reading,,RG1 8EQ,5,12 March 2025,Reading,5,0,5,-0.9849042,51.4636765
Thames Lido,Restaurant/Cafe/Canteen,Napier Road,Reading,,,5,04 September 2025,Reading,5,5,5,-0.957047,51.4591637
Thames Valley School,School/college/university,2 Conwy Close,Tilehurst,Reading,RG30 4BZ,5,11 November 2025,Reading,5,5,5,-1.02832437,51.45264
The Acai Club,Takeaway/sandwich shop,85 Kings Road,Reading,,RG1 3DD,5,24 March 2026,Reading,0,5,5,-0.9637659,51.4550476
The Ale House,Pub/bar/nightclub,2 Broad Street,Reading,,RG1 2BH,3,23 April 2026,Reading,10,10,10,-0.9702498,51.4553566
The Allied Arms,Pub/bar/nightclub,57 St Marys Butts,Reading,,RG1 2LG,5,10 October 2025,Reading,0,5,0,-0.9743649,51.45476
The Angel,Pub/bar/nightclub,Angel Inn Bath Road,Woolhampton,Reading,RG7 5RT,1,15 September 2025,West Berkshire,10,15,20,,
The Atrium Cafe,Restaurant/Cafe/Canteen,Friar Street,Reading,,RG1 1EH,5,01 July 2025,Reading,5,5,5,-0.9770182,51.45652
The Atrium Health Club,Other catering premises,Scours Lane,Tilehurst,Reading,RG30 6AY,1,18 December 2025,Reading,10,15,20,,
The Bakery Cottage,Other catering premises,19 Arbroath Road,Reading,,RG30 4EF,4,16 February 2026,Reading,5,0,10,-1.014749,51.4575
The Baobab,Restaurant/Cafe/Canteen,3 West End Road,Mortimer Common,Reading,RG7 3TB,5,17 November 2016,West Berkshire,0,0,0,-1.06223536,51.3765564
The Bap,Takeaway/sandwich shop,23-24 Market Place,Reading,,RG1 2DE,3,06 August 2025,Reading,10,10,10,-0.9697148,51.4561043
The Barns At Wellington,Restaurant/Cafe/Canteen,The Barns At Wellington Estate Office,New Street,Stratfield Saye,RG7 2BT,5,16 December 2025,Basingstoke and Deane,,,,-1.00422227,51.3581619
The Bell,Pub/bar/nightclub,The Street,Waltham St Lawrence,Reading,RG10 0JJ,5,13 March 2025,Windsor and Maidenhead,0,5,5,-0.805594,51.48323
The Bell Inn,Pub/bar/nightclub,The Bell Bell Lane,Aldworth,Reading,RG8 9SE,5,23 June 2026,West Berkshire,5,5,5,-1.20044422,51.5130424
The Berkshire Arms,Restaurant/Cafe/Canteen,Berkshire Arms Hotel Bath Road,Midgham,Reading,RG7 5UX,5,12 December 2024,West Berkshire,0,0,0,-1.21404338,51.3984528
The Berkshire Independent Hospital,Caring Premises,Wensley Road,Reading,Berkshire,RG1 6UZ,5,14 April 2026,Reading,5,5,5,,
The Biryani Lounge,Restaurant/Cafe/Canteen,89 Wokingham Road,Reading,,RG6 1LH,3,07 July 2026,Reading,10,10,10,-0.9368448,51.4486
The Bite Sandwich and Coffee Bar at Milestone Way precinct,Takeaway/sandwich shop,Milestone Way,Caversham,Reading,RG4 8XW,5,14 August 2026,Reading,5,5,5,,
The Black Horse,Pub/bar/nightclub,16 Kidmore End Road,Emmer Green,Reading,RG4 8SE,5,04 August 2025,Reading,0,0,0,-0.9636116,51.4834862
The Black Horse Pub,Pub/bar/nightclub,Black Horse Public House,Checkendon,Reading,RG8 0TE,3,24 March 2026,South Oxfordshire,10,10,10,,
The Black Lion,Pub/bar/nightclub,Greenmore,Woodcote,Reading,RG8 0RB,5,12 June 2024,South Oxfordshire,0,5,0,,
The Blackbird Cafe,Restaurant/Cafe/Canteen,The Blackbird Cafe Broad Lane,Chapel Row,Reading,RG7 6PD,5,21 October 2025,West Berkshire,5,0,5,-1.18032432,51.42319
The Bladebone,Pub/bar/nightclub,The Bladebone Broad Lane,Chapel Row,Reading,RG7 6PD,5,07 March 2025,West Berkshire,0,5,5,-1.18056691,51.4233
The Blagrave Arms,Pub/bar/nightclub,35 Blagrave Street,Reading,,RG1 1PW,5,21 August 2025,Reading,0,0,0,-0.970704,51.45756
The Botanist,Pub/bar/nightclub,Unit 1 1-5 Kings Street,Reading,,RG1 2HB,5,02 August 2024,Reading,5,5,5,-0.9693319,51.45521
The Bounce Park Reading,Restaurant/Cafe/Canteen,River Academy 7 Richfield Avenue,Reading,,RG1 8EQ,5,17 February 2026,Reading,0,0,0,-0.9879576,51.4646339
The Boundary,Pub/bar/nightclub,21-23 St Marys Butts,Reading,,RG1 2LN,5,09 August 2025,Reading,5,5,5,-0.9748336,51.4543953
The Boundary Cafe,Restaurant/Cafe/Canteen,,Westquarter And Redding Cricket Club Pavilion,Sunnyside Road,FK2 0RN,Pass,05 June 2025,Falkirk,,,,,
The Bull,Pub/bar/nightclub,The Bull 41 High Street,Theale,Reading,RG7 5AH,5,02 June 2025,West Berkshire,5,5,0,-1.07425511,51.4380836
The Bull Inn,Pub/bar/nightclub,Bull Inn Cock Lane,Stanford Dingley,Reading,RG7 6LS,4,09 December 2025,West Berkshire,10,5,0,-1.17169988,51.4404564
The Bull Inn,Pub/bar/nightclub,The Bull Reading Road,Streatley,Reading,RG8 9JJ,AwaitingInspection,N/A,West Berkshire,,,,-1.1489954,51.5224648
The Burger Society,Mobile caterer,Blue Collar Corner 15 Hosier Street,Reading,,RG1 7QL,5,02 March 2025,Reading,5,5,5,,
The Butchers Arms,Pub/bar/nightclub,Blounts Court Road,Sonning Common,Reading,RG4 5RS,5,02 April 2026,South Oxfordshire,5,5,5,,
The Butchers Arms,Pub/bar/nightclub,9 Lower Armour Road,Tilehurst,Reading,RG31 6HH,4,15 July 2024,Reading,5,5,10,-1.03827977,51.4637833
The Butler,Pub/bar/nightclub,85-91 Chatham Street,Reading,,RG1 7DS,5,21 March 2024,Reading,5,5,5,-0.9809929,51.4560928
The Butt Inn Limited,Pub/bar/nightclub,Butt Inn Station Road,Aldermaston,Reading,RG7 4LA,4,11 September 2025,West Berkshire,5,10,5,-1.138396,51.3988075
The Cabin Pre-school,Caring Premises,Langtree School Ground Reading Road,Woodcote,Reading Oxon,RG8 0QY,4,04 December 2025,South Oxfordshire,5,10,5,-1.06907475,51.53307
The Calleva Arms,Pub/bar/nightclub,The Common,Silchester,Reading,RG7 2PH,1,14 July 2026,Basingstoke and Deane,15,10,20,-1.103435,51.3549652
The Canalside,Pub/bar/nightclub,,Craiglee Inn,Redding Road,FK2 0DP,Pass,30 September 2025,Falkirk,,,,-3.739298,55.9826965
The Carey Centre,Restaurant/Cafe/Canteen,Anstey Road,Reading,,RG1 7JR,5,11 February 2026,Reading,0,5,0,-0.9789066,51.45247
The Castle Tap Public House,Pub/bar/nightclub,120 Castle Street,Reading,,RG1 7RJ,5,18 September 2025,Reading,0,0,0,-0.9789904,51.4519234
The Catherine Wheel,Pub/bar/nightclub,Station Road,Goring,Reading,RG8 9HB,5,10 April 2025,South Oxfordshire,5,5,5,,
The Caversham,Restaurant/Cafe/Canteen,Caversham Heath Golf Club Chazey Heath,Mapledurham,Reading,RG4 7UT,5,31 July 2025,South Oxfordshire,5,5,5,-1.00587332,51.4890747
The Charming Belle Desserts,Mobile caterer,Unit 5 Cantay House 29a Ardler Road Caversham,Reading,,RG4 5AE,5,28 October 2025,Reading,0,0,5,-0.9629444,51.46718
The Chicken Shop,Other catering premises,19-23 King Street,Reading,,RG1 2HG,4,14 March 2026,Reading,5,10,5,-0.96969,51.45479
The Christ Church Centre,Other catering premises,Christ Church Centre 46 Reading Road,,Henley-On-Thames Oxon,RG9 1AG,5,29 January 2026,South Oxfordshire,5,0,5,-0.9033827,51.5344734
The Churros Kitchen,Restaurant/Cafe/Canteen,King Street,Reading,,RG1 2HG,5,01 December 2024,Reading,5,5,5,-0.9691883,51.4549866
The Clifton Arms,Other catering premises,12 Gosbrook Road Caversham,Reading,,RG4 8BS,4,12 March 2025,Reading,5,10,5,-0.971766,51.46732
The Club at Mapledurham,Restaurant/Cafe/Canteen,The Club At Mapledurham Chazey Heath,Mapledurham,Reading,RG4 7UD,5,30 July 2025,South Oxfordshire,0,5,5,,
The Co-op,Retailers - supermarkets/hypermarkets,21 The Triangle Tilehurst,Reading,,RG30 4RN,5,07 March 2026,Reading,5,5,5,-1.04059672,51.45764
The Co-Operative Food,Retailers - supermarkets/hypermarkets,2 High Street,Theale,Reading,RG7 5AN,5,15 December 2025,West Berkshire,0,0,0,-1.07675362,51.4369
The Co-Operative Food,Retailers - supermarkets/hypermarkets,6 - 7 The Square,Pangbourne,Reading,RG8 7AG,5,17 December 2024,West Berkshire,0,0,0,-1.08647788,51.4838142
The Co-Operative Food,Retailers - other,31 - 33 Clayhill Road,Burghfield Common,Reading,RG7 3HF,5,22 August 2018,West Berkshire,5,5,5,-1.06519866,51.4010658
The Cocktail Club Reading,Pub/bar/nightclub,5 Gun Street,Reading,,RG1 2JR,2,11 March 2026,Reading,5,15,10,-0.9730762,51.4538231
The Coconut Tree,Other catering premises,64-72 Kings Road,Reading,,RG1 3BJ,3,14 October 2025,Reading,10,10,10,-0.9656754,51.4546127
The Coffee House,Restaurant/Cafe/Canteen,,Dinton Oastures,Davis Street,RG10 0TH,4,27 April 2026,Wokingham,10,10,0,-0.8692201,51.4400368
The Coffee Shop,Restaurant/Cafe/Canteen,Post Office,Reading Road,Sherfield-on-Loddon,RG27 0EX,5,18 February 2025,Basingstoke and Deane,5,0,0,-1.025786,51.3156433
The Coffee Van - Civic Offices,Mobile caterer,Bridge Street,Reading,,RG1 2LU,5,25 June 2024,Reading,0,5,5,-0.9723654,51.4524765
The Coffee Van - Queen's Walk,Mobile caterer,Queens Walk,Reading,,RG1 7QF,5,29 January 2025,Reading,0,0,5,-0.9766547,51.45409
The Coffee Van - Reading Station Pitch 1,Mobile caterer,Pitch 1 Trooper Potts Way,Reading,,RG1 8AL,5,30 September 2025,Reading,0,5,0,,
The Collective Caversham Ltd,Retailers - other,25 Church Road,Caversham,Reading,RG4 7AA,4,19 June 2026,Reading,5,10,5,-0.9779035,51.46775
The Common,Restaurant/Cafe/Canteen,48 Wood Lane,Sonning Common,Reading,RG4 9SL,4,24 July 2025,South Oxfordshire,10,5,5,-0.9821159,51.5171356
The Community Network,Restaurant/Cafe/Canteen,Mortimer Community Network,Reading Road,South Shields,NE33 4UG,5,05 March 2025,South Tyneside,0,5,5,-1.426926,54.9820747
The Consumer Engagement Group Ltd,Other catering premises,Curry's Unit 10,Roaring Meg Retail Park,London Road,SG1 1XN,Exempt,N/A,Stevenage,,,,-0.198238,51.8925667
The Cookery Lab,Retailers - other,Unit 2 Minerva House Calleva Park,Aldermaston,Reading,RG7 8NA,5,09 February 2026,West Berkshire,0,0,5,-1.16381145,51.3617973
The Coop,Retailers - supermarkets/hypermarkets,1 The Colonnade Overdown Road,Tilehurst,Reading,RG31 6PR,5,11 February 2016,West Berkshire,0,0,0,-1.04465,51.4696236
The Coriander Club,Restaurant/Cafe/Canteen,98 Royal Avenue,Calcot,Reading,RG31 4UT,5,27 February 2026,West Berkshire,,,,-1.0466491,51.4427834
The Corn Stores,Restaurant/Cafe/Canteen,10 Forbury Road,Reading,,RG1 1SB,AwaitingInspection,N/A,Reading,,,,-0.9698061,51.4578056
The Cottage Inn,Pub/bar/nightclub,The Cottage Inn 26 Broad Lane,Upper Bucklebury,Reading,RG7 6QJ,5,18 December 2024,West Berkshire,0,5,0,-1.22125876,51.4137344
The Cross Keys,Pub/bar/nightclub,Cross Keys Church Road,Pangbourne,Reading,RG8 7AR,2,26 September 2025,West Berkshire,10,15,10,-1.0873096,51.4832726
The Crown Caversham,Pub/bar/nightclub,3 Bridge Street Caversham,Reading,,RG4 8AA,5,02 March 2026,Reading,0,0,0,-0.976605,51.4665871
The Crown Inn,Pub/bar/nightclub,The Crown Inn Church Street,Theale,Reading,RG7 5BT,5,10 February 2025,West Berkshire,0,0,0,-1.07722473,51.4370842
The Crown Inn,Restaurant/Cafe/Canteen,The Crown,Playhatch,Reading,RG4 9QN,4,22 July 2026,South Oxfordshire,5,10,5,,
The Crucible Sports and Social Club,Pub/bar/nightclub,Unit 6 Richfield Avenue,Reading,,RG1 8EQ,4,02 February 2025,Reading,5,10,5,-0.9873349,51.46312
The Curious Lounge,Restaurant/Cafe/Canteen,20 Tudor Road,Reading,,RG1 1NH,5,05 March 2025,Reading,5,0,5,-0.9762543,51.459095
The Dairy at University of Reading,Restaurant/Cafe/Canteen,London Road,Reading,Berkshire,RG1 5AQ,5,11 June 2025,Reading,5,5,0,,
The Deli Van Man,Other catering premises,30 Ashcroft Close Caversham,Reading,,RG4 7NU,AwaitingInspection,N/A,Reading,,,,-0.9873277,51.4803658
The Dock Bar & Cafe,Restaurant/Cafe/Canteen,Thames & Kennet Marina Henley Road,Caversham,Reading,RG4 6LQ,3,13 May 2025,South Oxfordshire,10,10,10,-0.9411266,51.474987
The Eggfree Cake Box,Retailers - other,73 Wokingham Road,Reading,,RG6 1LH,5,26 February 2026,Reading,5,0,5,-0.937213,51.4488564
The Elephant Hotel,Hotel/bed & breakfast/guest house,The Elephant Church Road,Pangbourne,Reading,RG8 7AR,3,26 September 2025,West Berkshire,5,10,10,-1.08779454,51.48351
The Elm Tree,Pub/bar/nightclub,Old Elm Tree Beech Hill Road,Beech Hill,Reading,RG7 2AZ,3,18 September 2025,West Berkshire,10,10,10,-1.0031743,51.3716545
The Extraordinary Hare,Restaurant/Cafe/Canteen,The Hare Reading Road,West Hendred,Wantage,OX12 8RH,5,02 April 2026,Vale of White Horse,5,5,5,,
The Face Bar,Pub/bar/nightclub,Ambrose Place,Chatham Street,Reading,RG1 7RB,4,20 March 2024,Reading,5,10,5,,
The Falcon and The Jacket Bar,Pub/bar/nightclub,The Falcon 31 High Street,Theale,Reading,RG7 5AH,5,30 April 2025,West Berkshire,5,5,5,-1.07516992,51.43767
The Ferryboat,Pub/bar/nightclub,High Street,Whitchurch On Thames,Reading,RG8 7EL,AwaitingInspection,N/A,South Oxfordshire,,,,,
The Festival Store Pizza and Sidez,Mobile caterer,81 South View Avenue,Caversham,Reading,RG4 5AJ,5,25 April 2026,Reading,0,0,0,-0.9628107,51.46863
The Fishermans Cottage,Hotel/bed & breakfast/guest house,Kennet Side,Reading,,RG1 3DW,4,07 January 2026,Reading,5,10,5,,
The Fit Cookie,Retailers - other,15 West Street,Reading,,RG1 1TT,Exempt,N/A,Reading,,,,-0.975405,51.4558754
The Flowing Spring,Restaurant/Cafe/Canteen,Henley Road,Playhatch,Reading,RG4 9RB,3,20 January 2026,South Oxfordshire,10,10,10,,
The Food Warehouse Iceland,Retailers - supermarkets/hypermarkets,Rose Kiln Lane,Reading,,RG2 0SN,5,26 February 2025,Reading,5,5,0,,
The Foresters Arms,Pub/bar/nightclub,79 Brunswick Street,Reading,,RG1 6NY,3,28 January 2026,Reading,5,10,10,-0.9893682,51.4505577
The Four Horseshoes,Pub/bar/nightclub,Reading Road,Sherfield-on-Loddon,Hook,RG27 0EX,5,12 November 2025,Basingstoke and Deane,5,5,5,-1.025786,51.3156433
The Four Points,Pub/bar/nightclub,Four Points Inn,Aldworth,Reading,RG8 9RL,5,16 September 2025,West Berkshire,0,5,5,,
The Fox & Hounds,Pub/bar/nightclub,Fox And Hounds 116 City Road,Tilehurst,Reading,RG31 5SB,5,03 January 2025,West Berkshire,0,0,0,-1.054099,51.4520073
The Fruit Shop From Wellers,Retailers - other,The Fruit Shop Reading Road,Burghfield Common,Reading,RG7 3BL,4,21 November 2012,West Berkshire,10,0,0,,
The Funzone Out Of School Club,Caring Premises,Mrs Blands Infant School Jordans Lane,Burghfield Common,Reading,RG7 3LP,5,17 August 2010,West Berkshire,0,0,0,,
The Garage Cafe,Restaurant/Cafe/Canteen,Beansheaf Community Centre Charrington Road,Calcot,Reading,RG31 7AW,4,27 January 2026,West Berkshire,5,0,10,-1.0506711,51.4382477
The George at Upton,Pub/bar/nightclub,The George & Dragon Reading Road,Upton,Didcot,OX11 9JJ,5,06 May 2026,Vale of White Horse,5,5,5,,
The George Hotel,Hotel/bed & breakfast/guest house,George Hotel The Square,Pangbourne,Reading,RG8 7AJ,4,07 November 2024,West Berkshire,10,0,5,-1.08639467,51.48437
The Golden Dragon,Takeaway/sandwich shop,230 Northumberland Avenue,Reading,,RG2 7QA,4,11 June 2025,Reading,5,10,5,-0.9627283,51.4329
The Good Brothers,Other catering premises,183 Wokingham Road,Reading,,RG6 1LT,5,07 January 2026,Reading,5,5,0,-0.9318555,51.44287
The Gorge Cafe,Restaurant/Cafe/Canteen,227 Caversham Road,Reading,,RG1 8BB,4,30 October 2025,Reading,5,10,5,-0.9778142,51.4646568
The Goring Grocer,Retailers - other,17A High Street,Goring,Reading,RG8 9AR,5,30 October 2025,South Oxfordshire,5,5,5,-1.13689709,51.5227356
The Grange,Caring Premises,Grange Close,Goring,Reading,RG8 9EA,5,13 January 2026,South Oxfordshire,5,5,5,,
The Greyfriar,Pub/bar/nightclub,53 Greyfriars Road,Reading,,RG1 1PA,3,02 May 2025,Reading,5,10,10,-0.9756869,51.45872
The Greyhound Inn,Pub/bar/nightclub,Greyhound Inn,Tidmarsh,Reading,RG8 8ER,4,27 January 2026,West Berkshire,0,10,5,,
The Greyhound Inn,Pub/bar/nightclub,High Street,Whitchurch On Thames,Reading,RG8 7EL,4,04 November 2021,South Oxfordshire,5,10,5,,
The Griffin,Pub/bar/nightclub,10-12 Church Road,Caversham,Reading,RG4 7AD,5,11 September 2025,Reading,5,5,5,-0.9773372,51.4673233
The Grove Cafe at Meadway Precinct,Restaurant/Cafe/Canteen,Honey End Lane,Reading,,RG30 4AA,5,03 October 2024,Reading,5,5,5,,
The Hare and Hounds,Pub/bar/nightclub,Woodlands Road,Sonning Common,Reading,RG4 9TE,5,10 May 2026,South Oxfordshire,5,5,5,,
The Herb Farm,Retailers - other,The Herb Farm Peppard Road,Sonning Common,Reading,RG4 9NJ,5,01 February 2022,South Oxfordshire,5,0,5,-0.9759609,51.51209
The Hexagon,Restaurant/Cafe/Canteen,Queens Walk,Reading,,RG1 7UA,5,07 March 2025,Reading,0,5,0,,
The Highwayman Inn,Pub/bar/nightclub,Exlade Street,Woodcote,Reading,RG8 0UA,5,20 August 2024,South Oxfordshire,5,0,5,,
The Hill Primary School,School/college/university,Peppard Road,Reading,,RG4 8TU,4,05 February 2025,Reading,5,5,10,-0.9633455,51.4792976
The Hollies,Caring Premises,The Hollies Reading Road,Burghfield Common,Reading,RG7 3BH,5,13 August 2025,West Berkshire,0,5,5,,
The Hop Leaf,Pub/bar/nightclub,163 Southampton Street,Reading,,RG1 2QZ,4,08 November 2017,Reading,5,10,5,-0.967471,51.44775
The Hope Tap,Pub/bar/nightclub,99-102 Friar Street,Reading,,RG1 1EP,5,11 March 2026,Reading,0,5,0,,
The Horse & Groom,Pub/bar/nightclub,Horse And Groom The Street,Mortimer Common,Reading,RG7 3RD,5,28 January 2025,West Berkshire,0,5,0,,
The Hub,Restaurant/Cafe/Canteen,21 Cholmeley Road,Reading,,,5,26 February 2025,Reading,0,5,5,-0.9465357,51.45456
The Hub at The Guide Dogs For The Blind Association,Restaurant/Cafe/Canteen,Hillfields Reading Road,Burghfield Common,Reading,RG7 3YG,5,13 January 2022,West Berkshire,0,5,0,-1.04747713,51.4061165
The Hunger Hunt,Mobile caterer,258A Oxford Road,Reading,,RG30 1AD,AwaitingInspection,N/A,Reading,,,,-0.9930404,51.4563446
"The Hut, Central Kebabs",Mobile caterer,39 St Marys Butts,Reading,,RG1 2LG,AwaitingInspection,N/A,Reading,,,,,
The Iron Duke,Pub/bar/nightclub,Fair Oak Lane,Stratfield Saye,Reading,RG7 2EH,4,16 October 2025,Basingstoke and Deane,10,10,0,-1.021054,51.349865
The Jolly Farmer,Hotel/bed & breakfast/guest house,The Jolly Farmer,Davis St,Hurst,RG10 0TH,3,12 March 2026,Wokingham,10,10,10,-0.8657577,51.445652
The Kingsley At Eversley,Hotel/bed & breakfast/guest house,The Kingsley,Keys,Reading Road,RG27 0NB,5,19 March 2026,Hart,0,0,5,-0.868991,51.3485222
The Kiosk,Mobile caterer,The Kiosk Station Road,Theale,Reading,RG7 4AR,4,09 November 2017,West Berkshire,5,5,10,-1.07697344,51.4367027
The Kitchen at Reading College,School/college/university,Kings Road,Reading,,RG1 4HJ,5,04 March 2025,Reading,5,5,5,,
The Last Crumb,Pub/bar/nightclub,76 Prospect Street,Caversham,Reading,RG4 8JN,4,13 October 2025,Reading,5,5,10,-0.9704083,51.4694366
The Laughing Halibut,Takeaway/sandwich shop,18 Whitchurch Road,Pangbourne,Reading,RG8 7BP,3,11 May 2026,West Berkshire,10,10,10,-1.08607423,51.48456
The Leather Bottle,Restaurant/Cafe/Canteen,Reading Road,Mattingley,HOOK,RG27 8JU,5,01 November 2024,Hart,0,5,0,-0.949786,51.3109856
The Lemon Plaice,Takeaway/sandwich shop,2 Norcot Road,Tilehurst,Reading,RG30 6BU,4,12 October 2024,Reading,5,5,10,-1.035728,51.4605522
The Link Cafe,Restaurant/Cafe/Canteen,28 School Road,Tilehurst,Reading,RG31 5AN,5,22 May 2025,Reading,0,0,5,-1.03804052,51.4601021
The Lodge Day Nursery at Southcote Children's Centre,Caring Premises,85 Coronation Square,Reading,,RG30 3QP,5,08 July 2025,Reading,0,5,0,-1.0122366,51.4425163
The London Street Brasserie,Restaurant/Cafe/Canteen,2-4 London Street,Reading,Berkshire,RG1 2AG,5,22 June 2025,Reading,5,5,5,-0.9687,51.4539
The Long Gallery,Other catering premises,Englefield House,Englefield,Reading,RG7 5EN,5,09 June 2025,West Berkshire,0,0,0,-1.10117233,51.4440041
The Mad Duck Cafe,Restaurant/Cafe/Canteen,82 - 84 Wintringham Way,Purley On Thames,Reading,RG8 8BG,5,20 July 2026,West Berkshire,,,,-1.03849852,51.4821167
The Mansion House,Pub/bar/nightclub,Liebenrood Road,Reading,,RG30 2ND,5,29 June 2026,Reading,5,5,0,-1.0063324,51.4504051
The Meme's Kitchen,Restaurant/Cafe/Canteen,57 Basingstoke Road,Reading,,RG2 0ER,3,07 May 2026,Reading,10,10,10,-0.9666099,51.44001
The Miller of Mansfield,Pub/bar/nightclub,High Street,Goring,Reading,RG8 9AW,5,25 September 2024,South Oxfordshire,5,5,0,,
The Moderation,Pub/bar/nightclub,213 Caversham Road,Reading,,RG1 8BB,3,17 March 2026,Reading,5,10,10,-0.977551,51.4641953
The Monks Retreat,Pub/bar/nightclub,163 Friar Street,Reading,,RG1 1HE,4,06 July 2026,Reading,5,10,5,-0.9706715,51.4564476
The Nags Head,Pub/bar/nightclub,5 Russell Street,Reading,,RG1 7XD,4,05 August 2025,Reading,5,10,5,-0.9822134,51.45455
The National Meat Halal,Retailers - other,117-119 Oxford Road,Reading,,RG1 7UH,5,10 April 2026,Reading,5,5,5,-0.9809585,51.4548569
The New Astley Cafe The Racing Centre,Pub/bar/nightclub,The Racing Centre,Fred Archer Way,Newmarket,CB8 8NT,5,18 December 2024,West Suffolk,0,5,0,,
The New Inn,Restaurant/Cafe/Canteen,Chalkhouse Green Road,Kidmore End,Reading,RG4 9AU,3,28 January 2026,South Oxfordshire,10,10,10,,
The New Red Lantern,Takeaway/sandwich shop,6 Norcot Road,Tilehurst,Reading,RG30 6BU,4,01 May 2026,Reading,0,5,10,-1.035614,51.460495
The Nook,Restaurant/Cafe/Canteen,17-19 Valpy Street,Reading,,RG1 1AR,5,06 March 2026,Reading,0,5,5,-0.9696829,51.4575272
The Oasis,Restaurant/Cafe/Canteen,21 Baker Street,Reading,,RG1 7XT,5,04 July 2025,Reading,5,5,5,-0.9797522,51.4532623
The Old Bell At Grazeley Green,Pub/bar/nightclub,The Old Bell At Grazeley Green Goring Lane,Grazeley Green,Reading,RG7 1LS,5,09 August 2024,West Berkshire,5,5,0,-1.01851881,51.39911
The Old Boot Inn,Pub/bar/nightclub,The Old Boot Inn,Stanford Dingley,Reading,RG7 6LT,AwaitingInspection,N/A,West Berkshire,,,,,
The Old Fire Station Nursery,Caring Premises,The Old Fire Station The Street,Englefield,Reading,RG7 5ES,5,19 August 2026,West Berkshire,5,5,5,,
The Old Lamb Hotel,Hotel/bed & breakfast/guest house,Old Lamb Motel 18 - 20 Church Street,Theale,Reading,RG7 5BZ,5,18 January 2016,West Berkshire,5,0,0,-1.08214486,51.436367
The Old Mill,Hotel/bed & breakfast/guest house,The Old Mill Station Road,Aldermaston,Reading,RG7 4LB,5,14 April 2026,West Berkshire,0,5,0,-1.15195191,51.3918877
The Oratory Preparatory School,School/college/university,The Oratory Preparatory School Great Oaks,Goring Heath,Reading,RG8 7SF,5,17 June 2026,South Oxfordshire,0,5,5,-1.0794909,51.5147324
The Oratory School,School/college/university,The Oratory School,Woodcote,Reading,RG8 0PJ,5,11 September 2024,South Oxfordshire,5,5,5,,
The Original Gourmet Burger Co.,Restaurant/Cafe/Canteen,127 Wokingham Road,Reading,,RG6 1LH,5,13 March 2026,Reading,5,5,5,-0.9358238,51.4479523
The Outlook,Pub/bar/nightclub,76-78 Kings Road,Reading,,RG1 3BJ,5,18 February 2025,Reading,0,5,0,-0.9653449,51.4545937
The Pack Saddle,Pub/bar/nightclub,Chazey Heath,Mapledurham,Reading,RG4 7UD,AwaitingInspection,N/A,South Oxfordshire,,,,,
The Packhorse,Restaurant/Cafe/Canteen,Chazey Heath,Mapledurham,Reading,RG4 7UG,5,03 December 2025,South Oxfordshire,0,5,5,,
The Pangbourne Cheese Shop Ltd,Retailers - other,Clifton House 17 Reading Road,Pangbourne,Reading,RG8 7LU,5,13 November 2018,West Berkshire,0,0,5,-1.08526742,51.48385
The Pangbourne Cheese Shop Ltd (The Loose Larder),Retailers - other,15 Reading Road,Pangbourne,Reading,RG8 7LR,5,27 May 2026,West Berkshire,5,0,0,-1.08545434,51.48386
The Pantry @ St Barnabas,Other catering premises,St Barnabas Elm Road,Reading,,RG6 5TS,4,03 April 2025,Reading,5,10,5,,
The Pantry at St Paul's Catholic Primary School,School/college/university,St Pauls Catholic Primary School City Road,Tilehurst,Reading,RG31 4SZ,5,16 June 2026,West Berkshire,5,5,0,,
The Pantry Café & Kitchen at Museum and Town Hall,Restaurant/Cafe/Canteen,Blagrave Street,Reading,,RG1 1QH,5,11 September 2025,Reading,5,5,5,-0.9702131,51.457058
The Pantry UK LTD at Ambleside Nursery School,Caring Premises,,Ambleside Close,Woodley,RG5 4JJ,5,23 September 2025,Wokingham,0,0,0,-0.901953042,51.45267
The Parade Bakeshop,Restaurant/Cafe/Canteen,3 The Parade,Reading Road,Yateley,GU46 7UN,5,11 May 2026,Hart,0,5,5,-0.8192303,51.3409462
The Perch & Pike,Restaurant/Cafe/Canteen,The Street,South Stoke,Reading,RG8 0JS,5,15 January 2026,South Oxfordshire,5,0,5,,
The Personal Chef Company,Restaurant/Cafe/Canteen,,Grange Community Centre,Redding Road,FK2 0AA,Awaiting Inspection,N/A,Falkirk,,,,-3.727176,55.9836845
the Pheasant Inn PH,Pub/bar/nightclub,225 Southampton Street,Reading,,RG1 2RB,2,11 May 2026,Reading,10,15,10,-0.9661621,51.4464531
The Piggott School,Caring Premises,,Twyford Road,Wargrave,RG10 8DS,5,07 January 2026,Wokingham,5,5,0,,
The Plaice,Takeaway/sandwich shop,6 Wood Green,Woodcote,Reading,RG8 0QQ,5,13 March 2025,South Oxfordshire,5,5,5,-1.07323217,51.5326157
The Plough Inn,Pub/bar/nightclub,78 School Road,Tilehurst,Reading,RG31 5AW,3,21 May 2025,Reading,10,10,10,-1.04069614,51.45839
The Plough Shiplake,Pub/bar/nightclub,Plough Lane Reading Road,Shiplake,,RG9 4BX,5,09 July 2026,South Oxfordshire,5,5,0,,
The Pondhouse,Pub/bar/nightclub,738 Oxford Road,Reading,,RG30 1EH,4,10 September 2025,Reading,10,0,10,-1.00832915,51.46018
The Pop Inn,Retailers - supermarkets/hypermarkets,48 Erleigh Road,Reading,,RG1 5NA,4,11 September 2024,Reading,10,0,10,-0.949848,51.4494476
The Prince,Pub/bar/nightclub,111 School Road,Tilehurst,Reading,RG31 5BQ,5,25 May 2026,Reading,5,5,5,-1.04224288,51.457386
The Progress Theatre,Retailers - other,The Mount,Reading,,RG1 5HL,Exempt,N/A,Reading,,,,-0.958734035,51.4441261
The Queens Head,Pub/bar/nightclub,54 Christchurch Road,Reading,,RG2 7AZ,1,21 July 2026,Reading,15,15,20,-0.9565312,51.4430466
The Quiet Ritual,Mobile caterer,38 Bedford Road,Reading,,RG1 7HS,AwaitingInspection,N/A,Reading,,,,-0.9834918,51.45661
The Quoit Bar,Pub/bar/nightclub,,63 Main Street,,FK2 9YD,Pass,30 November 2023,Falkirk,,,,-3.734151,55.9880333
The Railway Tavern,Pub/bar/nightclub,31 Greyfriars Road,Reading,,RG1 1PA,4,04 June 2026,Reading,5,10,5,-0.9758315,51.458046
The Range,Retailers - other,Rose Kiln Lane,Reading,,RG2 0HS,5,27 October 2024,Reading,5,5,5,,
The Range,Retailers - other,Caversham Road,Reading,,RG1 8AL,5,27 October 2024,Reading,0,5,5,,
The Reading Rooms,Hotel/bed & breakfast/guest house,The Reading Rooms,31 Hawley Square,Margate,CT9 1PH,5,02 April 2026,Thanet,0,0,0,1.38378358,51.38614
The Reading Rooms Antiques,Other catering premises,Reading Rooms,Park Road,Holkham,NR23 1RG,AwaitingInspection,N/A,North Norfolk,,,,,
The Red Cow,Pub/bar/nightclub,56 Star Road,Caversham,Reading,RG4 5BE,4,11 March 2026,Reading,5,5,10,-0.9577526,51.4663239
The Red Lion,Restaurant/Cafe/Canteen,Church Road,Mortimer West End,Reading,RG7 2HU,5,23 July 2026,Basingstoke and Deane,,,,-1.090903,51.37215
The Red Lion,Pub/bar/nightclub,Goring Road,Woodcote,Reading,RG8 0SD,4,08 January 2025,South Oxfordshire,5,5,10,,
The Reddings Playgroup,Caring Premises,North Road Community Centre,North Road West,The Reddings,GL51 6RF,5,20 June 2025,Cheltenham,0,0,0,-2.136423,51.8904
The Retreat,Pub/bar/nightclub,8 St Johns Street,Reading,,RG1 4EH,5,16 July 2025,Reading,0,0,0,-0.9607538,51.4533272
The Rifle Volunteer,Pub/bar/nightclub,The Rifle Volunteer,141 Reading Road,Wokingham,RG41 1HD,4,18 April 2023,Wokingham,0,10,5,-0.853484,51.41924
The Rising Sun,Pub/bar/nightclub,16 Castle Street,Reading,,RG1 7RD,5,30 January 2025,Reading,0,5,5,-0.9749662,51.4536171
The Roaring Raindrop,Pub/bar/nightclub,The Roaring Raindrop Preston Road,Abingdon,Oxon,OX14 5NR,5,23 October 2025,Vale of White Horse,0,5,5,,
The Roebuck,Pub/bar/nightclub,37 Auckland Road,Reading,,RG6 1NY,3,07 May 2026,Reading,10,5,10,-0.9329201,51.44782
The Rose & Thistle,Pub/bar/nightclub,43 Argyle Road,Reading,,RG1 7YL,4,26 June 2025,Reading,10,0,10,-0.988972,51.4535141
The Rose Garden Cafe and Coffee Shop,Restaurant/Cafe/Canteen,Hertfordshire Garden Centre,Redding Lane,Redbourn,AL3 7PS,5,10 December 2025,St Albans City,,,,-0.408575,51.81274
The Roseate/The Reading Rooms,Hotel/bed & breakfast/guest house,26 The Forbury,Reading,,RG1 3EJ,4,14 March 2025,Reading,10,5,5,-0.9673953,51.45621
The Rowbarge,Pub/bar/nightclub,Rowbarge Station Road,Woolhampton,Reading,RG7 5SH,5,23 April 2025,West Berkshire,0,0,5,-1.1784662,51.39446
The Royal Berkshire Grill,Restaurant/Cafe/Canteen,Peppard Building Supplies Bishopsland Farm,Dunsden,Reading,RG4 9NR,5,09 March 2026,South Oxfordshire,5,5,5,,
The Royal Oak,Pub/bar/nightclub,Reading Road,Yateley,Hampshire,GU46 7UG,5,27 February 2025,Hart,0,5,0,-0.8173368,51.33951
The Royal Oak,Pub/bar/nightclub,The Royal Oak PH 69 Westwood Glen Tilehurst,Reading,,RG31 5NW,5,22 April 2026,Reading,5,5,5,-1.04887307,51.46109
The Salvation Army Church Lunch Club,Restaurant/Cafe/Canteen,Anstey Road,Reading,,RG1 7JR,4,05 June 2025,Reading,5,10,5,-0.9789066,51.45247
The Sanctuary Cafe,Restaurant/Cafe/Canteen,35-39 London Street Reading,Reading,,RG1 4PS,AwaitingInspection,N/A,Reading,,,,-0.9679604,51.4528427
The Scoop Room/ Gelato Henley,Manufacturers/packers,63 Reading Road,Henley-On-Thames,Oxon,RG9 1AB,5,07 May 2026,South Oxfordshire,5,5,5,-0.9026611,51.53466
The Seven Red Roses,Pub/bar/nightclub,Seven Red Roses,Maiden Lane Centre,Lower Earley,RG6 3HD,5,18 July 2025,Wokingham,,,,-0.913739,51.4284439
The Shack,Takeaway/sandwich shop,Mapledurham Pavilion Upper Woodcote Road,Reading,,RG4 7EZ,5,17 January 2026,Reading,5,5,5,,
The Shop,Retailers - other,Reading Road,Sherfield-on-Loddon,Hook,RG27 0EZ,5,10 January 2025,Basingstoke and Deane,0,0,5,-1.026479,51.316082
The Shop Inn,Retailers - other,114 Henley Road,Caversham,Reading,RG4 6DH,5,23 July 2025,Reading,0,0,0,-0.9592313,51.470932
The Signal Box,Pub/bar/nightclub,18 Friar Street,Reading,,RG1 1DB,4,29 July 2026,Reading,5,5,10,-0.9718989,51.4569054
The Six Bells,Pub/bar/nightclub,Six Bells The Hatch,Burghfield,Reading,RG30 3TH,5,07 January 2025,West Berkshire,0,5,5,-1.04175341,51.4112968
The Six Bells,Pub/bar/nightclub,Six Bells The Green,Beenham,Reading,RG7 5NX,5,07 February 2025,West Berkshire,0,5,5,-1.16140687,51.4163666
The Snaffle Cafe,Restaurant/Cafe/Canteen,Hall Place Farm Sulham Hill,Tilehurst,Reading,RG31 5UB,5,18 June 2025,West Berkshire,5,5,5,-1.05462909,51.46054
The Soju at Kings Walk,Restaurant/Cafe/Canteen,King Street,Reading,,RG1 2HG,3,25 September 2025,Reading,10,10,10,-0.9691883,51.4549866
The Soul of Seoul,Restaurant/Cafe/Canteen,University Of Reading,Whiteknights Road,Earley,RG6 6BY,5,03 June 2024,Wokingham,0,5,0,-0.9354083,51.44147
The Southcote Beefeater,Pub/bar/nightclub,19 Southcote Lane,Reading,,RG30 3AG,5,03 September 2025,Reading,5,5,0,-0.9963454,51.44673
The Sports Collective CIC,Caring Premises,BEECHWOOD SECONDAY SCHOOL LONG READINGS LANE,,SLOUGH,SL2 1QE,5,30 March 2026,Slough,5,0,5,-0.6216856,51.5366364
The Sportsman,Pub/bar/nightclub,201 Shinfield Road,Reading,,RG2 7DS,5,05 August 2025,Reading,0,5,0,-0.9457454,51.428997
The Spread Eagle / Bagheera Indian Restaurant & Bar,Pub/bar/nightclub,117 Norfolk Road,Reading,,RG30 2EG,5,26 November 2024,Reading,5,5,5,-1.0030303,51.4543076
The Spring Inn,Pub/bar/nightclub,The Spring Inn Bath Road,Sulhamstead,Reading,RG7 5HP,2,03 October 2025,West Berkshire,10,15,10,-1.1055851,51.422142
The Spud Wagon,Mobile caterer,O/S Reading Station Station Hill,Reading,,RG1 1LY,4,03 March 2026,Reading,10,5,5,,
The Staverton Social Club,Pub/bar/nightclub,THE READING ROOMS,,STAVERTON,BA14 6PA,5,17 June 2025,Wiltshire,5,5,5,,
The Street Bakeshop,Restaurant/Cafe/Canteen,,220 S Oak Way Reading,,RG2 6UP,5,25 November 2025,Wokingham,5,0,5,-0.9870963,51.41987
The Sun Inn,Restaurant/Cafe/Canteen,Hill Bottom,Whitchurch Hill,Reading,RG8 7PU,5,29 October 2025,South Oxfordshire,5,5,5,,
The Sunshine Room,Caring Premises,The Reading Room Church Lane,,Ninfield,TN33 9JW,5,27 February 2026,Wealden,5,5,5,,
The Supported Living Team,Caring Premises,188 Whitley Wood Lane,Reading,,RG2 8PR,Exempt,N/A,Reading,,,,-0.9637134,51.41602
The Switch,Other catering premises,19 The Triangle,Tilehurst,Reading,RG30 4RN,4,16 November 2024,Reading,5,10,5,-1.04060864,51.45776
The Switch - Grab & Go,Takeaway/sandwich shop,109B School Road Tilehurst,Reading,,RG31 5BH,3,13 March 2026,Reading,5,10,10,-1.0417769,51.45764
The Tasty Plaice,Takeaway/sandwich shop,158 Park Lane,Tilehurst,Reading,RG31 4DU,5,08 October 2025,Reading,0,5,5,-1.04708469,51.4507446
The Tea Kiosk at Caversham Court Gardens,Restaurant/Cafe/Canteen,Church Road,Caversham,Reading,RG4 7AD,5,13 August 2025,Reading,5,0,5,,
The Three Guineas,Pub/bar/nightclub,Station Approach,Reading,,RG1 1LY,5,27 April 2026,Reading,5,5,5,-0.972663939,51.45874
The Three Horseshoes,Pub/bar/nightclub,90 Reading Road,Henley-On-Thames,Oxon,RG9 1DN,AwaitingInspection,N/A,South Oxfordshire,,,,-0.9006049,51.53122
The Three Tuns,Pub/bar/nightclub,191 Wokingham Road,Reading,,RG6 1LT,4,30 August 2024,Reading,5,10,0,-0.9312987,51.442688
The Tilehurst Coffee Van,Mobile caterer,202 Thirlmere Avenue,Tilehurst,Reading,RG30 6XJ,4,14 November 2024,Reading,10,5,5,-1.02238011,51.46278
The Tower House,Caring Premises,Reading Road,Shiplake,Henley-On-Thames Oxon,RG9 3JN,4,16 December 2024,South Oxfordshire,5,5,10,-0.89449805,51.5039177
The Travellers Rest,Pub/bar/nightclub,180 Henley Road Caversham,Reading,,RG4 5DL,2,02 May 2025,Reading,5,15,5,-0.9538598,51.47099
The Turks Head,Pub/bar/nightclub,31 London Road,Reading,,RG1 5BJ,AwaitingInspection,N/A,Reading,,,,-0.965644,51.45091
The Turners Arms,Pub/bar/nightclub,Turners Arms West End Road,Mortimer Common,Reading,RG7 3TW,5,24 June 2026,West Berkshire,5,5,5,-1.07422888,51.3753128
The Veg Box,Retailers - other,44 West Street,Reading,,RG1 1TZ,2,06 January 2026,Reading,15,15,10,-0.9762765,51.45616
The Victoria,Pub/bar/nightclub,1 Norcot Road,Tilehurst,Reading,RG30 6BP,5,23 May 2025,Reading,5,5,5,-1.03569007,51.4609833
The Victoria Cross,Pub/bar/nightclub,350 Basingstoke Road,Reading,,RG2 0HB,5,27 June 2025,Reading,5,0,0,,
The Village Store,Retailers - other,Sunnyside Reading Road,Burghfield Common,Reading,RG7 3EG,5,04 January 2011,West Berkshire,5,0,5,-1.06576109,51.39463
The Volunteer,Pub/bar/nightclub,The Volunteer Church Street,Theale,Reading,RG7 5BX,5,17 September 2024,West Berkshire,5,0,5,-1.08368409,51.43566
The Vue Cinema at The Oracle,Retailers - other,Bridge Street,Reading,,RG1 2AG,5,30 October 2025,Reading,0,0,5,,
The Water Tower,Pub/bar/nightclub,160 Park Lane,Reading,,RG31 4DU,AwaitingInspection,N/A,Reading,,,,-1.04720664,51.4505653
The Way Ministry Reading,Other catering premises,90b Great Knollys Street,Reading,,RG1 7HL,5,08 June 2025,Reading,5,5,5,-0.9824218,51.4581337
The White Eagle,Pub/bar/nightclub,344a Oxford Road,Reading,,RG30 1AQ,5,18 April 2026,Reading,5,5,5,-0.9971092,51.4572067
The White Hart,Pub/bar/nightclub,Reading Road,Sherfield-on-Loddon,Hook,RG27 0BT,5,09 October 2025,Basingstoke and Deane,,,,-1.02486,51.3173256
The White Horse,Pub/bar/nightclub,9 Kidmore End Road,Emmer Green,Reading,RG4 8SD,5,29 July 2025,Reading,5,5,5,-0.9638064,51.4831543
The Willows,School/college/university,Silchester C Of E Primary School,School Lane,Silchester,RG7 2NJ,4,20 May 2026,Basingstoke and Deane,10,0,10,-1.09859371,51.3527451
The Wing At Silverstone Circuit,Restaurant/Cafe/Canteen,Silverstone Motor Racing Circuit,Silverstone Road,Biddlesden,NN12 8TN,5,28 July 2026,Buckinghamshire,0,0,0,-1.021459,52.0776863
The Wokingham Foodbank,Other catering premises,Unit 2,498 Reading Road,Winnersh,RG41 5EX,5,30 April 2025,Wokingham,0,0,0,-0.885222,51.43163
Theale Golf Centre,Pub/bar/nightclub,Theale Golf Centre North Street,Theale,Reading,RG7 5EX,4,24 November 2025,West Berkshire,10,0,5,-1.07950974,51.4414978
Theale Pharmacy,Retailers - other,27 High Street,Theale,Reading,RG7 5AH,5,19 September 2018,West Berkshire,0,0,0,-1.0754447,51.4376
Theale Tandoori,Takeaway/sandwich shop,33A - 33B High Street,Theale,Reading,RG7 5AH,AwaitingInspection,N/A,West Berkshire,,,,-1.0750109,51.437706
Thirsty Bear,Pub/bar/nightclub,110 Kings Road,Reading,,RG1 3BY,4,07 May 2026,Reading,0,10,10,-0.963211,51.45476
Thomas Franks at Chiltern Nursery & Training College,School/college/university,20 Peppard Road,Caversham,Reading,RG4 8JZ,5,05 November 2025,Reading,0,5,5,-0.9674037,51.47355
Thomas Franks at Leighton Park School,School/college/university,Shinfield Road,Reading,,RG2 7ED,5,07 January 2025,Reading,0,5,0,-0.9531907,51.4414444
Thomas Franks at Pangbourne College,School/college/university,Pangbourne College Bere Court Road,Pangbourne,Reading,RG8 8LA,5,15 June 2026,West Berkshire,0,5,5,-1.11044145,51.4754066
Thomas Franks at Queen Annes School,School/college/university,Henley Road,Caversham,Reading,RG4 6DX,4,04 June 2026,Reading,10,5,5,,
Thomas Franks at Reading Blue Coat School,School/college/university,Reading Blue Coat School,Sonning Lane,Sonning,RG4 6SU,5,27 April 2026,Wokingham,0,5,5,-0.9168757,51.4702873
Thomas Franks at Shiplake College,School/college/university,Shiplake College Reading Road,Shiplake,Henley-On-Thames Oxon,RG9 4BW,3,23 April 2025,South Oxfordshire,10,5,10,-0.8952755,51.49859
Thomas Franks Limited TA Salesian College,Restaurant/Cafe/Canteen,Salesian College,119 Reading Road,Farnborough,GU14 6PA,5,23 September 2025,Rushmoor,0,5,0,-0.74325,51.2800865
Thruxton Motor Racing Circuit,Restaurant/Cafe/Canteen,British Automobile Racing Club Ltd,Aerodrome Road,Thruxton,SP11 8PN,5,23 September 2024,Test Valley,0,0,0,-1.60668,51.2057266
Tigers at Theale Day Nursery,Caring Premises,59 High Street,Theale,Reading,RG7 5AL,5,02 March 2026,West Berkshire,5,5,5,-1.07295632,51.438282
Tigers in Theale,Caring Premises,16 Church Street,Theale,Reading,RG7 5BZ,5,21 April 2026,West Berkshire,0,0,5,,
Tilehurst Bowls Club,Pub/bar/nightclub,Wardle Avenue,Tilehurst,Reading,RG31 6JR,5,22 March 2024,Reading,0,0,0,,
Tilehurst Convenience Store,Retailers - other,227-229 Kentwood Hill,Reading,Berkshire,RG31 6JD,2,14 January 2026,Reading,10,15,10,-1.0293895,51.46961
Tilehurst Pharmacy,Retailers - other,7 School Road,Tilehurst,Reading,RG31 5AR,Exempt,N/A,Reading,,,,-1.03631365,51.460762
Tilehurst Royal British Legion,Pub/bar/nightclub,Downing Road,Tilehurst,Reading,RG31 5BB,5,27 April 2025,Reading,5,5,5,,
Tilehurst SF Connect,Retailers - other,Tilehurst Road,Reading,,RG1 7TW,5,27 June 2025,Reading,0,0,0,-0.984885,51.45214
TK Maxx,Retailers - other,TK Maxx Homesense Unit 4A,Roaring Meg Retail Park,London Road,SG1 1XN,5,08 July 2026,Stevenage,0,0,0,-0.198238,51.8925667
TK Maxx at Reading Gate Retail Park,Retailers - other,,Reading,,RG2 0QG,Exempt,N/A,Reading,,,,,
Toby Carvery,Restaurant/Cafe/Canteen,Richfield Avenue,Reading,,RG1 8EQ,5,08 June 2026,Reading,5,5,0,-0.9861097,51.46401
Today's Express,Retailers - other,17 Duke Street,Reading,,RG1 4SA,5,23 May 2023,Reading,0,5,5,-0.9685,51.45445
Today's Express,Retailers - other,107 Oxford Road,Reading,,RG1 7UD,3,26 November 2024,Reading,10,10,10,-0.9799618,51.4548378
Today's Local,Retailers - supermarkets/hypermarkets,205 Oxford Road,Reading,,RG1 7BX,3,01 December 2025,Reading,10,10,10,,
Today's Store,Retailers - other,1 Prince Of Wales Avenue,Reading,,RG30 2UR,5,10 December 2018,Reading,5,0,5,-0.9978299,51.454525
Together for Mental Wellbeing,Caring Premises,Orts Road,Reading,,RG1 3HE,Exempt,N/A,Reading,,,,-0.9519056,51.45447
Tolhurst Organic Kitchen,Restaurant/Cafe/Canteen,Hardwick Estate Hardwick,Whitchurch On Thames,Reading,RG8 7RB,5,12 March 2025,South Oxfordshire,0,0,5,,
Tolhurst Organic Lin's Veg Shed,Retailers - other,Hardwick Gardens Hardwick,Whitchurch On Thames,Reading,RG8 7RB,4,28 August 2025,South Oxfordshire,5,10,5,,
Top Nosh Cuisine Ltd,Other catering premises,Unit 7 Childs Court Farm Sucks Lane,Ashampstead Common,Reading,RG8 8QT,5,12 November 2025,West Berkshire,5,5,5,-1.17490435,51.4733162
Tops Pizza,Takeaway/sandwich shop,10 Wokingham Road,Reading,,RG6 1JG,5,27 April 2026,Reading,5,5,5,-0.9482619,51.452713
Tortilla Reading,Restaurant/Cafe/Canteen,4-5 Broad Street,Reading,,RG1 2BH,5,15 June 2026,Reading,5,5,0,-0.9703064,51.4554
Total Hospitality Ltd & The Grazing Board Company,Other catering premises,Unit 12a Butlers Lands Farm,Mortimer,Reading,RG7 2AG,5,02 July 2025,West Berkshire,0,5,0,-1.04281986,51.3590622
Tracy Rawding (Childminder),Caring Premises,Tracy Rawding (Childminder),2 Fir Park,Sorn,KA5 6HY,Pass,09 January 2020,East Ayrshire,,,,-4.29003,55.511364
Tradeteam,Distributors/Transporters,1-3 Gillette Way,Reading,,RG2 0BS,Exempt,N/A,Reading,,,,-0.9715349,51.4308357
Traditional Romanesc,Retailers - other,316 Oxford Road,Reading,,RG30 1AD,5,14 July 2025,Reading,5,5,5,-0.9950324,51.4567375
Traditional Romanesc,Restaurant/Cafe/Canteen,146-148 Chatham Street,Reading,,RG1 7HT,3,24 September 2025,Reading,10,10,10,-0.9834338,51.45621
Travelodge Hotels Ltd Westbound,Hotel/bed & breakfast/guest house,Travelodge,Burghfield,Reading,RG30 3UQ,5,14 October 2024,West Berkshire,0,0,0,-1.03764653,51.42404
Travelodge Reading Central,Hotel/bed & breakfast/guest house,60 Oxford Road,Reading,,RG1 7LT,Exempt,N/A,Reading,,,,-0.978179,51.4554
Travelodge Reading Whitley,Hotel/bed & breakfast/guest house,387 Basingstoke Road,Reading,,RG2 0JE,5,13 August 2025,Reading,0,0,0,-0.9685732,51.42949
Treatz Dessert Parlour,Restaurant/Cafe/Canteen,29 Friar Street,Reading,,RG1 1DP,4,21 July 2026,Reading,5,10,5,-0.973179,51.4569435
Trehan Newsagents,Retailers - other,67 Basingstoke Road,Reading,,RG2 0ER,1,19 June 2026,Reading,10,5,20,-0.9669904,51.439724
Triangle Pharmacy,Retailers - other,90 School Road,Tilehurst,Reading,RG31 5AW,Exempt,N/A,Reading,,,,-1.04127455,51.45826
Trilobite Cafe,Restaurant/Cafe/Canteen,Health & Life Sciences Building,University of Reading,Pepper Lane,RG6 6EX,5,21 October 2025,Wokingham,0,0,0,-0.943555,51.43793
Tropical Brazil,Other catering premises,1 Reading Road,Chineham,Basingstoke,RG24 8LN,1,13 March 2026,Basingstoke and Deane,15,0,20,-1.0643,51.288002
True Food Community Co-op,Retailers - other,61-61a Grove Road,Emmer Green,Reading Berkshire,RG4 8LJ,5,07 November 2024,Reading,0,5,5,-0.9684189,51.4823341
Trunkwell House Ltd,Hotel/bed & breakfast/guest house,Trunkwell House Hotel Beech Hill Road,Beech Hill,Reading,RG7 2AT,5,06 August 2025,West Berkshire,,,,-1.00528347,51.374424
Tuesday Lunch Club at West Reading Salvation Army,Caring Premises,522 Oxford Road,Reading,,RG30 1EG,5,14 October 2025,Reading,0,0,0,-1.0023036,51.4586
Turkish Grill at Milestone Way Precinct,Restaurant/Cafe/Canteen,13 Milestone Way,Caversham,Reading,RG4 8XW,2,22 June 2026,Reading,15,5,10,-0.9619385,51.4829674
Turkish Halal Food Centre,Retailers - supermarkets/hypermarkets,70 Whitley Street,Reading,,RG2 0EQ,3,12 September 2024,Reading,10,10,10,-0.9654963,51.4451065
Turkish Halal Food Centre,Retailers - other,133-135 Oxford Road,Reading,,RG1 7UU,0,22 July 2026,Reading,20,20,20,-0.9819054,51.45481
Turkish Mangal,Restaurant/Cafe/Canteen,228 Northumberland Avenue,Reading,,RG2 7QA,2,28 May 2026,Reading,10,15,10,-0.96277,51.43296
Tutu's Ethiopian Table at Palmer Park Lodge,Restaurant/Cafe/Canteen,Wokingham Road,Reading,,RG6 1LF,5,16 May 2025,Reading,5,0,5,-0.9441405,51.4520454
twalabirmingham,Other catering premises,Flat 10 Readings Court,54 Russell Road,Moseley And Kings Heath,B13 8RF,AwaitingInspection,N/A,Birmingham,,,,-1.90111566,52.447216
Twins News Mart,Retailers - other,65 Watlington Street,Reading,,RG1 4RQ,5,10 November 2025,Reading,0,0,0,-0.96085,51.45258
Tyler International,Retailers - other,Room 241 Green Park 200 Brook Drive,Reading,,RG2 6UB,5,20 January 2026,Reading,5,0,5,-0.9879433,51.42515
Tylers Rest,Pub/bar/nightclub,149 Norcot Road,Tilehurst,Reading,RG30 6BS,4,20 April 2026,Reading,5,10,5,-1.02695179,51.4590836
Tyndale Baptist Church,Other catering premises,2-4 Cressingham Road,Reading,,RG2 7JE,5,28 October 2024,Reading,0,0,5,-0.9489699,51.43381
Tyseley Stores,Retailers - other,Reddings Lane Post Office,126 Reddings Lane,Springfield,B11 3HD,5,25 January 2010,Birmingham,5,5,5,-1.847135,52.4497643
U Save Convenience Store,Retailers - other,,65 Main Street,,FK2 9UJ,Pass,29 October 2024,Falkirk,,,,-3.733083,55.988533
Ufton Court Educational Trust,School/college/university,Ufton Court Green Lane,Ufton Nervet,Reading,RG7 4HD,5,21 October 2024,West Berkshire,0,5,0,-1.10041177,51.396286
UK Halal Meat,Retailers - other,79 Wokingham Road,Reading,,RG6 1LH,2,09 February 2026,Reading,5,15,5,-0.9370568,51.4487648
uKids @ Meadow Park,School/college/university,Meadow Park Academy Norcot Road Tilehurst,Reading,,RG30 6BS,5,10 July 2026,Reading,0,0,5,,
uKids @ St Martins RG6,School/college/university,St Martin's School Pendennis Avenue Caversham,Reading,,RG4 6SS,4,03 December 2025,Reading,5,10,5,,
UNI BAZAAR Ltd,Retailers - other,Reading Students' Union Building,White Knights Campus,Pepper lane,RG6 6EH,4,20 November 2025,Wokingham,10,0,10,,
Unicorn Magic Brew,Mobile caterer,The Oracle,Bridge Street,Reading,RG1 2AQ,4,23 June 2026,Reading,5,5,10,-0.9708313,51.45381
University of Reading,Mobile caterer,University Of Reading,Whiteknights Road,Earley,RG6 6BY,5,09 October 2025,Wokingham,5,0,5,-0.9354083,51.44147
University of Reading,Mobile caterer,University Of Reading,Whiteknights Road,Earley,RG6 6BY,5,20 November 2025,Wokingham,0,0,0,-0.9354083,51.44147
Up The Junction,Pub/bar/nightclub,231 London Road,Reading,,RG1 3NY,5,26 August 2025,Reading,0,0,0,-0.9476549,51.4534531
UP! Café,Restaurant/Cafe/Canteen,Reading University Students' Union,Pepper Lane,Earley,RG6 6EH,4,21 October 2025,Wokingham,10,0,10,-0.9430103,51.440834
Upper Crust at Reading Rail Station Concourse,Takeaway/sandwich shop,Station Approach,Reading,,RG1 1LT,5,31 July 2025,Reading,0,0,0,-0.972663939,51.45874
Urban Baristas,Restaurant/Cafe/Canteen,5 Reading Road,,Henley-On-Thames,RG9 1AB,AwaitingInspection,N/A,South Oxfordshire,,,,-0.9034154,51.53605
Urban Fun,Restaurant/Cafe/Canteen,Broad Street,Reading,,RG1 7QE,5,30 January 2025,Reading,5,0,5,,
V & M Convenience Store,Retailers - other,373 Oxford Road,Reading,,RG30 1HA,5,12 July 2025,Reading,5,5,5,-0.9948248,51.45636
Vantage Pharmacy,Retailers - other,231 Shinfield Road,Reading,,RG2 8HD,Exempt,N/A,Reading,,,,-0.9462792,51.4269524
Vegivores,Restaurant/Cafe/Canteen,41A Church Street,Reading,,RG4 8BA,5,23 March 2026,Reading,5,5,5,-0.9744288,51.4673424
Vending 4 You,Retailers - other,Manor Farm,Manor Farm Road,Shurlock Row,RG10 0PY,AwaitingInspection,N/A,Windsor and Maidenhead,,,,-0.7929183,51.4631653
Veni & Son Food To Fork,Mobile caterer,Woodrows Farm Aldworth Road,Aldworth,Reading,RG8 9RS,5,22 September 2025,West Berkshire,0,5,5,-1.21759331,51.5069275
Venture Outdoor Kindergarten,School/college/university,Fisherman's Reading Room,Hope Cove,,TQ7 3HF,5,11 December 2024,South Hams,0,5,5,-3.858261,50.2416954
Vesuvio Pizzeria,Restaurant/Cafe/Canteen,20 Norcot Road,Tilehurst,Reading,RG30 6BU,5,05 January 2026,Reading,5,5,5,-1.03507233,51.46025
Veteran Wife Bakes,Mobile caterer,c/o Flavour Of Mauritius 143-145 Caversham Rd,Reading,,RG1 8AU,5,06 July 2026,Reading,5,5,0,-0.9759525,51.4628448
Victoria Road Preschool at Tilehurst Village Hall,Caring Premises,17 Victoria Road,Tilehurst,Reading,RG31 5AB,Exempt,N/A,Reading,,,,-1.03897321,51.46093
Victors,Retailers - other,Street Reading Site 009,Leeland Road,West Ealing,W13 9HE,5,06 January 2024,Ealing,5,0,0,-0.32306,51.510128
Viktoria Cake Shop,Retailers - other,423 Oxford Road,Reading,,RG30 1HA,5,01 May 2021,Reading,5,5,5,-0.9967149,51.4568062
Vildra,Distributors/Transporters,9 Greyfriars Road,Reading,,RG1 1NU,Exempt,N/A,Reading,,,,-0.9759526,51.45778
Village Hotel,Restaurant/Cafe/Canteen,Crowne Plaza Reading Richfield Avenue,Reading,,RG1 8BD,5,01 March 2026,Reading,0,0,5,,
Village Tandoori Restaurant,Restaurant/Cafe/Canteen,14 Kidmore End Road,Emmer Green,Reading,RG4 8SD,3,23 March 2025,Reading,10,10,10,-0.9636429,51.48338
Village Wine & Beers,Retailers - other,Milestone Way,Caversham,Reading,RG4 8XW,Exempt,N/A,Reading,,,,,
Vino Vita,Restaurant/Cafe/Canteen,20 Valpy Street,Reading,,RG1 1AR,5,03 May 2026,Reading,5,5,5,-0.9687702,51.45715
Vintage Days Out Ltd,Mobile caterer,Mill Green,Caversham,Reading,RG4 8EX,5,15 July 2024,Reading,5,5,5,,
Vision 4 Youth,Restaurant/Cafe/Canteen,The Tythings,Reading Road,Yateley,GU46 7RP,4,24 February 2026,Hart,0,0,10,-0.836583,51.34281
Viv's Cafe - Goring,Restaurant/Cafe/Canteen,9 The Arcade High Street,Goring,Reading,RG8 9AY,5,29 January 2025,South Oxfordshire,5,5,5,-1.1366421,51.5225
Voco Reading Hotel,Hotel/bed & breakfast/guest house,Shooters Way,Reading,,RG2 0FL,5,25 April 2026,Reading,5,5,5,,
Voyage 1 Limited,Caring Premises,30 Broad Lane,Upper Bucklebury,Reading,RG7 6QJ,5,09 August 2016,West Berkshire,0,0,0,-1.22077286,51.4138222
Voyage Care,Caring Premises,29 Briants Avenue,Caversham,Reading,RG4 5AY,5,23 October 2025,Reading,0,0,0,-0.9591863,51.46658
Voyage Care,Caring Premises,30 Richmond Road,Caversham,Reading,RG4 7PR,5,23 October 2025,Reading,5,0,0,-0.988163,51.477108
Voyage Care,Caring Premises,26 St Barnabas Road,Emmer Green,Reading,RG4 8RA,5,26 March 2025,Reading,0,5,5,-0.9739232,51.4841156
Voyage Care,Caring Premises,Apple Blossom House 34 St Ronans Road,Reading,,RG30 2QE,5,17 July 2025,Reading,0,5,0,-1.01125085,51.4568672
Voyage Care,Caring Premises,2a & 2b Mayfair,Tilehurst,Reading,RG30 4QY,4,12 January 2026,Reading,0,5,10,,
Voyage Care At Oaklands,Caring Premises,Oaklands 5 The Green,Theale,Reading,RG7 5DR,5,25 August 2015,West Berkshire,0,0,0,-1.08587,51.4346428
Wadi Apothecary,Mobile caterer,26 Addington Road,Reading,,RG1 5PX,5,05 May 2026,Reading,5,5,5,-0.9503422,51.4479752
Wagamamas at The Oracle,Restaurant/Cafe/Canteen,Bridge Street,Reading,,RG1 2AG,5,15 October 2025,Reading,5,5,5,,
Waingels at Willow Bank Junior School,School/college/university,,Duffield Rd,Reading,RG5 4PN,4,23 October 2025,Wokingham,0,5,10,,
Waitrose,Retailers - supermarkets/hypermarkets,980 Oxford Road,Tilehurst,Reading,RG30 6WR,5,05 December 2024,Reading,5,5,0,-1.01912117,51.46573
Waitrose,Retailers - supermarkets/hypermarkets,51 Church Street,Caversham,Reading,RG4 8AY,4,14 November 2025,Reading,0,10,5,-0.9736245,51.4672546
Waitrose Ltd,Retailers - supermarkets/hypermarkets,Waitrose Ltd,108/112 Crockhamwell Road,Woodley READING,RG5 3JW,5,18 January 2026,Wokingham,5,5,5,-0.905514,51.4518166
Wan Choi,Takeaway/sandwich shop,611 Oxford Road,Reading,,RG30 1HL,4,23 March 2025,Reading,5,10,5,-1.00553274,51.45904
Warbrook House Heritage Hotel,Hotel/bed & breakfast/guest house,Warbrook House,Reading Road,Eversley,RG27 0PL,5,08 September 2025,Hart,5,5,0,-0.890175,51.3501
Warings Bakery,Mobile caterer,,Basingstoke Road,Spencer Wood,RG7 1AA,4,11 September 2025,Wokingham,10,0,5,-0.973907948,51.39398
Warings Craft Bakers,Retailers - other,80 School Road,Tilehurst,Reading,RG31 5AW,5,07 August 2025,Reading,5,5,5,-1.04098547,51.45832
Warings Craft Bakers,Retailers - other,32d Church Street,Caversham,Reading,RG4 8AU,5,11 September 2025,Reading,5,5,5,-0.974591,51.46781
Warings Craft Bakers,Retailers - other,53 Armour Road,Tilehurst,Reading,RG31 6HA,5,01 August 2025,Reading,5,5,5,-1.03920639,51.4628448
Warings Master Bakers Ltd,Retailers - other,Warings Master Bakers Reading Road,Burghfield Common,Reading,RG7 3BL,5,10 June 2026,West Berkshire,5,5,5,,
Wasing Leisure Ltd,Hotel/bed & breakfast/guest house,The Pump House Wasing Park,Aldermaston,Reading,RG7 4NG,5,28 August 2024,West Berkshire,0,0,0,-1.173895,51.3745575
Water Palace,Takeaway/sandwich shop,Golden Coach 39 Clayhill Road,Burghfield Common,Reading,RG7 3HF,5,15 January 2025,West Berkshire,0,0,0,-1.064952,51.40118
Waterside Day Care,Caring Premises,82 Lyndhurst Road,Tilehurst,Reading,RG30 6UB,5,03 October 2025,Reading,0,5,0,-1.02282989,51.46666
Waterstone's,Retailers - other,89a Broad Street,Reading,,RG1 2AP,Exempt,N/A,Reading,,,,-0.9737627,51.4553032
Wednesday Lunch Club at St Michaels Church,Restaurant/Cafe/Canteen,Routh Lane,Tilehurst,Reading,,5,11 February 2026,Reading,5,5,0,-1.031398,51.4514122
Weller Centre,Other catering premises,110 Amersham Road,Caversham,Reading,RG4 5NA,5,04 June 2026,Reading,5,5,5,-0.9519322,51.4658928
Welly Boot Lodge Day Nursery Limited at Denefield School,Caring Premises,Denefield School Long Lane,Tilehurst,Reading,RG31 6XY,5,10 February 2026,West Berkshire,5,5,0,-1.05502641,51.4711227
Wendy's Restaurant,Restaurant/Cafe/Canteen,1 Station Road,Reading,,RG1 1LG,5,17 April 2026,Reading,5,5,5,-0.9723087,51.456974
Wenzel's the Bakers,Retailers - other,36 Broad Street,Reading,,RG1 2AA,5,01 December 2024,Reading,5,5,5,-0.972384,51.4558144
Wenzels The Bakers,Retailers - other,Unit 2 East Reading Retail Centre,Shepherds Hill,Woodley,RG6 1FE,5,06 February 2026,Wokingham,5,5,0,-0.9209224,51.4598732
Wesley Pantry,Other catering premises,84 Queens Road,Reading,,RG1 4BW,5,20 November 2024,Reading,0,0,0,-0.9618457,51.45341
West Coast Bakes,Retailers - other,80 Roading Campbeltown Argyll And Bute PA28 6LU,,,PA28 6LU,Awaiting Inspection,26 May 2025,Argyll and Bute,,,,-5.61762238,55.42851
West Court,Restaurant/Cafe/Canteen,West Court,Reading Road,Finchampstead,RG40 4AX,5,13 January 2026,Wokingham,5,5,5,-0.8922082,51.3687439
West Reading Store,Retailers - other,202 Oxford Road,Reading,,RG30 1AB,3,06 January 2026,Reading,10,5,10,-0.9908022,51.45602
Westcoast Ltd,Restaurant/Cafe/Canteen,Units A1 - A2 Arrowhead Park Arrowhead Road,Theale,Reading,RG7 4AH,5,28 October 2025,West Berkshire,0,0,0,-1.07064843,51.4336166
Western Elms Nursery,Caring Premises,59 Western Elms Avenue,Reading,,RG30 2AL,5,30 September 2025,Reading,0,5,5,-0.9926808,51.452404
Westholme Stores,Retailers - other,24-26 Wallingford Road,Goring,Reading,RG8 0BG,5,13 June 2022,South Oxfordshire,5,5,5,-1.13249743,51.527874
Westwood Farm Pre-School,Caring Premises,Downs Way Community Centre Downs Way,Tilehurst,Reading,RG31 6SL,5,02 December 2024,West Berkshire,0,0,0,-1.049299,51.46969
"WH Smith At Moto Hospitality, Eastbound",Retailers - other,Whsmith,Burghfield,Reading,RG30 3UQ,Exempt,N/A,West Berkshire,,,,-1.03508854,51.42599
WH Smith at Reading Rail Station Concourse,Retailers - other,Station Approach,Reading,,RG1 1LY,5,13 November 2025,Reading,0,5,0,-0.972663939,51.45874
Whistlestop Level 2 Main Entrance at Royal Berkshire Hospital,Restaurant/Cafe/Canteen,London Road,Reading,,RG1 5AN,5,30 October 2024,Reading,0,0,0,-0.9561154,51.4519424
Whitchurch Primary School Wraparound Care,Caring Premises,Whitchurch Primary School Eastfield Lane,Whitchurch On Thames,Reading,RG8 7EJ,5,26 January 2023,South Oxfordshire,0,0,0,-1.07882869,51.4910545
White Lion,Pub/bar/nightclub,The White Lion,Reading Road,Yateley,GU46 7RX,5,18 March 2025,Hart,0,5,5,-0.8295809,51.34266
White Swan & Reading Street Burgers,Pub/bar/nightclub,17 Reading Street,Broadstairs,Kent,CT10 3AZ,5,27 March 2026,Thanet,0,5,5,1.431551,51.37431
Whitley Community Development Association,Other catering premises,252-260 Northumberland Avenue,Reading,,RG2 7QA,5,29 May 2025,Reading,0,0,5,-0.9630604,51.43221
Whitley Convenience Store,Retailers - other,177-179 Whitley Wood Lane,Reading,,RG2 8PW,4,03 February 2026,Reading,5,5,10,-0.9638045,51.4170837
Whitley Food & Wine Store,Retailers - other,23-25 Whitley Street,Reading,,RG2 0EG,0,06 July 2026,Reading,20,20,20,-0.9654576,51.44579
Whitley Social Club & Cafe,Other catering premises,252-260 Northumberland Avenue,Reading,Berkshire,RG2 7QA,4,29 May 2025,Reading,0,10,0,-0.9630604,51.43221
Whitley Wood Pantry,Other catering premises,Swallowfield Drive,Reading,,RG2 8UT,5,30 July 2024,Reading,0,0,5,-0.9670971,51.414814
"Whittard of Chelsea, The Oracle",Retailers - other,Bridge Street,Reading,,RG1 2AH,Exempt,N/A,Reading,,,,,
Whittington's Tea Barge,Takeaway/sandwich shop,George Street,Caversham,Reading,RG4 8DH,5,27 April 2025,Reading,5,5,5,,
"WHSmith At Moto Reading Services, Westbound",Restaurant/Cafe/Canteen,Motorway Service Area,Burghfield,Reading,RG30 3UQ,5,14 October 2024,West Berkshire,0,5,5,-1.03690481,51.423748
WHSmith Platform 8&9,Retailers - other,Station Approach,Reading,,,5,13 November 2025,Reading,0,0,0,,
Wickes Building Supplies,Retailers - other,709-731 Oxford Road,Reading,Berkshire,RG30 1PR,Exempt,N/A,Reading,,,,,
Widmore Park Ltd,Restaurant/Cafe/Canteen,Widmore Pare Blounts Court Road,Sonning Common,Reading,RG4 9RS,AwaitingInspection,N/A,South Oxfordshire,,,,,
Wigwam Day Nursery,Caring Premises,22 Fatherson Road,Reading,,RG1 4PL,5,14 February 2025,Reading,0,5,5,-0.9547964,51.4526749
Wild City Collective,Caring Premises,Westwood Farm Infant School Fullbrook Crescent,Tilehurst,Reading,RG31 6RY,AwaitingInspection,N/A,West Berkshire,,,,-1.04322,51.4728
Wild Kitchen,Restaurant/Cafe/Canteen,Beale Park,Lower Basildon,Reading,RG8 9NW,5,16 January 2025,West Berkshire,5,5,5,,
Willis & Short Newsagent,Retailers - other,341 Oxford Road,Reading,,RG30 1AY,4,04 May 2024,Reading,5,0,10,-0.9936781,51.4561424
Willow House,Caring Premises,2 Reading Road,Farnborough,Hampshire,GU14 6NA,4,13 June 2025,Rushmoor,5,5,10,-0.752177,51.28032
Willowdene Before And After School Club,School/college/university,Christ Church,Reading Road,Chineham,RG24 8LT,5,23 May 2025,Basingstoke and Deane,0,0,0,-1.057455,51.2896
Willowdene Nursery School,Caring Premises,42 Reading Road,Chineham,Basingstoke,RG24 8LT,5,10 April 2026,Basingstoke and Deane,0,5,5,-1.057456,51.2896
Wilson's Wonders Bakery,Mobile caterer,Village Hall,Whistlers Lane,Silchester,RG7 2NE,5,06 December 2024,Basingstoke and Deane,5,0,5,-1.099203,51.3539963
Wings Fish Bar,Takeaway/sandwich shop,65 Gosbrook Road,Caversham,Reading,RG4 8BN,3,23 June 2025,Reading,10,10,10,-0.9695985,51.4664
Wingstop,Other catering premises,Unit 24 Upper Level,Oracle Centre,Reading,RG1 2AG,5,06 February 2025,Reading,5,5,0,-0.9717455,51.45348
Wingstop UK,Restaurant/Cafe/Canteen,Unit 7 Reading Gate Retail Park,Reading,,RG2 0QG,5,24 March 2026,Reading,0,0,5,-0.9804726,51.4241257
Winnersh Chinese Take Away,Takeaway/sandwich shop,,418a Reading Road,Winnersh,RG41 5EP,4,10 June 2026,Wokingham,5,10,5,-0.879239,51.4293327
Wise Owls Nursery At Foxley,School/college/university,Foxley P N E U School,Manor Drive,Shurlock Row,RG10 0PX,5,28 April 2025,Windsor and Maidenhead,5,5,5,,
Wishing Well,Pub/bar/nightclub,280 Oxford Road,Reading,,RG30 1AD,5,17 July 2025,Reading,5,0,0,-0.9938283,51.4565125
WithBrand,Distributors/Transporters,450 Brook Green Drive,Reading,,RG2 6UU,Exempt,N/A,Reading,,,,-0.9921633,51.4222679
Wok on Wheels,Takeaway/sandwich shop,59 Basingstoke Road,Reading,,RG2 0ER,5,05 September 2025,Reading,5,5,5,-0.9666684,51.4399643
Wok U Like at Meadway Precinct,Takeaway/sandwich shop,Honey End Lane,Reading,,RG30 4AB,4,04 September 2025,Reading,10,5,5,,
Wokingham Assoc For Elderly,Caring Premises,,40 Reading Road,Wokingham,RG41 1EH,5,30 September 2025,Wokingham,0,5,0,-0.842475,51.4138527
Wolseley Street Bakery,Restaurant/Cafe/Canteen,Unit 12 Robert Cort Industrial Estate,Britten Road,Reading,RG2 0AU,5,25 November 2024,Reading,0,0,0,-0.9705233,51.4425621
Wonder Wok,Takeaway/sandwich shop,115 Wokingham Road,Reading,,RG6 1LH,2,24 March 2026,Reading,15,5,10,-0.9363058,51.44826
Woodcote After School Club,School/college/university,Woodcote Primary School Reading Road,Woodcote,Reading,RG8 0QY,5,30 April 2025,South Oxfordshire,0,0,0,,
Woodcote Pre-School Group,Caring Premises,Woodcote Village Hall Reading Road,,Woodcote,RG8 0QY,5,14 January 2026,South Oxfordshire,0,0,0,-1.07127416,51.5339165
Woodcote Primary School Breakfast Club,Caring Premises,Woodcote County Primary School Reading Road,Woodcote,Reading,RG8 0QY,AwaitingInspection,N/A,South Oxfordshire,,,,,
Woodcote Way News,Retailers - other,30 Woodcote Way,Caversham,Reading,RG4 7HJ,5,18 August 2025,Reading,0,5,0,-0.993566,51.4795837
Woodlands Residential Home,Caring Premises,174 - 178 Reading Road South,Fleet,,GU52 6AE,5,11 March 2025,Hart,0,0,0,-0.82906,51.26443
Woodley Gardens Day Nursery,Caring Premises,,71 Reading Road,Woodley,RG5 3AE,4,04 September 2025,Wokingham,0,0,10,-0.911673,51.4572868
Work House Coffee Company,Restaurant/Cafe/Canteen,335 Oxford Road,Reading,,RG30 1AY,4,24 April 2025,Reading,5,5,10,-0.9935064,51.4560966
World Turned Upside Down,Pub/bar/nightclub,387 Basingstoke Road,Reading,,RG2 0JE,5,25 April 2025,Reading,5,5,5,-0.9685732,51.42949
Wortley Mens Club,Pub/bar/nightclub,Wortley Working Mens Club,Reading Room Lane,,S35 4DB,5,25 September 2025,Barnsley,0,0,0,-1.487568,53.4778175
Woven Nursery & Preschool Henley,Caring Premises,46 Reading Road,Henley-On-Thames,Oxon,RG9 1AG,3,09 October 2024,South Oxfordshire,10,10,10,-0.9033827,51.5344734
Wraparound Care Club @ The Ridgeway Primary School,Restaurant/Cafe/Canteen,Hillbrow,Reading,,RG2 8JD,5,12 June 2024,Reading,5,5,5,,
Wycliffe Baptist Church,Restaurant/Cafe/Canteen,233 Kings Road,Reading,,RG1 4LS,4,07 May 2026,Reading,5,5,10,-0.9497317,51.45326
Y M C A,Hotel/bed & breakfast/guest house,34 Parkside Road,Reading,,RG30 2DD,5,18 October 2024,Reading,0,5,5,-1.00012171,51.4510727
Yaadgaar Sweets and Bakers,Restaurant/Cafe/Canteen,465 Oxford Road,Reading,,RG30 1HF,4,09 July 2026,Reading,5,10,5,-0.9986192,51.4572639
Yard Style Takeaway,Takeaway/sandwich shop,230b Shinfield Road,Reading,,RG2 8EX,2,20 November 2025,Reading,15,15,10,-0.9462429,51.4285355
Yardleys School,School/college/university,Reddings Lane,Springfield,Birmingham,B11 3EY,5,08 September 2025,Birmingham,5,5,0,-1.844838,52.4503365
Yateley Bowling Club,Other catering premises,Recreation Ground,Reading Road,Yateley,GU46 7RP,5,08 April 2026,Hart,0,5,0,-0.836583,51.3428078
Yateley Manor School London Limited,School/college/university,Yateley Manor Preparatory School,51 Reading Road,Yateley,GU46 7UQ,5,10 December 2025,Hart,5,5,5,-0.8253847,51.34169
Yateley Pharmacy,Retailers - other,111 Reading Road,Yateley,Hampshire,GU46 7LR,Exempt,N/A,Hart,,,,-0.8285079,51.3419456
Yateley Spice,Takeaway/sandwich shop,66B Reading Road,Yateley,Hampshire,GU46 7UH,5,03 July 2025,Hart,5,5,5,-0.820746,51.34175
Yateley's Best Grill,Takeaway/sandwich shop,66A Reading Road,Yateley,Hampshire,GU46 7UH,5,24 February 2026,Hart,0,5,0,-0.820745,51.34175
YayLo,Other catering premises,26 Cross Street,Reading,,RG1 1SN,4,23 May 2025,Reading,5,10,5,-0.9715891,51.45596
Yellow River,Takeaway/sandwich shop,20 Reading Road South,Fleet,Hampshire,GU52 7QL,3,11 March 2026,Hart,5,10,10,-0.844906,51.2778625
Yew Tree Lodge Care UK Mental Health,Caring Premises,17-19 Redlands Road,Reading,,RG1 5HP,5,15 March 2018,Reading,5,0,5,-0.9553566,51.4441528
YingYao Supermarket,Retailers - supermarkets/hypermarkets,77-79 Kings Road,Reading,,RG1 3DD,4,23 September 2025,Reading,10,5,5,-0.9640253,51.45503
Yo Momoz,Takeaway/sandwich shop,83-85 Wokingham Road,Reading,,RG6 1LH,2,15 July 2026,Reading,10,15,10,-0.9369282,51.4487267
Yo Sushi,Takeaway/sandwich shop,Portman Road,Reading,,RG30 1AW,5,21 August 2025,Reading,0,5,0,-0.9929584,51.4597855
YO! Henley-On-Thames Tesco,Takeaway/sandwich shop,Tesco Stores 359 Reading Road,,Henley-On-Thames,RG9 4HA,4,17 September 2025,South Oxfordshire,5,5,10,-0.8935832,51.5273
Yo! Sushi,Retailers - other,,Tesco Stores Ltd,Colliery Road,FK2 9RA,Pass,10 October 2024,Falkirk,,,,-3.73787,55.98445
Yo! To Go Reading,Takeaway/sandwich shop,Napier Road,Reading,,RG1 8DF,5,18 December 2025,Reading,0,5,5,-0.956581831,51.4597168
Yo! To Go!,Takeaway/sandwich shop,Portman Road,Reading,,RG30 1AW,4,13 July 2024,Reading,5,5,10,-0.9929584,51.4597855
Yogoo! Natural Frozen Yogurt,Takeaway/sandwich shop,Bridge Street,Reading,,RG1 2AG,5,09 April 2025,Reading,5,5,5,,
You Me Sushi,Restaurant/Cafe/Canteen,150 Friar Street,Reading,,RG1 1HE,4,05 December 2025,Reading,5,5,10,-0.9718342,51.45658
Your Local Convenience Store,Retailers - other,151 Caversham Road,Reading,,RG1 8AU,3,21 April 2026,Reading,10,10,10,-0.9760813,51.4629669
Your Local Pantry,Other catering premises,St Edmunds Church,Reddings Lane,Springfield,B11 3DD,5,07 March 2022,Birmingham,5,0,0,-1.84692872,52.44818
Yuvraj's Mini Market,Retailers - other,9 Manchester Road,Reading,,RG1 3QD,4,08 June 2024,Reading,0,10,5,-0.9438067,51.45495
YY Restaurant,Restaurant/Cafe/Canteen,77-79 Kings Road,Reading,,RG1 3DD,3,08 October 2025,Reading,10,5,10,-0.9640253,51.45503
Zaal Fine Dining,Restaurant/Cafe/Canteen,Zaal,24 Reading Road South,Fleet,GU52 7QL,5,23 March 2026,Hart,0,5,5,-0.8446223,51.27773
Zabka Reading,Retailers - other,541 Oxford Road,Reading,,RG30 1HJ,4,17 May 2025,Reading,5,10,5,-1.00119913,51.4577637
Zaika The Paan Shop,Takeaway/sandwich shop,431 Oxford Road,Reading,,RG30 1HD,4,05 November 2024,Reading,10,5,5,-0.9971013,51.45691
Zam Zam Halal Superstore,Retailers - other,162-164 Oxford Road,Reading,,RG1 7PJ,4,05 August 2025,Reading,5,10,5,-0.9883468,51.4557571
Zambrero,Restaurant/Cafe/Canteen,31 Queen Victoria Street,Reading,,RG1 1SY,5,25 October 2024,Reading,0,5,5,-0.9722672,51.4558868
Zarcat,Mobile caterer,63 Tintern Crescent,Reading,,RG1 6HB,5,23 June 2024,Reading,5,5,5,-0.9850428,51.4444237
Zero Degrees,Restaurant/Cafe/Canteen,9 Bridge Street,Reading,,RG1 2LR,4,29 June 2025,Reading,5,10,5,-0.9732201,51.4538269
Zeus Greek Gyros,Restaurant/Cafe/Canteen,2 Bridge Street,Reading,,RG1 2LU,5,10 July 2026,Reading,5,5,5,,
Zi Tore,Restaurant/Cafe/Canteen,7 Union Street,Reading,,RG1 1EU,5,21 February 2025,Reading,5,5,5,-0.9735247,51.45629
Zia Lucia,Restaurant/Cafe/Canteen,65 St Marys Butts,Reading,,,5,06 April 2026,Reading,5,5,5,-0.9748266,51.4551125
Zizzi at The Oracle,Restaurant/Cafe/Canteen,Bridge Street,Reading,,RG1 2AG,5,22 November 2025,Reading,5,5,5,,
Zorbas Shisha and Kebabs,Takeaway/sandwich shop,16-17 Harris Arcade,Reading,,RG1 1DN,4,25 November 2025,Reading,5,5,10,-0.9718479,51.4572563
Zotta Deli,Restaurant/Cafe/Canteen,279 Basingstoke Road,Reading,,RG2 0JA,5,15 December 2024,Reading,5,5,5,-0.9680255,51.4333763
Zyka,Restaurant/Cafe/Canteen,6 Park Lane,Tilehurst,Reading,RG31 5DL,4,30 October 2025,Reading,5,5,10,-1.04443145,51.4566574
